17572
10283
17026
17027
8638
18743
18742
13314
22370
5073
638
10699
17617
23202
14254
10248
6457
6456
20175
20174
8732
8731
17128
22870
24396
17110
17107
17106
9584
2084
2085
25466
25467
6319
14879
14882
14883
5866
5867
2053
3003
3002
17927
10210
21862
21863
24867
24868
11144
674
675
18863
6173
6174
6175
4368
4365
4364
2000
11683
13412
22174
24960
21899
19270
19269
17236
10854
1742
1744
1745
16872
12015
10512
10502
10499
10498
20331
9536
16632
16633
19242
13775
13774
5927
25282
25288
5445
3380
3379
21951
21950
1750
23691
13603
10532
10529
10528
19812
1096
21552
16945
1371
1374
1375
23319
23320
1513
23257
13846
13845
13828
13827
10781
19866
10234
8548
20092
20091
12690
12689
17170
2657
15574
15575
18757
7237
7236
18012
19358
21252
4761
4760
8259
8258
22872
22871
4438
17383
17382
4253
4254
24005
21804
4811
18102
23706
19075
9998
9999
24037
3364
21840
21837
21836
17954
15607
843
846
847
12300
12301
11576
21203
15208
15209
2011
3124
20651
7451
23342
2318
2319
16921
20564
11358
11357
17376
11166
19759
6301
6304
6305
17073
11997
11996
11000
10997
10996
13548
1091
1092
19862
19863
2861
17558
17557
22339
14148
998
999
5034
13340
13339
22288
19749
6350
6351
16978
11948
11945
11944
17535
12855
8305
8304
11407
1604
1605
14968
14969
11042
17074
9111
9112
18628
18629
21258
3598
13484
13481
13480
11045
3336
3335
20502
11825
9446
9460
9462
9463
25299
3856
16761
9785
9788
9789
14577
7119
4325
4315
4313
4312
20663
9819
16871
7701
9253
9243
9241
9240
2822
2482
13835
9922
9923
2021
3325
18083
11898
20520
554
555
16918
16919
5638
9533
15469
15472
15473
9222
9223
14092
14746
19011
19010
22422
22421
19461
22688
946
15180
15190
15192
15193
2856
12612
230
232
233
24782
14743
7227
7226
22670
22669
11960
11957
11956
19465
12791
23097
23096
4243
1777
12400
12402
12403
5650
5651
10915
25479
7791
7790
9387
9385
9384
23100
9346
19757
2502
2503
15845
15844
19770
19769
17305
17304
16861
19375
25411
18292
21351
25183
16655
13064
13061
13060
8034
4148
4149
25143
6945
14578
14580
14581
8412
17479
12508
12510
12511
8878
5985
6087
8501
21693
6150
11544
11545
16228
7519
23346
23345
17212
11196
2158
2159
16984
19601
19600
11319
19892
19893
22030
15501
15500
17197
17196
2176
15729
23295
15586
22653
17522
12813
12812
8297
8295
8294
2843
11227
4550
4552
4553
21623
22021
13015
3702
3704
3705
6745
6746
16682
5131
5130
17589
5636
520
23681
9990
23581
3741
7230
7229
17561
17560
11248
11249
24831
7513
7512
19272
12535
1532
1538
1540
1541
20689
1631
3403
3402
8269
8268
17384
5485
5486
24004
8623
15406
24071
24072
5159
754
755
12329
9071
9074
9075
23180
23181
25291
25292
25284
25285
25286
25290
6151
17815
4437
4436
2304
2305
5096
5097
2498
2499
7003
7002
16332
2394
5782
5783
1841
12190
12192
12193
11440
11441
1670
21474
21475
2671
6973
6972
16668
20817
7293
7294
2064
3624
21770
1826
1827
24866
11040
16296
16297
22073
19768
18025
13156
13157
1850
1851
15867
6255
15868
15874
15876
15877
3050
3056
3061
16017
7888
15604
15605
1811
1812
14287
19542
1611
3363
3362
8648
8645
8644
17961
11605
646
647
7001
5451
5449
5448
20316
7231
7421
7419
7418
3483
4905
18443
2844
17141
17140
9578
9579
14142
18709
21117
11747
11750
11751
22377
13542
18697
514
515
23402
10431
23215
23216
5760
2335
6948
20190
10320
20791
1357
7261
7267
7270
7271
1471
5588
2496
11339
11338
17680
7881
7880
16691
11469
17331
17330
22103
3577
3576
7897
7896
20173
1244
1245
5778
5779
4906
12912
12913
21724
18848
6083
6084
6085
3491
4913
18451
2880
20318
20317
4498
18400
15799
15798
8683
13437
13436
16340
16341
23935
18589
15989
15992
15993
25368
15693
13199
13185
13183
13182
18076
13291
20277
20276
14081
24271
24272
8485
6095
13418
10288
10289
24828
24829
15375
15374
4840
4839
1840
15766
10676
10673
10672
17851
9628
9629
19840
15296
25371
14245
10372
10374
10375
6569
15599
11377
17124
22311
14066
5173
5817
8957
8965
22490
18590
6625
6628
6629
25346
25347
5004
23035
18208
21831
2982
2979
2978
14128
10231
3931
13693
13691
13690
14649
14647
14646
19182
16977
21101
21102
5272
5301
16587
16586
7907
7906
16333
16334
24628
19172
23946
20412
8903
16113
16111
16110
4511
11966
11965
20549
14253
10384
10385
18921
17804
7356
7357
23568
3248
20790
16188
19168
676
214
20693
14655
20657
17072
18262
21318
21319
16441
21957
18651
573
1137
1140
1141
18817
15962
388
389
19524
19525
6594
16857
18285
15239
15242
15243
18273
9948
2701
4773
9541
13540
13539
4657
1394
1395
5711
9820
9822
9823
16900
7604
17537
17536
13757
6186
6191
16536
12054
22172
22173
1774
1775
14308
22984
8262
8261
17914
17913
4693
537
25316
7539
678
679
16474
24169
1082
1084
1085
5245
16941
20511
12993
22759
20253
23052
1156
23510
15942
11244
11245
19914
7107
7106
19458
3736
19084
19083
17757
23420
1106
3418
13860
861
7505
7503
7502
9438
9437
2764
23223
12177
23741
24911
9122
9124
9125
13855
14706
17288
17285
17284
16491
1204
1205
5767
5770
5771
2854
464
465
14172
740
24765
24766
11310
1612
1614
1615
5267
866
867
7011
7010
16368
1136
1138
1139
18787
15967
8004
8003
4230
4231
2218
2219
24654
22145
22146
19556
19557
22354
13053
13052
16218
10349
14400
14410
14412
14413
8827
15532
4491
4490
19739
19738
13941
13940
10749
10748
13733
13732
8557
15851
15850
8351
1383
1386
1387
25504
1180
23582
23583
16007
7453
7452
11268
11269
16318
22697
10381
10382
8561
17791
7830
7832
7833
1462
1463
12532
12533
2454
2456
2457
15835
3697
12540
12542
12543
21720
14929
23260
23261
2448
22582
22583
14776
17335
17334
11854
10890
24207
654
655
12280
12282
12283
11116
15367
603
606
607
12335
12336
10935
25363
18641
1023
1026
1027
10073
10076
10077
9008
9009
1450
7284
7289
1951
3792
6681
6684
6685
25247
6239
25547
7574
4286
4287
2386
2387
4936
17710
10331
7751
7754
7755
1522
1523
5368
19197
22763
7195
7194
19921
19919
19918
8752
15235
15236
2731
4691
18815
18814
12896
12897
5421
24300
20612
6900
6899
6566
6565
16166
7839
7840
2278
2279
5733
18940
18941
16654
17223
17767
17766
14070
1873
11831
11834
11835
11682
13047
13046
18618
18617
17571
10456
10457
14549
14552
14553
25167
21025
12210
12212
12213
11086
11087
13995
15215
15218
15219
2257
3106
17055
6469
15677
15663
15661
15660
6409
6395
6393
6392
16203
6298
20051
20052
5389
7192
7189
7188
17909
17908
11250
24961
7051
7050
10766
4763
6935
6933
6932
16822
24592
5469
1208
1209
5150
5151
21228
19002
17093
17092
13795
2885
54
45
46
47
48
8030
22054
20926
20928
20929
20844
20981
9682
9683
20450
613
14379
14380
10966
2636
2637
5387
5386
8361
15297
25523
3872
20097
20100
20101
25337
20090
7849
23210
23211
5723
21772
21773
16323
12746
12745
20499
15012
23818
23820
23821
12273
11258
11259
24434
24435
13729
13728
4692
8845
2396
2397
5065
19585
19583
19582
11369
19711
23102
4168
23878
23880
23881
5237
15385
15384
21505
21504
19940
7702
11905
9490
9492
9493
20348
20349
17049
7423
7422
6013
8077
18829
5926
25048
25090
5442
22517
22515
22514
19590
19589
22293
19727
21073
18671
840
19299
19300
14067
18696
23950
23951
5363
5364
8908
15172
23077
2468
20177
6288
20614
20615
10054
10055
23338
1521
3271
3274
3275
11393
11394
14601
8239
8238
17247
18345
9718
9719
21639
21640
1810
14213
19508
13168
14672
14669
14668
8405
8404
7137
7136
23349
14336
21036
16406
21930
1381
15183
15197
15200
15201
1321
3531
25459
19422
1557
1560
1561
25434
25435
16315
5585
13048
4068
4065
4064
17910
22164
16512
21830
18477
18476
16152
22032
22033
1461
3276
3277
19485
19486
2531
6940
6939
23022
1147
20902
16046
7435
7434
18657
18655
18654
23173
10171
25476
25477
8240
10778
12996
8510
8511
8108
17770
4461
4460
21979
21978
16146
20461
24916
19593
19592
11342
11341
19804
1088
1089
18783
13279
10491
3913
3911
3910
23394
23393
10740
20558
24441
12623
12622
21429
21427
21426
20266
5484
20724
21502
16468
16467
7912
23040
18252
23600
511
512
22703
2832
6040
8104
18856
6124
8084
24520
24521
18620
2705
19438
22542
22541
19106
22889
10800
24748
14732
14729
14728
8416
118
25320
11967
20662
12799
7401
7391
7389
7388
7041
7031
7029
7028
9411
13109
6182
6192
6194
6195
16842
12011
23114
23113
13716
17995
15054
15055
25420
16940
21002
21003
24693
11606
11607
16795
7812
7658
5969
20883
20889
21408
3625
3626
18530
18529
21959
11826
11827
10847
10850
10851
25329
15464
15465
5104
5105
2556
21380
13284
13281
13280
2777
6103
23147
7743
7742
1838
10586
22537
22535
22534
8354
22813
434
436
437
12304
9963
18429
3589
9511
9512
20938
20939
18860
6146
6147
6148
9748
9749
4942
4944
4945
23695
10797
14963
14966
14967
10815
15356
11422
11423
13783
9386
9383
9382
18077
9600
142
144
145
16515
16516
12118
17502
20600
10267
3130
3132
3133
22952
8009
4203
4204
21170
21171
24969
11150
12385
12386
23603
6694
1882
1883
2234
2235
25001
25002
1246
24190
24191
3484
11842
11843
11500
11501
14140
14139
4652
21112
21113
24338
24339
21128
13578
13579
11516
13400
13399
18170
18171
8756
10835
14325
1712
1714
1715
20498
1401
3231
3234
3235
11688
11689
14545
21785
15549
4327
4321
4319
4318
23499
7629
20320
21498
18376
15786
20489
2613
4009
4007
4006
23477
4403
373
25426
25427
6563
14971
14972
11090
18398
10565
10564
14048
14045
14044
8012
22922
7816
23939
23942
23943
11943
11937
11935
11406
14464
14465
22027
22028
16365
4389
4387
4386
23152
18666
21224
16392
10646
10643
10642
13545
19097
4165
25367
6924
19909
7562
11173
11172
13764
8524
8525
16924
22654
10682
10681
19802
21060
15250
15251
11590
11591
8680
8681
23961
3549
3550
24631
14450
14451
24386
15531
18662
18661
17812
17811
4503
12968
4568
4569
25145
12228
19214
19216
19217
23579
10370
1535
1545
1548
1549
23745
1564
15178
15184
15186
15187
1256
3802
16500
7571
21479
21480
1773
25465
19939
7233
7232
2369
18837
5982
5983
5984
6118
17738
21909
11869
11870
24581
21748
20088
21711
14854
14856
14857
21621
229
23749
14750
21797
12915
23608
20104
3520
3522
3523
16043
16044
8164
22806
11088
22480
20756
8575
219
222
223
22716
14755
19070
20940
24853
20565
10982
16558
19076
9272
9269
9268
3476
4898
18436
2787
2666
2667
12299
10183
2737
2738
5035
9646
12695
15561
15562
1238
1239
21632
15984
15985
8345
4193
185
195
198
199
14228
14652
20335
15225
2411
19714
21924
21923
2767
6088
8502
21694
6152
8484
24562
5069
794
795
19451
17634
1889
21300
13528
10081
10082
24380
24381
1457
3230
3232
3233
11436
11437
14529
10153
10156
10157
14603
14604
8374
9370
19676
19677
24289
8089
6169
3730
17889
11902
11903
11191
11192
18174
18175
17085
7586
18647
18648
2389
4775
4774
13343
13342
11326
5076
17737
17736
8736
11766
25310
12980
576
24740
24741
14795
14794
17430
17084
1200
20750
20751
16036
19063
10223
23986
18802
18803
2324
15004
15005
19470
15046
20360
20361
12332
3653
5305
21283
2878
23079
23078
16376
491
492
19871
18714
14112
4408
4405
4404
17941
4465
15099
15097
15096
5143
597
9712
9714
9715
5661
5662
1933
9917
9920
9921
1981
3459
9542
9544
9545
13862
22865
24183
1859
6951
6950
16802
7802
9336
9333
9332
2776
21226
21227
12264
24500
24501
18326
16552
16553
10942
10943
22034
1937
5026
5027
11624
16213
16214
24377
20135
4375
23191
9534
9535
25000
19237
13012
13013
24788
10475
18915
18914
16864
9188
9189
13738
13739
5704
14866
14868
14869
24236
701
13110
13111
14777
6851
6849
6848
23065
23064
1757
15328
15330
15331
23645
15135
15134
17987
15322
4322
4308
17696
11604
16551
9809
9812
9813
16569
7721
20242
13254
22080
22077
22076
17893
9331
12495
20901
3733
20269
11839
11840
24636
6485
15678
15668
15665
15664
7040
7030
7027
7026
5194
13278
17468
17465
17464
20388
10641
11754
23518
13536
19391
24814
24815
19163
17250
13275
9252
9242
9239
9238
20336
9311
13141
13144
13145
6352
24942
21889
21888
10804
22564
24143
6633
6634
22566
22567
2512
15686
15683
15682
11710
11716
11718
11719
11082
6425
18093
7641
2732
2733
4976
24532
24533
14564
14565
8343
9317
9315
9314
2840
20816
21921
2603
2604
21617
898
10557
10555
10554
14186
14185
7979
23264
12658
20205
20206
1281
4595
4598
4599
5846
8989
14003
3711
3712
24595
14467
14468
24375
24376
16348
4314
4311
4310
20346
14394
9641
13395
13393
13392
11411
17616
21188
9964
9965
20387
3748
10875
13439
23273
508
509
22660
500
20849
10191
25361
25362
5033
6856
6855
17150
17147
17146
1985
15454
15455
24656
24657
10885
10886
24240
16429
7778
5951
25507
25513
18591
3877
3878
3879
15162
15159
15158
21508
17764
19725
19724
1071
3420
3419
14130
14129
10720
19679
309
312
313
11118
6458
20635
20634
16596
16595
7917
20208
21094
18562
24756
8128
8129
16614
24163
24164
21172
24743
22771
7530
7529
13918
10214
24146
16430
16431
8764
19469
12406
12407
21628
21629
6738
22962
7573
11810
11812
11813
11048
11049
24976
9057
4095
4101
4104
4105
2071
6929
15427
2564
2566
2567
5222
16070
21884
7734
7731
7730
17947
7211
11579
11582
11583
4091
13747
13746
17164
18110
18111
16606
16607
24497
24498
23016
7258
16650
16649
17123
17122
22128
15354
15355
11147
11148
13779
3015
3013
3012
19789
2910
6157
17447
19255
3375
3373
3372
6050
8464
21656
5893
3499
3609
3608
7948
13826
10383
8788
17800
7758
2063
4797
4796
2244
2245
5042
22943
7684
4170
4171
2098
2100
2101
20863
21004
24768
9134
9135
13993
13994
19562
19563
11494
11495
19821
3510
3509
14125
14124
10834
5892
3487
19838
19837
15116
15115
17111
17109
17108
9615
12688
4810
4809
1914
24152
15969
15971
20358
24429
23286
18831
18832
18833
5943
5944
5945
11715
11729
11732
11733
2928
13530
9890
25501
7793
19254
19253
17211
17210
9607
13537
11554
11555
22741
7728
19456
17392
19257
19256
14222
18148
24460
24461
18922
16401
16400
19001
19000
4845
4844
13379
2923
17940
11822
11823
11183
11186
11187
25263
21020
14276
14277
10932
10933
16784
10219
24808
24810
24811
8411
17094
13859
17475
23422
6210
6211
20648
11998
19428
19425
19424
13546
18241
21390
13490
13489
19955
19956
22844
22845
19538
5475
778
10634
22551
7485
7483
7482
20230
13274
22081
22079
22078
20259
22090
19885
6371
8777
10092
10094
10095
8448
8449
14038
20046
23928
23929
5433
16436
750
751
2879
44
7864
7861
7860
16490
9094
9095
10078
10079
22035
18293
4791
4790
18362
3116
3117
20183
7498
5236
5235
17688
10411
23436
23437
9006
15165
15164
21563
2473
23469
7708
21106
21108
21109
20831
9728
9729
5536
5538
5539
8456
8457
2045
7093
7092
17900
12997
21696
21698
21699
16527
12047
12046
19498
14470
14471
8884
8886
8887
16503
13086
1877
4766
22816
24571
13160
13161
14806
17442
15651
15652
1250
21392
21393
16057
16058
21980
17784
20462
15533
15534
24669
9747
3052
3062
3064
3065
16042
7823
4263
2199
2202
2203
25280
1191
4515
4521
4524
4525
20914
4026
21028
19954
15202
15204
15205
1916
15293
11578
11580
11581
4062
2656
11355
14255
14256
10884
23585
20107
583
586
587
2927
6178
16994
9123
9126
9127
14173
14174
25003
19399
8727
8728
1518
1519
5186
17938
17937
14058
18911
18910
16151
16150
8675
2686
21346
19198
15305
15304
5141
6487
6486
16142
16139
16138
8392
15413
15414
5758
21043
6917
6916
20694
721
9733
9736
9737
5841
5842
2197
12167
12170
12171
3659
5311
21289
2906
6153
15551
9058
9060
9061
20782
16085
16084
19178
11901
23352
548
549
23032
4283
4284
21183
6905
16974
16975
1280
18702
18703
2513
12186
25309
16944
18206
18207
12292
12293
11636
1641
1642
21603
944
945
24879
24882
24883
1286
3097
16875
10166
23024
23025
8324
9319
9318
23247
23246
7993
11758
11760
11761
24599
12671
3217
23744
14513
6604
6618
6620
6621
25295
6898
24732
24733
18887
14910
14911
24341
12645
12643
12642
23526
6224
23531
7559
23262
23896
18473
18472
16746
16745
12626
12625
17161
162
164
165
16472
16473
5755
2535
2538
2539
23530
1203
25150
25151
16033
660
15827
7316
2700
3229
25536
14516
18925
18928
18929
25333
18976
22857
25130
5682
5683
19861
6268
20872
20873
8703
14906
20760
20761
2185
18978
577
12880
12882
12883
5655
6708
20645
4383
1581
1584
1585
23388
23389
11529
8790
15649
18288
11796
11797
19519
19520
14043
15222
2363
3700
24978
24979
8714
5099
926
928
929
23644
20047
4345
4343
4342
23121
23120
10963
24820
24821
8631
8630
17214
13255
9250
9236
9233
9232
17956
9323
7061
7059
7058
10845
13179
6185
6199
6202
6203
17082
12031
20282
20281
14063
7775
7773
7772
4414
4413
17565
17564
10912
10913
24836
7717
7716
17226
13239
23493
13038
24352
24353
16853
13599
23116
13085
13084
1036
14378
9730
21312
21314
21315
16015
21926
10303
2689
2690
5425
7627
7626
17745
7531
14161
9738
9739
18807
18808
2146
13877
22226
2640
2641
4995
4994
8604
8603
17165
2415
2418
2419
10701
12814
19147
19146
16157
6229
6232
6233
25017
7427
6027
6052
8466
21658
5904
25053
25095
3849
2951
2941
2939
2938
13359
10950
24362
24363
1480
16660
16662
16663
11110
5460
18112
8481
17689
4712
18163
18164
14288
10360
10361
1652
1654
1655
23703
1308
1309
5025
24956
7870
7869
23009
7858
18275
18278
18279
5865
6689
6690
18226
18227
24826
18933
18934
22498
22499
18393
22916
10338
16877
16880
16881
8823
9431
14347
18889
18890
16619
3360
3359
22000
658
10585
10584
14049
14047
14046
8373
21472
18126
18127
14363
22772
7234
21042
10629
10628
13809
2220
11880
11881
2883
6119
7938
22306
12205
10786
10788
10789
23711
9110
20846
14695
14694
17440
17439
16529
11637
3991
3990
19697
19696
5966
8455
12418
21332
21334
21335
6748
15409
15408
4494
4493
17698
17697
16363
2576
2577
5343
5344
24783
1970
21379
19293
12827
12826
5166
23852
13979
13980
11114
1718
1719
23660
23661
10992
6422
17967
7853
21107
21110
21111
25267
2242
24202
18283
18284
22394
22395
11601
21747
21746
16398
21714
19952
19953
21637
766
767
6982
22849
2681
21412
20114
21749
16942
16943
1818
1819
24697
3493
4915
18453
2890
19598
17515
17514
14088
17373
9079
9080
18095
18098
18099
25468
8120
23692
19595
9878
9879
24962
7792
10821
10819
10818
2842
18401
12206
12207
11252
11254
11255
20845
834
835
20095
3701
25274
21960
4210
4211
1763
1766
1767
14387
19934
17297
17296
16669
16670
24597
4003
2422
11075
17627
950
952
953
20556
20557
11600
8555
8554
16507
540
25473
9939
2413
3449
7169
7167
7166
23324
23323
21820
21817
21816
4852
13211
13210
17906
13034
19190
19191
16773
7700
9097
12426
12427
18796
18797
11318
16210
16211
22029
20001
12731
12730
17891
15560
19220
19221
24902
24903
9181
9182
18264
18265
5718
22506
19192
23003
12067
19335
17058
19003
23110
19678
24372
20054
22420
6914
6911
6910
17952
884
11009
11008
14061
14060
7877
7876
16300
16301
24416
12399
25527
6688
938
940
941
20865
20866
11287
7326
7327
18368
3833
23301
23302
24739
403
406
407
11389
11390
5695
23473
594
595
11508
11509
13942
17504
17503
22690
10266
24144
24145
15997
15998
21014
21015
11532
19150
15057
523
526
527
24699
10010
25373
4758
21843
21842
19606
19605
10751
12729
12727
12726
17459
4807
1188
1189
5334
5336
5337
13886
8515
25269
12007
12006
17542
17541
13752
17262
20620
11476
19654
13906
13907
11497
11498
22687
4709
5200
17593
20441
614
615
22469
19402
1592
1594
1595
23700
10441
10442
5473
15155
15154
20437
417
9656
9670
9672
9673
5854
853
14168
14169
11659
21144
13894
13896
13897
2829
6038
8102
18854
6110
20049
9114
9115
14291
14294
14295
14817
7259
15176
23278
2472
23010
7707
2258
2260
2261
20787
13695
13694
21596
21595
17916
21528
23832
19826
24407
13257
13256
10945
10946
24382
1940
21566
2497
22277
22276
13810
21057
15509
15512
15513
1316
3125
12460
12466
12468
12469
6324
16702
12068
11622
11623
14534
14535
8576
8577
23907
3745
19765
19763
19762
2845
12863
21533
503
506
507
22471
10363
18322
21381
9631
9632
22686
10630
19575
19576
11315
18912
17789
17788
8508
8509
17043
12019
10513
10503
10501
10500
13864
958
15182
15196
15198
15199
11673
4018
21009
15927
3055
3069
3072
3073
16077
7785
10480
10481
1668
1669
5392
17402
11811
11814
11815
11387
13419
3508
13550
13549
10954
21868
21869
18302
3556
3557
11296
11297
14592
21765
21766
18220
18221
24884
24885
19496
7346
7347
21200
4882
801
23290
18857
18858
18859
6139
6140
6141
6006
8070
18822
5889
2869
12105
12103
12102
11033
22696
19522
12673
12672
16674
24517
24518
22004
23965
18724
21008
24936
20468
16292
11426
6056
20821
3957
3956
2094
2095
16426
16427
24008
16739
7335
20676
3555
23615
15313
12787
12786
17435
17434
16298
22348
19748
14664
23167
15443
2228
2230
2231
5271
3640
21046
21048
21049
20913
1667
3578
17347
17346
19574
11507
12609
12607
12606
23245
9814
9815
23221
6921
696
15024
15025
22302
17391
10823
10822
21587
21586
8001
13574
13575
11384
11385
24086
10600
17918
17917
1081
3424
19850
19849
22774
22773
7898
20628
2593
3776
15999
327
330
331
3498
4920
18458
2920
20129
7623
7622
2086
20860
22426
25044
25086
25070
25077
25028
25035
25055
25097
25098
25099
25100
25056
25057
25058
21676
6015
6016
6017
25441
18619
12930
12929
17153
17152
23145
23144
8325
11779
11780
24609
24610
13706
580
22584
16252
17291
17290
20146
332
333
3593
5015
18553
5201
5593
18739
20399
21571
23231
8
3
10
5
7
11
478
14371
10187
23569
23570
5111
21032
19732
11850
11851
11506
19791
19790
11309
14478
14480
14481
8446
16121
16120
18680
24516
20490
23949
23277
161
14821
14831
14834
14835
5673
253
25462
25463
14782
7581
13567
13568
24611
19797
5554
18166
18167
8906
22832
17224
408
409
19481
19482
5694
23013
344
345
23384
6498
17943
17942
8682
19609
10478
16205
16208
16209
9005
20130
7218
18253
18254
24241
20111
7804
4183
4184
24002
24003
7008
5071
5070
17681
4700
4701
18348
14279
9941
9944
9945
2653
5503
18128
24712
24713
5606
24554
16220
16221
8570
8571
23787
23788
22684
10327
6272
6273
16997
17000
17001
8815
2875
6113
17114
11050
14980
14981
11378
12375
20903
9883
25013
7515
20517
14329
23293
24915
13615
17505
24859
24862
24863
2333
24678
20510
5960
24590
24591
8741
1928
1929
25210
25211
1693
13895
13898
13899
2915
6163
3773
7740
7739
17830
17829
4462
13592
13589
13588
4388
4385
4384
18013
18644
23893
2958
2955
2954
13504
10056
23516
13541
5152
23566
18519
25406
16134
16133
4468
21037
20085
7815
2610
2611
5061
5060
21743
21742
16148
16147
22012
1388
1389
24652
24653
11221
11222
24216
22568
8863
8864
22988
11776
11777
22351
22352
13853
4717
8946
18741
5308
5309
5310
8628
8625
8624
9376
12976
8854
8856
8857
6029
20456
21970
23288
8386
8778
19138
5954
23646
23647
4042
16238
16235
16234
8057
19558
23633
12659
15279
15282
15283
11401
11402
8868
19137
8478
8479
8480
14069
14068
1049
21306
17685
22255
3983
2432
19962
19963
5424
17302
20065
1173
1176
1177
5856
5857
13844
1788
1789
22358
8156
22915
22914
20040
20039
4443
718
719
10888
10889
5772
5773
18353
12286
12287
19535
15381
15380
17202
17201
2048
15791
15790
8673
8674
2617
4011
4010
18337
16756
16757
23814
23815
22925
10489
14403
14417
14420
14421
9019
16190
7588
11767
11768
25447
13438
21614
2794
64
74
76
77
6074
14775
14774
7947
7946
13581
9508
9509
23764
23765
11023
17609
2340
13914
13915
11650
8558
14973
20897
12324
22055
22056
24772
16589
7245
7243
7242
20290
22343
14466
23611
23612
16447
7675
7674
11887
19322
21520
21521
19208
19209
18396
13969
10292
10294
10295
1680
3333
3332
20274
15321
21497
21496
1833
11194
11195
23773
20545
17606
2004
7636
7637
2283
2284
4980
22168
22169
2559
2560
4933
23158
3149
12133
12143
12146
12147
11452
13135
3814
3816
3817
2825
2
6
8095
18847
6077
8491
21683
6096
20632
9178
9179
23774
23775
22284
13103
13102
7971
23365
2635
24389
24392
24393
23529
9216
22603
20279
12529
12530
19194
15631
22419
22418
17533
12876
1887
1888
5514
12104
12101
12100
10770
14350
14351
11231
4551
4554
4555
21653
22045
13019
3251
3254
3255
11652
11653
14563
6666
6667
23790
23791
14118
19379
7320
7322
7323
18298
3281
23359
23360
14596
18997
18996
17491
19668
8832
19961
4154
4156
4157
2370
2371
13796
10467
21431
21430
19061
19060
16358
16357
4445
4444
2126
20818
6517
6516
20161
24403
13120
13122
13123
5215
9844
9845
2434
2436
2437
6988
16995
1293
1296
1297
5614
15966
19107
16145
16144
19171
2605
15609
15612
15613
1282
1283
5684
16499
368
369
22356
22357
6558
17783
17782
19180
1408
1409
24665
24666
10979
4583
4584
24065
12175
12176
23654
17328
21299
21298
13502
22375
3997
3996
1858
10571
12719
12705
12703
12702
8069
4303
697
13092
16361
16362
1304
1305
5350
5351
13674
13675
8532
14927
14928
21600
21601
2501
21799
21798
16380
21087
15259
15262
15263
21105
4561
23732
3606
8904
8905
16684
4417
4416
1993
9744
9745
5677
5680
5681
14205
6275
15870
15880
15882
15883
23504
15737
8915
8918
8919
14184
15252
20393
3535
13668
13670
13671
2408
15705
15148
15147
18777
396
24449
24452
24453
6597
17787
23294
14884
14885
21634
21635
1829
12428
20754
20755
6758
194
196
197
14204
14707
6965
6963
6962
23068
550
23707
7970
7969
5498
24069
3037
3036
22641
10110
19030
19031
24864
24865
10808
17213
22125
12871
12870
4643
4644
22325
22326
8942
18290
18291
5465
17586
20633
1252
1253
5834
15936
18480
18482
18483
16045
19078
4200
4201
18338
18339
23766
11076
12983
12982
7882
22869
23836
18991
18990
10729
19756
8519
14898
14900
14901
5264
5265
2109
25241
22762
19014
19013
17275
17274
16631
11640
22590
14643
18081
12918
24370
24371
20884
20885
20886
20891
20892
20890
6034
8098
18850
6094
17235
17234
9577
12878
4695
4698
4699
2857
14725
14724
7895
7893
7892
16800
24310
19999
19998
14054
14053
19128
4298
889
18967
18966
16675
11272
11274
11275
20713
22913
7305
7306
2400
3785
8172
8174
8175
23556
18732
15359
11674
11675
19977
10193
10196
10197
25443
14514
14515
8173
8176
8177
25332
8217
14510
14511
8565
8568
8569
25108
8605
5463
5462
17276
22890
538
539
25461
10310
24033
24034
5401
19289
13518
21525
25116
13965
25213
21151
3322
17957
11789
9443
9449
9452
9453
20894
10669
21912
21911
9362
9361
18527
18526
22223
24817
24818
21995
17144
13209
13207
13206
17546
3405
7162
7156
7153
7152
23177
7748
7698
7697
17208
23036
19228
24706
24707
18761
6630
6631
24720
24722
24723
20625
17190
21152
21153
5218
17420
13913
9479
9482
9483
25102
25103
16863
12033
12032
11001
10999
10998
23163
9561
13425
13423
13422
16844
1187
4514
4520
4522
4523
2827
12638
12637
17151
17149
17148
23500
4412
11972
11969
11968
22297
17135
9622
9624
9625
20638
10358
16204
16206
16207
23576
15732
21931
21932
1456
24122
8401
274
275
23772
19503
17625
21055
21056
20166
20167
11593
20427
557
14842
14844
14845
18789
693
25246
14639
14638
17892
17045
1181
1182
24238
24239
13856
6206
6207
20188
12062
22330
14490
14491
8893
8894
22983
17292
20606
24319
20042
17189
17188
2374
2375
15832
8743
1488
1489
5187
1218
1219
18746
18747
14321
8783
24849
14167
490
19859
10426
18369
18370
5765
779
6880
6879
22979
8037
9350
5894
3595
22522
22521
17219
95
96
20878
11991
23372
14484
14485
19195
19196
19707
19706
17438
15540
24397
24398
22679
14812
7625
862
863
10679
10678
17679
2206
6216
6221
23050
12034
19435
23132
18233
3417
3416
13794
13793
10725
12236
12237
19489
19490
1723
23248
17348
19818
9557
12927
12926
21434
21433
18059
18058
8319
22411
11533
20467
15855
15854
20610
20609
7954
19817
9528
9529
25485
25486
1856
13962
20794
22486
24118
24119
6773
15090
4867
17621
21539
21540
1857
22454
22455
11467
11468
20702
20703
16688
3404
19009
19007
19006
23148
7738
16574
16571
16570
8033
11910
11911
11430
13407
13406
11060
968
969
24536
24537
16701
4357
4355
4354
20321
4391
4390
21886
21885
5405
21383
5591
5199
23229
18737
21569
20397
12655
15620
15621
18266
24213
23230
18439
18440
18441
2807
2808
2809
10017
10031
10034
10035
9020
1393
25381
9881
9882
24992
8642
17103
17102
16405
16404
17415
17414
5569
15606
22298
22299
14309
3219
3222
3223
24637
14454
9776
9790
9792
14600
21986
15149
18786
416
22137
22140
22141
5844
874
875
8771
9326
22591
6217
6220
23031
13611
9841
9842
20196
7563
22097
22096
13745
24268
24269
20182
7499
7567
168
169
20154
20155
5750
20955
20956
18359
18360
5687
16836
7439
6069
8483
21675
8383
25083
25092
25093
25094
25052
25050
25051
7125
7123
4929
4928
13508
11696
11697
4056
21217
19446
22559
7584
7583
4241
21220
8213
4051
4050
17694
19339
242
244
245
14216
14217
14781
6903
6902
16559
6637
6640
6641
25122
25123
5325
13816
10244
10245
4078
18176
13169
6184
6198
6200
6201
25318
6248
23704
23705
8150
18070
18879
14878
14880
14881
5656
5657
1776
24773
22777
7255
2514
2515
10655
10654
14188
8309
8308
2765
6109
6062
24560
24561
4041
4040
23412
23411
17252
141
14843
14846
14847
18819
2542
20418
13277
13276
10709
10708
22887
22888
1821
7087
7086
17528
12911
9001
15643
15644
12083
12082
11349
11348
13475
13474
1038
1039
5584
359
360
25448
6578
17946
10369
14494
14495
8364
11179
4999
4998
7953
7952
2366
2367
10664
22714
9720
23597
23598
2014
7813
7814
1503
1506
5420
8892
20630
4362
4361
17721
17719
17718
8798
5456
5455
17280
17279
16382
9143
9146
9147
14396
14676
20484
20483
17559
23362
24823
7924
7921
7920
5220
13238
13237
23380
12574
21137
21140
21141
5853
217
20917
14699
23084
23083
16215
25405
20128
21917
7477
7476
3309
3295
3293
3292
8068
11808
19274
19276
19277
23550
10622
10621
22675
17436
20204
611
612
14285
14286
10805
12972
12867
21071
21072
5137
335
336
20824
6551
4081
4080
17813
22576
17425
21469
218
220
221
22692
3238
23638
23639
14526
4538
4540
4541
18791
19189
12895
3194
3196
3197
8196
15382
17246
17245
1801
9467
9470
9471
25326
25327
6021
6079
8493
21685
6102
16284
16286
16287
9199
19874
16592
19015
15373
15371
15370
4505
4504
2040
22355
13051
3937
3935
3934
20294
20293
16715
1898
1899
21641
15495
15494
4835
4834
2189
20074
13264
13261
13260
10776
798
799
22283
17612
18356
16697
16698
1315
5688
5689
20119
8042
19984
20998
20999
8899
15122
15119
15118
17200
16100
21854
16817
16816
4439
1580
1582
1583
20531
20532
1720
20449
570
23678
14809
14808
8225
13097
24278
24279
21680
6041
6042
6043
12961
12960
4683
723
726
727
12334
9970
20749
4850
11190
15018
15020
15021
22070
12894
24244
8187
16201
7618
14648
14645
14644
19130
10151
4635
4638
4639
9015
9016
9017
2721
12289
12290
24589
21155
3324
3323
18020
11781
25421
25422
13819
4612
18186
18187
12330
12331
11270
24036
4849
4848
9616
12928
5185
5184
2194
10599
10598
17678
17677
1079
18660
16308
16305
16304
4451
18152
22142
22143
24921
24922
1241
1242
22850
22851
11630
11631
4053
670
20859
13938
19410
16546
16547
24209
24210
8454
21279
2834
2835
2836
7060
7057
7056
10840
797
21669
5962
5963
5964
6039
8103
18855
6122
3470
4892
18430
2753
2409
12249
9027
9041
9044
9045
25545
9141
13121
13124
13125
5639
2572
20409
13742
13743
6366
6367
20156
7696
23938
23940
23941
5223
6647
12463
12473
12476
12477
6359
5965
6045
8109
18861
6165
3259
3260
24582
24583
14556
20783
15309
5628
5627
17822
4360
15080
15074
15071
15070
4508
2712
16395
10647
10645
10644
23061
19282
86
88
89
8096
17133
22122
22123
13811
4620
4621
18367
3766
3767
6781
6784
6785
16839
4399
2672
15731
15730
8739
8740
1454
1455
5720
5721
6766
6767
16446
21847
14029
14027
14026
7433
7431
7430
3645
5297
21275
2814
6123
616
22699
22700
10930
21251
18733
9537
12639
3907
3901
3899
3898
23495
9863
23049
8022
11163
8629
8627
8626
9406
13154
19141
19142
6130
6133
6134
6135
6131
6132
7601
11363
11362
13893
6294
22929
22932
22933
25112
16742
19204
1398
1399
5369
9852
9854
9855
2034
2035
7004
20017
2729
12777
12776
8296
8293
8292
2791
18569
18568
7904
22891
22892
1260
3104
3105
25251
6278
20096
20098
20099
23601
621
25457
25458
11071
1562
1563
24488
24490
24491
1674
9934
9935
2357
3369
7159
7145
7143
7142
18087
10400
16462
16463
24535
22732
24301
24302
23002
4394
4393
17723
17722
19167
6500
6499
20137
20136
8678
18414
21556
18268
3144
23483
7665
10240
10241
1700
18642
18643
2709
18983
15253
10012
10018
10020
10021
8436
1366
7262
7272
7274
7275
1496
3288
19325
19328
19329
14605
19066
11170
8634
8633
10839
13146
13147
22248
22249
8460
1416
24130
24131
21778
868
8607
8606
16343
10037
10040
10041
19212
1354
7260
7266
7268
7269
1466
3860
8582
20029
21501
21500
17886
5504
278
279
13660
13661
24762
22218
24208
20401
21286
21287
21288
2900
2901
2902
5959
25063
25021
20422
21417
21418
21419
3840
3841
3842
5958
5799
20574
3710
8443
8444
16588
17294
17293
22978
24321
16127
23267
16244
16243
21945
12908
8830
8831
16475
5090
5091
21221
18962
4038
4035
4034
18061
7795
7794
11845
9502
9504
9505
23536
11004
18046
18222
6240
6245
17076
17077
8303
6055
8469
21661
25027
25034
25043
25069
25076
25085
7130
7129
22307
12548
22018
15346
21565
9644
22520
3936
3933
3932
17933
17932
8609
17069
17070
1243
25376
16425
9833
9836
9837
19915
7688
17471
17470
21549
21548
8344
11769
25534
13059
16960
22089
22088
13767
6205
6208
20199
13935
6915
6913
6912
20234
21104
4571
4572
25369
7098
18032
17121
20521
13398
20553
14541
6686
6687
24736
24737
21719
15334
15335
21638
2520
8220
3630
6721
6724
6725
25471
6296
6297
16415
16418
16419
25344
15735
15734
8131
25067
25073
25025
25031
25039
25081
25026
25029
25032
25033
25036
25037
25045
25046
25047
25088
25089
25075
25078
25079
25082
25068
25071
25084
25087
3834
3835
3836
3837
3838
3839
8551
8550
16165
19102
21118
21119
24786
19406
8556
20172
9101
13253
13252
11156
11153
11152
2774
2378
2379
8251
2971
2969
2968
13797
11633
18605
18604
2243
4684
4685
8970
5806
5813
5822
8955
12448
15278
15280
15281
23932
3614
15943
7681
10188
10189
23993
23994
5102
20952
20953
24917
24918
9156
16626
16627
10813
16938
16939
2266
8664
8666
1465
4880
18105
25484
19607
17512
19568
22126
22127
24876
22301
12370
12371
20448
6659
187
201
204
205
307
321
324
11700
6424
6423
18075
7355
23508
4799
1292
1294
1295
5211
12526
12527
21222
21223
15822
21710
24847
24848
13952
10609
10608
13445
13443
13442
1074
15545
15546
1307
3098
3100
3101
17020
7819
3679
3678
19781
19780
11327
18600
12620
12617
12616
18078
790
20631
11995
10510
10496
10493
10492
17951
9517
12839
23272
23853
22467
22468
10974
1556
1558
1559
23642
23643
1660
11734
11736
11737
19509
12699
15552
1114
1124
1126
1127
5641
15903
3051
3057
3060
16016
7473
7472
11443
16088
16087
22010
11745
20910
13468
4589
1442
1444
1445
5653
18951
22860
5140
5139
17769
21491
21490
19597
19596
10747
14230
14232
14233
11056
3532
3533
22953
22954
8161
15699
15697
15696
3407
3406
7945
7943
7942
11884
10354
8165
15364
15365
2156
24767
22349
13136
13137
4971
4972
8911
20030
4458
4455
4454
18066
18670
14798
14797
19112
15232
15233
2683
14376
19315
15389
15392
15393
11709
7769
25134
21557
882
883
10663
10662
14089
6596
6595
8641
8640
4824
4823
21176
24445
19723
21522
20745
12221
25192
25193
14152
10108
10109
8417
8418
24048
11011
12784
12781
12780
8059
8058
4229
962
964
965
23680
10260
20758
15937
15938
21148
21149
24659
9623
9626
9627
14183
3930
3929
17720
17717
17716
8415
6448
6447
23478
7331
18428
3720
24360
15151
15150
20241
2505
10148
10149
5346
5347
20124
7491
7735
7733
7732
20345
7251
13929
13927
13926
11035
12948
17996
12579
1537
1551
1554
1555
25537
1646
21470
21471
2002
2003
24667
19510
6504
20071
20069
20068
7686
7685
9359
9358
19836
24277
15568
15570
15571
12099
781
12281
12284
12285
11672
15496
4860
4859
2299
25164
290
20571
20572
24663
10976
10977
6581
20325
7646
7647
23963
23964
4973
9007
16189
7247
7246
19942
19941
7958
22649
11224
11225
5775
5776
3646
742
743
17011
7444
7441
7440
11064
15499
5190
5189
2133
10252
10254
10255
982
984
985
20820
1601
1602
24248
24249
1999
6884
23037
23038
1254
24108
22501
22502
24040
15830
21875
25135
3820
3821
19487
23855
6838
6835
6834
20424
20423
17362
5232
24015
6897
6896
21450
21449
17282
15484
15485
24408
24409
14122
5909
25548
25549
3883
7600
7599
21546
13776
18026
13167
21705
21706
24975
11963
11962
20287
12778
18898
18895
18894
16199
7766
7767
13696
20842
20843
2137
9593
9596
9597
25279
9090
23673
3873
3874
6735
15136
17991
346
23519
6562
23042
9067
9068
18244
18246
18247
5671
15912
1534
1544
1546
1547
23521
1627
4096
4106
4108
4109
2362
2962
13533
10323
25188
1428
1429
18766
109
23752
12039
10515
10509
10507
10506
14200
1100
18541
18540
13370
13369
17096
17095
14131
17526
22569
24287
24288
6025
12828
5242
23877
12311
12314
12315
23275
13258
19248
19245
19244
17974
10874
11951
11950
17907
13071
20270
4206
4207
2099
2102
2103
14372
14766
18001
16957
23387
3958
20935
20936
18178
18179
14343
19923
19922
17451
671
672
24982
7661
6895
6893
6892
23076
556
24846
13831
9860
23019
7052
10772
13116
8124
8125
16912
16913
13616
10602
10601
19800
19799
1060
7296
7298
7299
2282
3717
10164
10165
2446
2447
18982
270
20838
20839
14811
7737
7736
19926
19925
21943
20021
23561
18499
12521
12524
12525
18893
16917
14166
10550
10549
23430
976
16336
16337
21103
18580
12538
20966
20968
20969
11112
6463
6462
16724
16721
16720
13928
13925
13924
10773
11818
20518
20519
23841
22263
22262
18755
18754
7913
15290
15291
11288
11289
8278
8279
2285
18515
10152
10154
10155
14573
14574
8243
23062
13373
13372
8085
16101
7171
7170
22822
22819
22818
4446
21024
15797
7309
7312
7313
2623
4812
158
159
16264
16266
16267
5660
13434
18782
777
19622
19623
11656
11657
1690
20762
21012
24758
14685
14684
8206
8203
8202
3330
3327
3326
19132
11909
10373
10376
10377
6599
14970
11080
15641
9214
9215
15311
15310
14146
7557
7556
21478
238
25317
14722
18959
18957
18956
6048
8462
21654
5887
2839
14763
14761
14760
8753
15547
2580
2581
5039
5040
16024
16025
23866
23867
15829
15828
8672
1192
1194
1195
5262
15976
20493
5205
5204
13315
9260
9257
9256
20415
20414
7955
20559
10258
10259
18809
20997
14357
22254
1569
1572
1573
25174
25175
16608
20763
1871
1872
22998
22999
11612
5459
5458
1998
10620
17375
17374
9426
19848
6266
6267
20212
20213
8147
8145
8144
16792
18882
22784
22785
18804
20961
17386
9373
9372
13973
9059
9062
9063
25127
25128
5443
16064
16065
8299
8298
21510
21509
17760
18775
7780
7779
17394
17393
11858
9706
9707
25173
536
25249
9987
23509
3737
7244
7241
7240
17911
10404
10405
19906
19907
23849
22905
22904
19502
19501
13454
18357
4846
23051
9137
12387
23735
6671
243
246
247
14384
14385
14787
7677
1908
1909
5340
5341
19879
870
871
15859
15858
8350
21125
3718
3719
11057
11058
14597
6649
6652
6653
23398
23399
11569
23457
17194
18390
18391
15852
12080
12079
22295
12819
7403
7397
7395
7394
2853
6112
20249
15437
15438
9192
9193
23840
11345
11344
13566
23636
8157
15050
15051
2139
2142
2143
12333
9961
9962
18421
4762
22310
668
669
20216
7448
20534
23996
3367
3366
8256
8253
8252
18047
4623
4624
21180
14274
22061
17132
11198
11199
13749
15627
23205
23206
5794
21570
4901
4902
4903
16239
16237
16236
8772
11801
25197
25198
14035
628
24719
23443
17349
20560
10335
3122
3123
20643
7889
16934
20367
12256
12257
3655
5307
21285
2884
23160
4422
8544
8543
20140
7638
2399
4879
4878
1760
22863
22864
5751
282
284
285
13837
13838
24886
2010
3813
14311
14314
14315
6354
9699
23737
617
23665
23666
10994
1593
1596
1597
25456
497
20692
10007
16082
16079
16078
8426
11784
24418
24420
24421
13829
17531
22540
17895
4162
23554
23555
5010
13220
13217
13216
19464
13119
6183
6193
6196
6197
6089
15317
23266
23265
17827
7174
7173
19584
19581
19580
17970
20178
7292
14938
14944
14946
14947
9166
15602
19466
19467
24062
10685
10684
13873
10232
10233
6588
17802
17801
8283
2736
3876
18946
24803
6369
6370
23014
10170
24988
24989
8379
9303
23435
6259
15869
15875
15878
15879
15179
15185
15188
15189
1261
3696
24754
24755
6314
24940
24941
8697
8696
10986
2294
2295
18805
578
579
8476
24524
24525
21452
2704
11020
12798
17258
17255
17254
16496
7761
2684
2685
5437
8191
15131
15130
17861
17273
16927
16930
16931
9195
12970
12971
5725
6700
6702
6703
16483
17195
823
826
827
15866
7378
25372
3829
20469
20470
23793
20476
10215
3600
3601
16048
16050
16051
8423
2889
6127
2780
2474
2476
2477
8402
15102
5197
2744
15757
3169
12465
12479
12482
12483
6389
6001
6162
10098
10099
19200
19201
14032
11228
11229
5022
5023
16054
16055
19179
4285
12825
12823
12822
4686
23837
23400
24546
1632
1634
1635
5219
7000
6999
16644
16641
16640
13532
1033
9899
9902
9903
1681
4851
22121
12691
3989
3987
3986
20292
9866
23479
7518
22304
22303
18004
10824
7104
7101
7100
19268
17849
22135
13408
19340
19341
2210
2211
25016
1310
18496
18497
14010
14011
8140
14872
14873
25172
2453
23309
15257
10013
10019
10022
10023
8458
15459
9973
9976
9977
21165
3441
11388
13554
9891
25543
7114
21309
21308
19782
22305
5898
3649
22835
22834
18674
20974
20804
8549
15762
15759
15758
3342
3339
3338
21964
11919
10368
6403
6402
16797
8932
21199
3928
15078
15068
15065
15064
4478
17735
7205
7203
7202
2321
14904
14905
24655
9752
9754
9755
5240
5241
8959
5880
12459
3175
3189
3192
3193
6809
15173
23165
760
15702
10576
10573
10572
13544
13543
1040
21310
19807
22204
20788
1391
1392
304
314
316
317
11418
6434
20347
7354
23226
25004
10328
10329
8118
8119
24682
24683
11138
11139
13656
13558
13560
13561
11435
18917
15007
15008
24061
19621
25450
1623
14435
14438
14439
22043
16107
7624
21029
19443
12785
12783
12782
8745
8744
16478
11477
12389
12392
12393
23418
6550
6549
22971
7759
7760
2616
21447
791
792
11360
12797
12796
7964
7961
7960
4237
626
627
24877
471
474
475
14289
10311
25140
3383
3382
8649
8647
8646
20328
4363
15081
15075
15073
15072
4513
780
15777
10287
20852
20853
8706
10842
10841
17239
9601
9602
19978
19979
2506
2507
12296
12297
10798
10799
14330
14331
14810
19012
13692
13689
13688
18524
18521
18520
8047
20169
23923
3150
3152
3153
24952
7994
4163
4164
24050
24051
6974
22897
1149
1152
1153
21649
15963
3128
22492
22494
22495
6327
23047
7777
7776
18470
18469
14127
9302
9301
22693
6323
16000
16001
24545
14504
14505
19183
9330
7117
7116
4728
4725
4724
13357
17472
20603
6279
15449
15452
15453
5839
571
572
20932
20933
24798
24799
6318
22790
22791
5745
5746
19803
4590
4591
2332
14271
2959
2957
2956
13509
10471
3912
3909
3908
20465
20464
12087
12086
10739
10738
19816
24433
13394
13391
13390
11083
14593
6648
6650
6651
20352
20353
23860
11003
11002
21994
21993
4742
20201
20202
9183
99
102
103
8503
15325
5121
5120
22429
22428
10780
10779
13825
9568
9569
23770
23771
16705
16706
12085
9884
9885
25256
7115
20339
12568
24367
277
12342
12352
12354
12355
5642
6668
562
564
565
14224
14745
14744
3675
3674
17659
17658
11280
20786
2276
18514
24474
24475
18351
6952
22726
9808
9810
9811
21207
6941
3815
3818
3819
11395
16899
7933
7932
19271
5910
4909
13950
13949
10759
19565
9562
9564
9565
23702
656
13960
13961
19516
22607
10128
10129
8347
8348
1484
1485
24651
23371
6489
15679
15669
15667
15666
6026
18842
8090
8774
19134
20452
21966
23284
5891
2929
7043
7037
7035
7034
5637
16972
11137
12420
12422
12423
5258
5259
6769
15092
15091
4887
18016
4299
4300
1839
6928
3942
3941
17553
17551
17550
11396
24822
21829
21828
4932
4931
14126
19378
24354
22947
7799
7798
4242
808
809
23089
23088
9390
5968
18813
19206
21387
3494
3495
3496
5973
25022
25064
21594
5047
5048
5049
6544
6541
6540
16198
19039
13100
10146
24204
24205
18444
2849
2850
2851
17693
17692
11103
22746
7121
7120
22100
12919
1653
1656
1657
25412
1438
1439
5067
5066
2097
18841
6002
6003
6004
7073
7071
7070
21615
13212
17959
12519
9018
3768
8885
8888
8889
16838
7239
20301
4706
4707
2190
2191
12269
9953
9956
9957
18333
14352
22117
663
666
667
17034
3297
3296
8380
17626
4547
4548
22228
22229
8928
18366
24153
6657
6658
18115
18118
18119
14392
14642
14641
18018
19387
4544
4545
24508
24510
24511
4061
8302
8301
17207
17206
16873
9120
19730
19731
25226
1579
9895
9905
9908
9909
1711
3751
9617
9618
13847
3974
3973
17753
17752
19844
6507
6506
16143
16141
16140
23241
24943
7544
7541
7540
4238
296
17321
17320
22244
22245
1663
25386
18404
21391
17657
9297
9295
9294
23220
10567
12718
12704
12701
12700
8039
9117
13000
13002
13003
5263
6669
6670
17327
17326
5327
5326
16537
9190
19771
6053
8467
21659
5906
25287
25293
3865
8237
8235
8234
9434
19736
8860
8861
20157
4124
4125
20392
4767
22599
22598
5915
25506
25512
5053
5217
5216
8008
11906
11907
10855
10856
21006
21007
16993
12045
12043
12042
11419
14489
25179
25180
16658
18730
1608
1609
5482
5483
18399
6883
6882
16556
16557
12824
12821
12820
16465
7508
20436
717
9592
9594
9595
20879
9136
22473
22476
22477
25268
21095
3131
3134
3135
22957
7424
2950
2940
2937
2936
13354
10211
7321
7324
7325
18303
3226
25312
769
18973
15653
1893
1896
1897
5859
13036
13037
24285
15580
15581
5381
5380
17412
15254
15255
20731
3161
23407
23408
2462
20552
6501
20323
20322
3858
3859
6765
16194
18663
16309
16307
16306
4507
2186
2187
15823
7842
7843
18294
18295
11278
11279
19193
24807
6299
15873
15887
15890
15891
25520
15773
7369
7370
24080
12958
17261
17260
20160
11486
24985
9096
16353
16354
2735
3286
3287
10897
10900
10901
2743
6953
15247
15248
18411
3148
19610
19612
19613
11456
1705
4781
19285
1743
1746
1747
25509
25510
25514
25515
25516
25508
6166
2810
2381
7723
7722
5124
5123
17669
17668
11449
14443
14444
23622
15126
17229
600
22148
22149
5791
5792
1816
22701
19548
1666
24166
24167
2214
2215
5182
13375
10448
10449
21451
13057
13056
7078
7077
11383
13039
25177
15337
15338
23363
23364
1730
18718
11200
19695
15284
15285
24027
24893
10112
10114
10115
8419
16689
16690
9217
12388
12390
12391
20698
1183
25374
25375
13843
23856
15782
15779
15778
8428
1414
1415
5712
5713
21780
16097
7525
7523
7522
11883
10144
10145
5786
5787
2149
14358
9980
21213
3445
7168
7165
7164
20562
20561
10761
12768
20503
4141
23730
4418
17772
17771
4475
4474
2132
24464
24465
21753
17794
18880
18881
16611
25162
21065
3743
3742
13335
13333
13332
23056
13787
9329
9328
2758
20391
12229
9103
9106
9107
25129
21532
18173
25460
10008
10009
25365
3385
7160
7150
7147
7146
20338
4209
906
920
922
923
25315
9740
20765
20766
8849
12438
18500
18502
18503
6778
15324
15323
4467
4466
2302
24176
20954
1748
1749
23884
23885
22847
22848
2586
21394
17012
17013
8371
8370
11330
1613
1616
1617
22197
22200
22201
8988
1376
1377
22398
22399
10858
10859
25015
9066
2078
2080
2081
6044
5918
20690
3916
14626
14612
14609
14608
8036
16992
9425
9424
8092
24567
3961
3960
2030
2031
10691
12805
12803
12802
8353
8352
16634
19518
560
22793
3389
7161
7151
7149
7148
6831
6821
6819
6818
20654
2516
11017
11016
14055
20267
21473
1053
1056
1057
25255
7076
23162
13251
23370
7352
7353
23214
15654
18245
18248
18249
5864
15947
7973
7972
18646
879
6874
6871
6870
16486
2575
12845
12843
12842
1075
3021
19857
10450
21599
15379
5582
5581
1797
9598
9599
23767
23768
11359
17706
991
992
20626
20627
11596
21598
2583
3810
3811
22948
22949
16484
16485
1306
21409
21410
13679
25336
16402
23817
23468
12873
18707
18708
2380
13633
9028
9030
9031
20675
3871
19881
6234
6235
25281
7801
18630
23557
3000
2999
17711
15645
13606
17501
17500
19858
9711
25529
5811
5814
5818
8958
8967
8971
8962
8968
12458
18501
18504
18505
11690
16219
7998
19263
13096
8855
8858
8859
6071
12651
23460
2578
21530
21531
1861
12191
12194
12195
2922
6172
5974
20814
20815
4075
15111
15109
15108
5535
593
25442
6497
6496
17817
17816
8679
20734
21415
8192
8193
22493
22496
22497
6383
14894
14895
5476
5478
5479
2047
6943
6942
16713
16714
1259
21642
2490
2491
8363
8362
9441
12528
19186
15655
11925
11923
11922
10785
12795
7400
7390
7387
7386
20330
13248
20514
20513
18005
19259
12536
12537
2118
2120
2121
2831
17428
4280
4281
22959
22958
8260
19920
19917
19916
8063
11806
11807
10846
10848
10849
23696
518
519
23669
10483
18305
18308
18309
5868
18242
2973
2972
13817
11586
5228
136
24838
24840
24841
12097
17517
12953
12952
8787
8786
17218
21022
10551
23497
949
16661
16664
16665
11667
4047
4046
2368
11019
12767
12766
19174
19173
17100
19851
7796
18422
10611
12723
12717
12715
12714
8821
15483
20795
13487
13486
19495
24340
19721
19720
4672
20716
13972
19356
19357
21164
5571
5570
9580
22555
18710
5298
22202
22203
19202
22527
16549
16550
19388
19389
14586
20471
932
933
24334
24335
18297
3832
21983
21984
23786
8406
3777
10167
23684
23685
8246
17539
12569
12570
24374
15555
18573
9501
4099
4113
4116
4117
2746
3044
23143
10451
7361
7364
7365
23967
4890
177
14822
14836
14838
14839
25313
1626
24170
24171
1778
1779
14097
19935
6986
6985
8146
8143
8142
16200
7845
20378
20379
5707
3756
5408
21386
3490
4912
18450
2877
23395
3597
3596
13304
13301
13300
11067
24330
20582
15272
23225
3805
23410
24273
23463
11988
20544
20543
13455
20371
4828
20975
20976
18209
22448
22449
19517
15634
11140
19648
11830
11832
11833
11431
12679
15567
1115
1125
1128
1129
23754
1171
25526
15959
1683
1686
1687
25231
10452
10453
6577
6576
17818
21870
7934
19473
5922
8453
5274
13999
3256
3257
19528
19529
14562
24303
23462
4464
4463
17674
17673
16823
23927
3151
3154
3155
24957
7800
5112
215
216
21076
21078
21079
5257
22942
9838
9839
21218
21219
6971
5059
5057
5056
23098
19394
2630
2631
18759
9640
19699
15619
2343
2344
5789
18738
5293
5294
5295
10049
10052
10053
22044
1440
18511
25432
16232
8021
8020
9440
12531
19210
15576
20419
9650
13430
13429
23005
1198
1199
18792
18793
16040
10158
10159
21231
6923
6922
16525
22235
3919
11939
11933
11932
11373
12818
17259
17257
17256
16843
9170
12373
12374
20771
6791
23456
17613
20370
9984
9985
23219
3349
23491
11824
22107
22110
22111
25264
848
849
13638
13639
2893
61
7968
20541
1672
1673
25402
15587
3319
3317
3316
17462
11821
23350
23351
23777
23378
14087
14086
8005
19414
2300
2301
5752
5753
1878
1879
5568
13782
22093
22092
17879
22104
14391
1589
1590
19345
19348
19349
1739
18547
22133
19698
3721
10273
10276
2548
21373
21372
16367
9154
9155
14296
14297
16261
17381
22407
22408
11095
12627
3969
3967
3966
23146
19086
176
22779
22782
22783
25232
3680
19806
19805
11291
6331
6334
6335
25109
21794
23683
6378
20112
20113
21016
24440
22625
10562
10561
22678
990
15214
15216
15217
3648
5300
21278
2830
23178
4382
18143
18144
24617
18913
15813
15811
15810
7105
7103
7102
5567
5566
13348
3759
3758
13305
13303
13302
11403
10216
10217
2561
18543
22610
17474
17473
18717
18716
9620
12837
12836
21536
24079
4794
4793
19687
19686
23551
6947
6946
16229
16230
8591
19997
5583
18149
10132
10134
10135
23652
1628
1629
4993
23094
13586
9642
9643
14138
10359
19886
19888
19889
8838
15171
15170
23073
640
15800
21707
25275
7411
7410
5953
25020
25062
25024
25030
25038
25066
25072
25080
5439
5440
5441
6574
6571
6570
7774
7771
7770
17850
13267
13266
21606
21605
17765
23268
1603
25384
25385
1848
8616
20014
2393
18701
1347
1350
1351
25489
25490
1251
3075
3078
3079
16443
7664
22194
24035
21367
6862
6859
6858
774
775
12250
12252
12253
11425
13250
13249
22328
7642
7643
21131
21132
4981
11113
14590
14591
8637
8636
4939
4938
22614
19549
3940
14792
14789
14788
8017
22893
1912
1913
5788
22039
13016
13017
4968
4969
8593
15129
17253
2469
20636
5924
5409
5391
5390
7900
7899
23001
23916
20447
16076
7450
7449
19017
19016
2382
10605
10604
13713
13711
13710
8773
4302
2518
2519
6981
6980
16704
1148
1150
1151
20810
20811
1697
4130
4132
4133
21210
3049
15763
15761
15760
7470
7469
17099
17098
19787
466
14203
7582
19559
19560
24612
12687
12686
17595
17594
16523
16524
1284
24232
618
619
24695
24696
10967
23988
23989
5575
9558
9559
13701
13700
16848
19095
9349
9348
17215
9554
9555
14037
14036
20759
6712
6713
16786
16785
4472
7426
7425
3591
5013
18551
3636
5288
21266
2768
6120
20165
17191
402
404
405
11053
11054
5784
5406
10324
10325
8877
21677
6022
6023
6024
12647
12646
22586
22587
6306
6307
8500
7784
19359
23571
18539
7615
7613
7612
23123
9888
9889
25480
7729
20278
22588
8132
8133
16983
13609
13608
11455
14606
6716
6717
16345
16344
4510
4509
17734
19071
22406
11621
18907
18906
16703
9102
9104
9105
20747
3812
23015
7555
11558
11560
11561
16488
4350
4349
17582
17579
17578
16464
24311
14637
14635
14634
17460
3882
6645
6646
18114
18116
18117
14218
16249
6850
6847
6846
17990
644
11343
20302
956
957
21697
21700
21701
17033
13948
11654
20957
25240
16585
7537
7536
22405
9694
9695
23282
736
19867
19868
11450
1648
1649
5100
5101
2162
2163
24049
19442
17605
17604
1884
15244
15245
22368
22369
8286
21247
4801
4800
1758
1759
16685
16686
24977
1166
1167
25170
16002
2353
2354
24927
1213
1216
1217
5632
5633
5825
2489
20569
10184
10185
21161
21162
4990
18009
19577
22252
6527
6526
16519
16520
23974
23975
22854
22855
23931
3083
3084
16534
596
24528
24529
6591
6590
16355
11470
11471
14117
14116
10990
5464
13698
13697
17159
17158
2160
14078
14079
2524
16397
16396
8742
13081
13080
4662
8964
14002
18564
18565
11557
23439
6692
6693
25146
3677
17926
11610
11611
4072
21730
21727
21726
16181
8984
8985
1490
18566
24483
20607
7118
17090
17087
17086
13358
11663
21435
16575
16573
16572
8360
15441
15442
1262
1264
1265
5273
21270
2783
2784
2785
63
69
72
73
20918
6274
24929
24932
24933
8816
877
22460
19234
19235
24869
11376
24718
18509
18510
8913
15386
21560
21559
2024
15769
14109
14107
14106
13934
13933
17310
17309
16227
7064
11036
15603
20508
20509
14298
16469
17308
17075
1271
1272
24233
21276
2819
2820
2821
3111
3114
3115
20125
7883
15357
15358
11483
11484
20037
11464
11465
21947
21946
9397
12514
12515
25144
15690
13198
13184
13181
13180
2781
12937
12936
7806
7805
9357
9355
9354
23485
9556
22628
22627
4649
602
604
605
12305
12306
10794
14998
15000
15001
19238
7111
23055
23054
13345
10124
10125
8505
8507
16517
13946
19343
25478
19126
9307
12230
12232
12233
11038
11039
24905
22068
15030
15031
23344
13008
15258
15260
15261
21100
3534
23044
23045
8323
21481
18125
16285
16288
16289
9230
7673
22102
22101
17401
9261
9259
9258
5928
5595
7438
7437
3753
3474
4896
18434
2769
6128
7187
12601
12591
12589
12588
14629
14619
14617
14616
8430
10390
21981
15486
24568
24569
21948
10838
22711
18883
16060
16061
8715
18640
21186
21187
24909
21085
21086
24217
12572
12573
2119
2122
2123
2911
20342
4592
21018
21019
12319
12320
22340
13134
21413
21414
6732
6733
23789
23405
9978
9979
21205
3456
11207
11208
13730
5551
722
724
725
12275
12276
11322
1958
1959
21636
18229
4743
23425
21657
8465
5896
20887
20893
3628
12005
12003
12002
11368
11367
13726
17267
17266
16709
16710
9162
9163
14333
22761
22760
8212
8211
12110
12109
17301
17300
16364
23920
23921
5431
5432
16008
16009
23809
16830
22270
19743
19742
7978
19412
19413
1688
1689
24784
24785
10978
21331
12541
12544
12545
2662
2663
15849
2713
9768
9769
4958
4959
13966
13967
11574
11575
21159
4226
4227
2546
2547
5321
5320
13503
9403
9402
14229
6251
25496
25497
8341
2916
23153
4450
4449
1975
4220
4221
21236
18474
17709
19403
3963
111
114
115
25014
11952
17960
11829
9447
9461
9464
9465
25518
10560
20584
20583
7990
5501
5502
2054
3025
20344
11617
3948
3945
1756
24844
24845
13617
14893
4118
4120
4121
18378
2989
14201
10086
24322
24324
24325
13848
15626
21191
21192
5780
5014
15537
15538
9218
9219
13781
13780
11311
4027
2426
2427
19453
12774
21955
21954
4236
23844
8601
8600
18200
8618
14445
23739
15132
17865
772
16399
7639
7640
2619
2620
5045
22320
24819
23314
3040
3039
22685
10466
5453
5452
20150
20149
8002
19579
10143
25392
4900
622
623
17078
19052
4926
4923
4922
13328
10101
10102
24365
13054
19897
9797
9800
9801
16233
7997
10831
12909
12910
8879
8880
16372
22435
11547
11548
21173
13090
13091
24668
11504
11505
13601
13600
11298
16890
21823
21822
10724
22500
8442
14892
24154
24156
24157
2006
2974
13821
10200
23623
1369
15181
15191
15194
15195
1291
3881
15913
15914
18134
18136
18137
11429
19688
3968
3965
3964
18041
5158
23824
23825
13641
10304
10305
18329
18330
5427
9510
542
544
545
23558
10362
1952
1954
1955
23619
12614
12613
19404
19405
6589
15825
15824
8328
8327
9365
9364
13963
13964
24570
17131
17130
9608
9609
13754
4605
25132
25133
5615
6795
14636
14633
14632
20540
14428
14429
20505
15412
4344
4341
4340
18011
18010
4232
21013
12432
12433
5697
5700
5701
17763
17762
21512
358
25311
6585
14983
14984
20535
20536
8943
1511
1512
21585
10336
10337
14579
14582
14583
8817
9290
9289
17319
17317
17316
9439
3732
3731
19120
13902
20805
21745
15843
15841
15840
20284
12947
12946
17454
5113
649
12394
12395
25171
6656
186
200
202
203
25294
10527
18089
1105
4397
4396
2129
25204
8552
17793
17792
8139
22789
25163
2440
2441
8229
11634
6455
6453
6452
16829
16828
3348
3347
23334
11809
9445
9455
9458
9459
23726
10623
23391
9724
9725
5766
5768
5769
2001
12160
12161
20550
17848
11197
13462
5545
5546
24031
3826
3827
11241
11242
16898
21913
17232
20081
7850
7851
1473
1476
1477
5833
10753
10752
14190
1104
21311
20305
22207
25191
12986
4588
23850
23851
12295
9928
9930
9931
2312
5573
7253
7252
2058
3617
3618
16029
339
342
343
22378
6538
15557
15558
9142
9144
9145
14219
19930
21803
21802
17154
12644
12641
12640
20526
4580
4581
21644
22037
13741
4857
116
117
25278
12093
10398
10399
16224
16225
25382
15925
15926
19408
19409
14554
14555
19199
15114
5589
18080
15439
11122
11124
11125
13883
22767
6863
6861
6860
20233
20232
2092
24913
24914
12077
12076
17544
12850
12849
2222
22636
1098
1099
4935
4934
17666
10057
10058
23621
15462
15514
15515
19539
21443
12834
22736
19067
22086
22085
17390
17389
9410
12989
6180
6188
6189
6032
23653
4014
4013
21182
10636
12794
21881
21879
21878
2815
17
18
8110
18862
6167
18113
14924
14925
18768
18769
2725
3043
3042
23139
10347
8284
8285
21134
3947
3946
2345
24203
894
895
12261
25437
16118
16117
5533
14814
14813
7986
13910
13911
10852
10853
23998
23999
10683
20299
2227
3588
13200
13190
13187
13186
2817
5590
5198
21568
23228
18736
20396
21263
2669
7113
7112
20280
13028
8438
8439
16707
13612
9847
20695
7577
10820
10817
10816
17977
9647
9648
13703
15211
15212
2059
3765
24937
24938
22017
4289
802
804
805
6987
241
25541
14686
18958
18955
18954
17981
119
120
25502
11964
20340
14258
11513
11514
13731
21542
479
480
14383
10300
2065
2066
5495
983
986
987
25230
7184
14628
14618
14615
14614
6410
6400
6397
6396
16461
7841
2350
15425
15426
1311
3795
3798
3799
16038
16039
10198
10199
22036
1418
1419
4970
8837
20134
21503
381
9653
9659
9662
9663
5282
5824
5820
12454
21341
21342
24585
22737
7996
7995
9400
20480
20479
9367
13140
13142
13143
6320
6321
16968
13937
13936
11006
11005
22633
1880
21374
13785
13784
10715
10714
14020
14021
1794
1795
11530
11531
18923
17067
18213
12155
12158
12159
19544
150
20857
20858
12122
19342
24990
19164
3672
3671
13789
13788
15125
15124
17225
652
16749
7334
20394
4802
18409
21411
16420
16421
24100
24101
16437
10218
16876
16878
16879
8431
9288
3312
3306
3303
3302
6060
8474
21666
5947
5877
19659
3177
3180
6747
22966
12734
12733
18021
4185
25106
25107
7009
10391
23299
15716
15715
17643
17641
17640
11404
7332
7333
20382
4792
20376
5542
5543
18415
4025
4024
23133
4630
4631
1803
1806
1807
12338
9981
9982
21253
24830
21898
10827
4987
4985
4984
8761
19578
10468
6514
6511
6510
16479
1814
1815
22470
11692
11693
1671
4751
4750
10870
13413
10559
10558
19842
19841
7868
20649
610
14211
14212
10934
24084
3735
3734
8318
13909
9732
9734
9735
5269
5270
2848
9478
9480
9481
20861
20862
9191
13009
13010
19392
19393
1727
3318
3315
3314
17432
2670
10535
10534
20310
970
15238
15240
15241
11444
11445
4049
642
643
10694
19729
1014
1015
5395
5394
13347
13346
8382
8463
21655
5848
5849
5850
12455
3174
3188
11665
14584
14585
19153
12906
12907
8529
8530
16381
12053
12052
11246
20195
7927
7926
10843
7727
7726
19266
22457
9172
9174
9175
20730
3806
3807
14012
8441
15433
15434
12115
10356
10357
14518
14520
8721
17187
23198
15776
3620
22940
22941
23987
3345
3344
23106
11918
10268
10269
5164
5165
8966
12446
12447
18750
18751
11546
20355
12382
12383
23280
6678
22861
18669
18668
17268
23033
23034
9157
12364
12366
18752
24476
11924
11921
11920
7038
7024
7021
7020
4864
15032
23819
23822
23823
12302
24539
14741
14740
8759
8758
11852
24466
18781
728
729
13643
13644
11303
23977
23978
21591
9636
22425
22424
11013
11012
13453
13452
18237
2977
13865
10103
25184
25185
1483
11861
11864
11865
2909
17773
5127
5126
2303
4174
4176
4177
2050
2051
5329
16733
16732
8349
2270
2271
5705
5706
8587
16086
20486
2694
10566
22536
22533
22532
8014
15635
22047
22050
22051
25104
11340
17920
21054
6260
6262
6263
16530
16531
8702
2873
6107
865
22269
22268
13751
13750
7991
21483
700
19752
16578
17874
14527
14528
24379
16106
8657
8656
2009
24212
1411
1412
24218
24219
6772
568
569
22707
19943
17311
20207
2252
3082
16509
7789
9983
21261
3334
20337
11804
24419
24422
24423
14165
17513
12857
12856
21069
14062
17371
17370
21476
23864
8209
8208
21064
18558
13493
13492
11165
11164
13683
1782
1784
1785
11434
8153
23156
1832
24447
12962
5555
459
462
463
25137
25138
5388
18964
18963
15142
15139
15138
13556
1020
18659
18658
22571
22570
16580
16579
19127
11786
11787
11212
11214
11215
20848
11499
23429
4613
425
435
438
12308
9131
9132
21968
8080
8079
8081
25440
5068
20934
20874
21907
18650
814
815
18981
24731
8784
14889
19551
19554
19555
2921
17754
20588
977
3760
13485
13483
13482
11421
4022
18103
18104
22504
22505
2522
2523
15815
15814
22609
22608
10712
10711
22658
24507
23217
13564
13565
22353
19722
5547
10313
10316
10317
8986
2277
5435
5436
6743
16787
19726
2212
15400
15401
11660
11661
4079
1287
1288
4953
25475
6382
22895
12064
2881
15303
15301
15300
23249
6868
6867
17175
160
19946
19948
19949
5658
18122
122
124
125
16851
16852
5268
749
12408
23586
23587
6728
19660
19662
19663
2376
16408
6349
15905
15908
15909
25110
25111
15862
7827
1922
1924
1925
5652
8186
694
695
14306
14307
22775
17396
19566
19567
11202
11203
23926
18491
17079
6503
6502
16389
16387
16386
15143
15141
15140
18681
17672
10458
16541
16544
16545
25208
16548
338
340
341
22342
6525
14986
14988
14989
11482
17227
9651
13409
10742
10741
22648
24544
6418
6415
6414
17823
7857
1923
1926
1927
25455
10472
10473
6553
6552
16730
16729
16657
16656
13466
2223
2224
4930
13552
10364
10365
18844
6057
6058
6059
25221
4055
4054
2320
24901
22433
22432
10914
24991
7127
7126
22290
13151
8781
8782
23905
18559
17645
17644
3486
4908
18446
2860
20308
9851
20919
8023
22084
5948
18555
3656
3657
3658
5946
5667
8846
18447
2864
2865
2866
3726
3723
3722
8026
13921
19288
23105
9276
3310
3300
3298
8432
11778
23629
23630
13800
22242
16216
16217
23869
20073
20072
23222
15756
10291
25252
25253
8766
9347
12517
12518
9002
15467
4131
4134
4135
21255
6978
5618
5617
17695
10547
10546
23142
980
21564
13295
9254
9246
2852
2488
19827
10340
10341
1713
1716
1717
5611
6977
6976
17220
16093
7204
7201
7200
2022
10583
23130
23129
1041
3581
3580
16638
24572
12992
21399
10278
10279
18426
3750
13202
13196
13193
13192
11372
13035
20778
17228
864
11353
11352
13723
7654
7651
7650
17985
18424
15831
6316
6317
16708
19604
10479
19887
19890
19891
25377
12559
305
315
318
319
11453
13517
5564
731
732
14280
14281
11266
18419
21360
17882
13922
10352
10353
6548
18072
7307
2412
13722
21752
21751
16153
6228
6230
6231
24987
7474
22191
20739
21465
25124
21404
13270
13269
22287
22286
13887
1643
23263
1058
1059
24649
24650
22329
6528
19975
19976
24060
13636
22224
22225
24052
19774
22210
24347
24348
1458
1459
5444
6635
183
189
192
13888
14681
14680
8598
8595
8594
17856
10120
20487
20488
1526
4856
21090
24193
24194
21181
24685
9940
9942
9943
2648
13089
1018
1019
5175
5174
16832
7824
1402
1404
1405
5261
21774
20005
12945
12943
12942
8747
15477
15478
24013
22450
20813
16174
16173
14210
10150
21327
13020
13022
13023
6328
21673
5998
5999
6000
6156
17592
18780
10948
10949
8866
8867
16766
16767
8342
10011
25525
3571
23101
11785
9442
9448
9450
9451
20670
10631
11891
11894
11895
23194
14268
20533
2632
20444
9486
22798
22800
22801
9169
3321
3320
17894
11757
23742
13547
4558
10312
10314
10315
8451
21129
5418
5419
6805
6806
16360
17184
17750
17747
17746
13854
973
13559
13562
13563
11681
19694
23901
3023
3022
16737
16736
5609
5608
7918
15267
15268
21243
3603
24948
24949
8733
18774
18773
17724
20496
11742
20686
13748
4060
4059
17705
4603
4604
24010
24011
12294
24503
20385
24172
18123
18124
24797
19931
7527
7526
13580
24432
22519
22518
18764
18763
17727
23328
11917
19484
4676
4677
8948
21573
4917
4916
4918
17759
17758
14057
14056
8152
8151
22970
19090
23944
23945
18785
673
25259
13943
10545
10543
10542
20227
20226
9606
1754
1755
6145
13538
11655
22742
17743
19019
788
789
11024
13718
13717
21956
5095
25348
18572
13221
13219
13218
19506
4875
19302
12833
12832
18704
23873
19626
19627
11264
11265
18332
3377
3376
17449
17448
11849
10133
10136
10137
5874
467
468
14215
9967
20677
3457
22131
22132
13802
9846
20647
7609
3505
3503
3502
13381
13380
10970
24333
2351
3184
3185
6774
15177
23487
397
9654
9664
9669
5674
637
24670
24672
24673
11084
1567
11711
11717
11720
11721
303
322
323
11670
6437
20669
8862
20616
15394
15395
2253
2254
5244
860
19065
19064
9422
9421
17445
17444
5021
17661
10088
10089
8504
8506
16366
12119
10698
10697
13476
19108
821
23310
15269
21259
3121
20221
7468
5971
25283
25289
21423
3862
3863
3864
15098
15095
15094
5138
16130
5519
5518
2041
22921
8520
8521
16278
24165
15123
15121
15120
17205
17744
7957
7956
22404
24575
22572
257
12340
12346
12348
12349
5250
6718
19937
19936
8726
681
15949
15952
15953
25113
22906
10596
10593
10592
13520
13519
1063
9929
9932
9933
2317
4853
9475
9476
21166
21167
16914
13830
10538
10537
20598
993
7297
7300
7301
2287
4803
163
166
167
16808
16809
24284
22886
19588
18030
12770
12769
22011
4213
803
806
807
7018
15286
24043
3141
23053
7551
23373
1598
1599
24646
24647
22794
22795
5103
963
966
967
25401
15457
15458
19570
19571
11536
21982
16987
10795
10796
24796
16263
7628
12096
12095
10760
12755
12754
23107
4126
20674
3048
23431
5981
6072
8486
21678
6033
8097
18849
6091
49
7865
7863
7862
16826
9108
9109
19872
19873
14816
7186
7185
17591
17590
18705
452
453
23968
23970
23971
5233
1064
1065
24986
1230
18683
18686
18687
2716
19082
17477
17476
14013
14014
24016
15785
15784
20982
20983
10956
10957
5851
16062
21883
21882
18478
22639
19372
23618
19691
3925
3923
3922
23099
18636
24018
24019
5426
13365
13363
13362
11028
22465
9088
9089
25261
25262
9194
24742
16577
16576
17413
15527
25131
3690
20847
6292
6293
16751
16754
16755
25153
22950
714
715
11618
11619
6547
6546
17838
7709
1443
1446
1447
25415
1420
18506
18507
22373
14486
20779
20780
16598
7254
18109
14860
14861
24263
24266
24267
16825
12035
10514
10494
2792
2475
2478
2479
12303
10298
10299
25330
25331
6983
14474
14475
8564
8566
8567
20708
8608
20024
24073
18495
12520
12522
12523
18888
15339
16325
16328
16329
11703
4077
4076
1844
11351
13065
13063
13062
8355
15594
15595
10806
10807
14332
16591
16590
8271
17740
7172
12598
12584
12581
12580
7398
7384
7381
7380
17950
13259
10321
10322
18310
18311
24896
21194
3526
3527
16775
16776
8322
5491
1052
1054
1055
20789
14917
4873
4872
9576
15010
15011
20512
12988
3786
18944
18945
24734
19145
15550
12008
18028
18027
13755
981
3451
3450
13367
13366
17527
14322
14323
2297
2298
15047
15048
21178
21179
8902
20132
20131
4495
6495
6493
6492
16455
16454
8844
1431
1432
20015
20016
24633
3939
3938
18899
18897
18896
16794
10160
16846
16847
8247
18024
19671
9000
19965
3611
6920
6919
17163
17162
19599
10577
10575
10574
14144
14143
1051
3029
20666
10044
20684
1390
23589
18935
12485
12488
12489
8141
14886
23592
23593
1770
23672
18575
6674
1028
1029
24971
24972
11307
7756
7757
1947
1948
5365
8981
22960
19085
16260
16259
7908
20059
20060
1268
1269
18800
15922
15923
21313
21316
21317
16071
7703
4188
23879
23882
23883
5612
13290
13289
19455
19454
14080
24056
16407
7295
2076
3548
23641
227
228
19966
19968
19969
9200
13170
13171
14769
23086
15524
15525
10968
10969
8929
20380
24140
8580
8581
16448
7208
20375
24109
14310
14312
14313
6322
24947
7409
7407
7406
5929
25019
25061
5616
13050
13049
17979
17978
1910
21534
21535
2509
22461
11253
11256
11257
25119
6885
15636
15637
1263
1266
1267
703
706
707
11647
13555
4546
10072
10074
10075
8840
8841
1460
21347
20781
22836
18729
21017
9666
9667
5644
517
23524
881
12322
12323
11263
2692
3455
3454
8725
14784
14783
7914
17054
1211
4517
4527
4530
4531
23746
3998
18196
22880
12028
17902
17901
14091
1110
4741
4740
22620
2759
6030
8094
18846
6075
8489
21681
6090
14242
14243
11312
11313
6564
17053
9150
18094
18096
18097
23716
23717
23723
23724
23718
23722
17730
21849
21848
1900
23590
15964
15965
8300
7224
7221
7220
18036
19390
16888
16889
8755
8754
9396
22710
18392
22219
3688
3689
16439
16440
8545
20326
7838
2012
2013
5714
19333
19334
16903
19117
22095
13176
8113
8116
8117
25350
3463
19773
19772
11162
11161
17116
17115
11204
1822
1823
17019
7569
7568
4262
18354
18355
24908
22381
3979
17928
9816
16841
7725
3034
3031
3030
22616
10130
19033
19034
2621
18606
20945
15577
15578
21589
8219
8218
8242
8241
11174
19629
10917
10920
10921
25542
6344
25005
11990
11989
22334
22333
13459
23204
3468
13245
13243
13242
11408
6212
20699
7820
10190
24081
24082
5011
9518
9519
14154
10627
12764
12761
12760
8395
8394
16160
21715
14855
14858
14859
21651
817
20478
15622
18363
3085
16539
7495
10301
10302
2644
2645
5572
10857
15632
15633
9173
9176
9177
25105
22264
17922
935
936
22382
22384
22385
11093
22624
19531
22729
25181
22879
4489
4487
4486
20314
21918
744
24946
19051
19050
5925
20882
20888
5430
3014
3011
3010
19784
11589
5619
20623
20622
4432
20366
15746
9850
20946
20948
20949
20718
10633
10632
14208
19386
24199
470
472
473
14284
10243
21136
21138
21139
5266
21033
18969
16958
16959
18267
3092
3093
16837
7558
21604
250
23670
23671
14772
21800
19894
23614
15315
15314
21511
12030
12029
19460
19459
13905
25205
21741
15710
15707
15706
17925
22230
24344
22573
17041
2236
20767
21000
19870
10460
10461
1691
1692
24226
20965
13129
13130
16597
17298
22727
22728
24359
22837
20239
20984
19316
19317
24658
19323
4951
4952
24801
18872
23701
12050
12049
22335
17635
18230
18231
5599
17656
19373
19374
24383
18282
23591
6644
184
190
191
13868
14727
6833
6827
6825
6824
23486
2517
19448
12815
6412
6406
6404
16840
6291
23471
23472
23868
16391
16390
22602
22601
17231
17230
13349
10100
20774
20775
16618
18634
18635
2540
2541
18758
13377
13376
10719
10718
239
240
25474
14747
6875
6873
6872
16827
1142
1143
24262
24264
24265
16489
12014
22261
22259
22258
20229
22124
19741
15234
2699
14377
10388
10389
21754
15864
15863
5423
5422
7959
783
786
787
10700
13070
13069
19133
9986
23227
4783
9638
9639
13804
13803
4682
18286
18287
5708
5709
18948
15137
18079
716
24548
24549
6561
6560
16744
3629
15893
15896
15897
25334
25335
11117
14155
4675
25117
22456
24622
24623
16459
7987
22391
22392
24580
8563
15650
19230
19231
14074
14075
5710
22278
19865
9758
9759
18778
18779
2533
12179
12182
12183
24634
170
20639
20640
23848
16741
16740
8280
2398
18508
23640
18201
21808
20020
21241
18488
23679
6376
6377
16273
16274
22875
22876
11613
21437
21436
1825
15456
20764
768
8216
22856
24026
5254
5255
16032
10239
22718
22720
22721
8447
15327
4429
4427
4426
2328
24436
19693
19692
16700
23924
23925
4950
16868
19055
8091
18843
8775
19135
20453
21967
23285
25040
25074
25041
25042
23080
20057
21040
13630
13631
11570
11571
18327
3381
23093
23092
2046
10625
10624
14071
18232
7715
7713
7712
9405
12242
12243
11123
11126
11127
25142
10603
20298
20297
1080
4734
4733
14132
10207
8272
8274
8275
1500
3954
3953
21169
15460
15461
24924
18260
18261
5556
5557
8954
19658
21340
8445
22862
4356
4353
4352
17885
17884
4271
18133
12881
12884
12885
25492
9287
9286
18525
18523
18522
8767
11819
11820
22308
22309
25006
9138
9139
13659
11735
11738
11739
19545
12934
22733
6636
6638
6639
20706
20707
7012
20025
25354
3869
3870
16011
7669
2887
55
23
20
21
22
24
25
26
27
28
29
30
31
32
33
34
35
8035
15036
18154
18156
18157
12307
19363
25364
3747
3746
9590
13411
13410
11439
2443
2444
8621
23906
4381
4380
1791
1792
24616
8160
17797
17796
22175
25254
21927
9392
9391
3632
5284
21262
2751
2073
12201
25416
25417
17588
17587
5559
608
609
13982
10003
24093
3444
19480
13058
5064
5063
17807
17806
8710
18108
24898
24899
12107
12106
17532
12847
12846
1886
2986
14157
10090
21708
21709
17024
7977
7976
21477
988
989
24887
24888
2250
24102
20578
24281
23287
18838
18839
18840
5995
5996
5997
7937
7936
5003
5002
13378
17482
19754
19755
6336
6337
20209
12061
12060
11299
24824
24825
8315
22094
8410
8409
9381
12977
24274
24275
16609
16610
24228
629
24873
1502
1507
5607
10902
10903
16568
7510
7509
11178
11177
17325
11382
7992
9356
9353
9352
13869
6236
25323
7454
22376
7605
2970
2967
2966
13792
10087
7630
7632
7633
1497
1498
5046
21771
16184
4339
12599
12585
12583
12582
14627
14613
14611
14610
8066
17042
21091
3086
3088
3089
16774
7412
20455
21670
21671
21672
5992
5993
5994
3651
5303
21281
2872
6105
6020
24523
6213
6214
20881
7884
16988
19223
19224
21082
21083
18794
16758
3682
3684
3685
16013
16014
8692
5949
23715
23721
18576
3787
3788
3789
22416
22413
22412
10771
12859
23203
3515
18053
10447
20425
7490
7489
3475
4897
18435
2772
6171
17567
11539
11542
11543
14571
7821
9255
9249
9247
14179
8869
14918
14920
14921
5230
5231
2724
18479
23137
19474
12554
23336
15536
4250
4251
18405
4377
4376
2134
2135
10866
10867
24000
11356
13576
22118
22119
24025
21395
24944
24945
8356
15566
9025
9035
9038
23563
3764
24735
822
824
825
15836
7328
18380
3264
24469
24472
24473
14570
588
589
3650
5302
21280
2870
6099
3434
3431
3430
9585
12615
23779
23782
23783
14196
10107
7340
7342
7343
21130
3214
23520
14536
21914
17490
17489
13686
17585
17584
5167
1364
1365
24641
24644
24645
2855
6073
8487
21679
21971
8387
8779
19139
20457
23289
15033
424
439
14941
14951
14954
14955
9201
13163
22769
22768
8266
21254
10635
12965
12964
1066
10928
10929
21163
18719
7745
171
172
22986
22987
25007
1301
1302
21580
17004
24468
24470
24471
14540
3808
20179
20180
24057
9499
9500
19967
19970
19971
9229
19753
22770
19018
20937
25260
22430
17516
22676
7787
7786
2773
6177
5886
2025
12218
20792
20793
13998
24125
8793
224
225
23434
14696
17998
17997
16212
23613
20142
4378
21232
15816
10168
10169
24833
24834
8314
11171
12571
24385
15583
4748
4745
4744
9586
12069
11007
23131
1870
9916
9918
9919
1976
3384
21846
21845
17726
17725
19445
19444
14073
947
948
20006
20008
20009
1289
18579
16778
6520
6519
22993
24410
22565
3551
9003
9004
16322
21562
890
891
15821
15820
14364
14365
6345
15448
15450
15451
20868
21084
20769
533
24805
10482
1968
1969
5494
18120
18121
24870
24871
2192
13629
25444
1577
1578
19344
19346
19347
1710
3447
3446
22129
13401
23377
5384
5383
17648
17647
22345
3972
12004
12001
12000
10783
13104
17424
5487
25126
3514
17708
17707
11115
3977
3976
2334
10607
12722
12716
12713
12712
8769
15029
25114
25115
8803
17238
13293
13292
10951
8112
8114
8115
6086
17377
22083
22082
18994
18993
21547
15597
15598
11142
11143
14348
14733
14731
14730
8808
625
16371
13953
11247
20855
7507
7506
10844
12162
20685
13178
14673
14671
14670
8797
8796
16321
16320
21506
18205
22912
19103
1355
1356
21856
21858
21859
20704
11350
17608
17607
2221
5586
13236
23171
13159
351
354
355
23250
13297
13296
10707
10705
10704
14192
6222
6223
23480
11976
23172
12858
21190
2965
13557
10091
8273
8276
8277
1529
18518
22162
22163
18388
8602
811
812
8622
15402
21239
21240
21357
21355
21354
8369
22410
9709
9710
25394
16066
19057
19056
11323
18316
18317
10084
10085
8914
8916
8917
1464
24133
23303
212
213
20602
14640
17955
15276
19364
19366
19367
8843
18296
11802
11803
11489
11492
11493
14198
9804
16505
6794
22859
22858
4480
4479
17840
4502
12677
12676
6436
6435
20646
7704
1322
1336
1337
23523
10348
6539
16302
24607
12429
12430
17324
17323
11180
12551
22042
15535
11836
11837
3660
5312
21290
2908
22974
4415
6575
6573
6572
16457
7359
14135
14134
10910
23890
23891
5402
13364
13361
13360
17844
14123
10367
18621
13512
22362
18181
23936
3803
3804
16770
16771
24482
20962
20963
13756
14703
6830
6820
6817
6816
20332
17563
10392
10394
10395
14538
14539
8895
23476
7822
11904
22232
6533
15044
15045
18346
18347
12325
9070
9072
9073
20373
20374
5785
8945
2595
2598
2599
23432
10455
21733
21732
17819
7372
7373
25136
3822
20546
12817
12816
7965
7963
7962
4266
24070
3744
13773
13771
13770
11364
19878
21154
18534
21796
21795
17156
17155
21206
10536
20343
1013
12765
12763
12762
8814
8813
17105
23426
10068
4518
4532
4534
4535
5855
8997
25314
4012
20364
10590
17602
17600
1076
4735
23481
9186
24750
24751
14786
7690
7689
17761
12844
12841
12840
8433
4150
25298
23386
1588
9896
9910
9915
1741
3401
20261
20260
11874
24443
24444
13806
17039
17040
1290
3779
3780
15988
15990
15991
23545
20084
9870
23709
7724
17525
17524
14023
25178
14933
3354
3351
3350
8414
8413
17713
4608
23834
23835
22464
24506
20127
20126
8663
624
24939
23326
10242
2288
2290
5000
17341
17340
13582
9687
20905
657
22442
22444
22445
11107
16115
16114
5142
401
9655
9665
9668
5648
16433
7467
7466
21575
21574
16162
7852
2259
2262
2263
5835
6676
6677
16782
19077
11764
11765
25223
13531
4625
23195
24689
9993
9996
9997
23997
3466
10862
10863
14137
9817
9818
16850
8635
11029
12566
12567
18342
18343
11510
22635
4703
4704
21198
24151
9868
9869
23688
7079
23484
13288
17897
17896
14093
6246
6247
23029
23030
12084
22282
22281
13524
1102
1103
5397
16629
16630
11480
15479
25121
12199
12200
24608
13112
16262
7747
7746
17810
6959
12504
8826
15445
11987
11986
21038
21039
12262
12263
11478
11479
14076
11752
11753
23383
12648
20608
7928
11047
12555
23514
14896
21454
21456
21457
2037
21809
14557
14558
18182
18183
11620
8163
8162
16628
11089
12889
12890
24247
6699
14663
14662
23104
16991
1917
1918
5563
18169
23668
9949
9950
2741
12775
6408
6394
6391
6390
16185
7368
24044
3861
21757
21760
21761
25244
13511
13510
11243
17029
7671
7670
9417
9415
9414
20243
9520
22672
13155
20459
20460
6149
17570
22171
20854
21827
20224
14119
9284
9281
9280
17847
17846
9610
19811
4708
21005
25236
9076
9077
25250
14687
6829
6815
6813
6812
7039
7025
7023
7022
4888
13268
18023
18022
13676
23544
16403
7854
1326
1340
1342
1343
25308
1397
3212
3213
8795
15117
5640
18073
7741
14661
14659
14658
22016
11788
22106
22108
22109
20705
14930
14931
5477
5480
5481
2698
4423
334
20687
6534
15420
24400
24401
14094
14095
14780
21902
13577
9503
9506
9507
25503
9116
17322
20404
13498
19416
19417
4082
12697
12696
17168
21242
3107
3108
17080
8060
5092
23541
18972
19628
22066
22067
14301
16807
7691
15168
15167
21609
13431
5635
634
635
12310
12312
12313
11041
17237
19301
22526
20061
2240
2241
5726
5727
16004
16005
8748
16522
22065
12421
12424
12425
5830
5831
6764
9767
4614
4616
4617
20611
17387
11890
11892
11893
11051
12594
12603
12597
12595
4687
734
735
19635
19636
11267
20741
3613
9560
19587
19586
17543
19719
6545
6543
6542
16793
8923
8924
2280
24129
20472
16123
20435
6557
6556
16167
7644
21244
21245
4977
9832
9834
9835
19910
7135
4326
4320
4317
4316
23174
4593
423
429
432
433
12279
10006
25149
24892
18361
24195
23212
13900
13901
19527
3119
3120
24789
24790
10924
12484
12486
12487
8136
15436
22427
10569
10568
13712
13709
13708
8043
17065
17066
1820
24793
10490
1633
1636
1637
5622
5623
2558
4876
13294
19249
19247
19246
23091
19258
22510
18146
18147
11598
11599
6583
6582
16521
11130
16620
16622
16623
2062
21350
19330
19331
16567
18942
22833
17860
414
415
11213
11216
11217
5829
22936
702
704
705
11099
21737
20324
21725
5986
5987
5988
5989
5990
5991
17385
21463
21464
24020
21561
18185
9604
9605
24999
10814
12409
12410
24242
24243
10983
22730
22731
23816
23008
376
24448
24450
24451
6567
17799
7336
7337
20736
4808
16135
19718
17367
17366
18645
268
269
24874
24875
22069
2750
2028
3716
24477
24478
16563
8178
8179
24774
24775
6357
20048
12055
9872
9874
9875
24832
8632
17859
20985
9689
9692
9693
21652
16176
13870
13871
11220
20752
16768
19125
9968
9969
22238
18811
5810
24547
4008
4005
4004
20644
900
15783
15781
15780
8820
1396
24138
24139
6759
6760
18234
18235
24974
11584
11585
5081
15104
15103
5239
837
9700
9702
9703
24237
850
13832
13833
11608
2310
24162
20372
3511
14150
14149
10955
7285
7288
1949
21630
8180
206
208
209
19860
14726
17289
17287
17286
16801
7807
17129
22605
22604
10826
10825
17113
17112
10868
15360
15361
22074
13214
13213
18464
18461
18460
13327
19383
7631
7634
7635
1527
1528
5196
24526
21597
20003
20002
21507
391
392
24573
24574
14085
15526
24023
24024
5417
24953
24954
8381
4173
903
909
912
913
20915
10380
8398
15805
18875
25493
12027
12026
17530
17529
14209
9761
9762
21613
1352
1353
24660
24661
11308
6449
23501
24487
283
286
287
8776
24527
7831
7834
7835
1492
1493
24787
9697
9698
23605
481
14395
2886
6121
23861
19431
19430
17704
18238
3458
13244
13241
13240
11044
11043
17888
9275
9274
6012
18828
8076
5923
5313
22417
22415
22414
11034
12853
12852
8763
8762
4228
23784
23785
8230
15444
21096
21097
5795
5669
5670
5675
8853
12439
3173
3183
3186
6777
20141
7692
1273
25158
15980
15981
8691
8690
20434
20433
18065
5125
12075
12073
12072
11370
13067
13066
17407
14992
14993
11642
20864
22060
24709
24710
21584
24620
18180
104
105
8780
17808
21855
180
19947
19950
19951
5870
1021
4729
4727
4726
13387
5895
20700
20701
3616
19092
19091
17139
15056
18155
18158
18159
12337
19534
2306
18546
11211
13523
4626
4627
2274
2275
5037
6624
6626
6627
23674
23675
6308
23708
7699
5897
20924
20925
3631
21401
21400
7901
23465
1154
1155
23279
15979
23325
5907
25324
25325
3868
15542
15541
4435
23218
4136
4137
23224
4419
1698
1699
4996
21998
21997
17934
21903
19573
10138
10139
24906
24907
1278
1279
4954
4955
14328
18202
18203
11328
6439
6438
22975
17372
21602
23875
6839
6837
6836
23256
23255
17828
7215
2414
2416
2417
10671
14370
10386
21624
21625
16003
7887
20203
21041
19624
24586
24587
16819
17203
18145
25429
18918
14982
11416
24038
10570
19704
19701
19700
8044
15596
20363
24684
22185
22186
2646
21482
298
299
13649
13652
13653
25472
9750
18694
18695
2486
2487
8705
8704
4941
23138
10484
10485
4058
680
19958
19959
5742
5743
18358
3041
22689
10106
24323
24326
24327
1494
15220
15221
2347
5793
19207
12898
21344
21345
18953
16177
4335
4334
21880
21877
21876
17883
22393
25199
22578
4713
5592
10318
10319
19203
21124
18567
9802
9803
16466
7931
11381
5888
5645
8829
12435
3172
3182
3187
6779
16132
4332
4329
4328
20492
20491
5378
5375
5374
8027
22409
19400
6532
23004
9184
9185
24904
11131
11132
20618
20619
9221
13108
14723
6832
6826
6823
6822
23164
130
23689
23690
12088
17509
11855
11856
17569
17568
11346
19717
19716
7867
7866
23538
23539
6975
15397
15398
2591
18494
23046
19062
2988
2987
14197
10131
7265
7279
7282
7283
1531
3205
20912
14469
25407
15157
20655
2665
22917
12414
24114
24116
6734
12546
12547
21977
14865
23736
301
12345
12359
12362
12363
5882
6675
15156
20446
2329
9574
9575
24970
528
529
24769
11616
15530
5119
5117
5116
23159
7534
21092
21093
4948
4949
23914
23915
18748
24757
18878
24850
24851
19608
10668
10667
13479
1003
1006
1007
5598
13488
20555
4032
2423
2424
11361
12779
7399
7385
7383
7382
2793
20319
22547
8688
8685
8684
2779
12979
12978
17160
20942
20943
16276
16277
5764
2550
2551
5005
22611
9285
9283
9282
3644
5296
21274
2811
2717
7133
7132
23112
12516
8994
15435
13932
5318
5315
5314
13323
9305
9304
14220
14221
1853
9685
9686
20773
541
25540
10186
21249
21250
5183
9496
9497
20927
20930
20931
6164
15383
17984
17983
1967
4160
4161
21234
21235
4940
22640
11587
11588
5474
745
15910
15911
24484
24485
1771
1772
22810
22811
19241
22483
25157
21779
16319
17986
398
399
10876
10878
10879
23712
1144
20678
15939
1953
1956
1957
25546
1210
18682
18684
18685
23648
5078
1190
21514
21516
21517
2049
12184
12185
25222
19985
483
486
487
19639
10222
2624
2626
2627
5246
9637
12608
12605
12604
20539
6468
20070
20067
20066
14692
14689
14688
8046
8045
16223
7063
7062
11030
12534
20504
15556
19594
22266
22265
19801
2213
3028
20599
10206
24282
24283
16615
4244
4246
4247
2074
3582
14114
14113
17137
17136
13337
13336
17538
19675
23609
18845
6064
6065
6066
14793
14791
14790
20307
901
12135
12149
12152
12153
11704
13173
19929
19928
8661
8660
17388
4142
4144
4145
24039
6949
15294
15295
25355
3857
22946
18916
22809
11641
13126
13127
18753
24320
16104
16103
8270
15422
15421
4428
4425
4424
20668
12759
23488
15026
20721
12266
12267
11128
11129
19880
14675
14674
19157
19156
17174
1201
1202
24214
24215
14225
6295
15872
15886
15888
15889
25296
15726
20463
14932
21455
21458
21459
2676
21513
872
16731
13233
13231
13230
22338
13177
18865
18868
18869
17063
13596
18029
19715
7464
7461
7460
7420
7417
7416
3477
4899
18437
2790
6115
23127
5163
854
855
19630
19631
11695
18312
6204
6209
8111
17637
951
954
955
23458
23459
1303
23252
15987
7493
7492
10987
21156
21157
24912
1168
25302
15996
362
364
365
11432
11433
4960
25012
7585
5109
5110
2117
12377
12380
12381
25228
25229
11230
18486
18487
16777
19124
5490
23894
23895
5128
20977
25200
12667
12666
23253
6726
6727
25242
25243
6348
20102
20103
23846
23847
15856
10163
17056
17057
8329
17104
22683
17487
13164
13165
6346
6347
16349
16350
5759
258
259
13984
13986
13987
20877
17620
5552
5553
1808
1809
13981
19415
21150
24179
24180
1828
16812
16813
9220
19649
19650
22646
22647
11614
6454
6451
6450
16493
16492
8236
8233
8232
9379
19674
22024
20034
4755
23317
16481
16480
4447
591
592
24630
6536
6535
16375
11134
11135
2090
2091
16915
16916
13951
17521
19882
9696
23513
5804
12440
12442
12443
5212
5213
6799
15087
15085
15084
4843
17368
18770
23900
21307
15804
15803
8134
13032
13033
2470
2471
22926
3138
23023
7415
5979
25023
25065
23254
18585
18586
18587
3843
3844
3845
2949
2935
2933
2932
13329
23232
18740
20400
21572
5202
5594
17839
7535
782
784
785
10670
12957
12956
7967
7966
5106
23902
4739
20593
17486
22680
6252
6253
16996
16998
16999
8424
9924
2029
4770
11210
12635
12634
14819
14825
14828
14829
5281
281
12343
12353
12356
12357
5672
6711
23445
7196
14630
14624
14621
14620
2952
2946
2943
2942
13384
11698
5072
15175
15174
23269
836
22152
22153
5156
5157
2492
22659
10922
10923
2316
3440
3439
11206
13514
9831
17081
7091
23235
23234
13318
19251
19250
21369
21368
8055
8054
11857
22154
18492
18493
22955
19093
2976
2975
13861
10371
4085
4084
1761
15329
15332
15333
25419
13287
13286
5913
23714
23720
5038
21362
21361
19121
22397
9522
9524
9525
20870
9140
19767
19766
21853
21852
17365
5624
23792
19158
816
19160
15638
2229
2232
2233
5845
896
13619
13622
13623
11708
1640
20417
6927
6926
7497
7496
17138
19974
11424
17417
4765
4764
13374
19261
19260
17145
9491
9494
9495
23450
23451
9213
23909
23912
23913
5602
24749
6280
6282
6283
16497
16498
24621
19900
24304
24305
16781
16780
8267
138
139
16600
16602
16603
20832
9751
5537
5540
5541
8993
2673
12165
20909
13139
23444
7016
7015
4986
4983
4982
8049
15292
25147
12877
18223
18224
21702
21703
20200
22423
20283
22579
1111
3009
18090
10123
23291
23292
24759
6281
6284
6285
16833
16834
23806
16494
10238
16540
16542
16543
20753
22939
383
386
387
11648
11649
5345
17050
7479
10462
2289
2291
20880
1226
21515
21518
21519
8991
8992
2687
4805
4804
2089
683
686
687
14368
14765
14764
17443
12507
8850
14850
20680
2106
20841
5043
5044
6756
6757
23862
23863
13766
14651
14650
20272
15657
1117
1131
1134
1135
5881
15915
20967
20970
20971
2907
6155
6028
24629
18616
137
14818
14824
14826
14827
5251
2500
8612
12209
9023
9029
9032
9033
20921
9121
7131
20223
20222
13371
6011
8075
18827
5908
25511
25517
3880
6010
8074
18826
5905
25059
25101
3853
6413
6407
6405
16831
7304
14940
14950
14952
14953
9196
12888
9952
9954
9955
18328
3438
11052
12694
226
23525
14702
21791
21789
21788
20235
2570
2571
23616
23617
1470
3282
3283
11233
11236
11237
2677
4731
4730
20189
9130
7504
7501
7500
9408
9407
17426
9395
9394
14101
18884
18885
16969
22436
10403
16798
16799
13680
13681
21723
691
692
24778
14667
23489
16894
19115
19114
9420
15842
15839
15838
17904
12773
12772
8538
8535
8534
16182
7859
1327
1341
1344
1345
25530
14909
25160
25161
2164
24753
19924
17999
19901
6660
6662
6663
23677
17775
4333
4331
4330
23455
23454
13451
23329
4182
20722
20723
5333
15768
15767
5903
23756
23757
3793
23442
23441
7905
15608
15610
15611
11072
3982
13705
13704
7066
7065
20443
13227
20661
12999
6181
6187
6190
6047
12674
22846
2057
21406
15904
15906
15907
20710
20711
15861
8668
8669
1525
3224
3225
8983
16131
12865
12864
1067
3004
17931
11592
21872
21873
23960
21416
18936
18937
23845
21793
21792
18602
18601
17619
17618
4689
4690
1817
23667
19225
15349
15352
15353
9227
9228
13662
24120
24121
8194
11292
11293
5724
15916
15918
15919
20356
20357
11517
13478
4615
4618
4619
2348
2349
19493
19494
8987
21114
11860
11862
11863
2837
6046
21963
9340
7714
7711
7710
9374
22507
20776
22797
4175
4178
4179
2674
2675
5413
17649
23374
3978
20944
20063
12091
12090
11329
14455
14456
25414
15133
17953
23081
15728
15727
21976
15340
15341
24816
20482
17492
12505
12506
8834
15342
16820
16821
1300
24878
24880
24881
1255
4654
4655
5803
22488
22489
4974
4975
21784
14754
14753
8334
764
11010
22546
18904
18903
22972
7768
24028
24029
21662
5919
5920
5921
14939
14945
14948
14949
9171
3398
17881
17880
11868
20801
12981
14506
20481
17233
14995
14996
11678
15049
23192
23193
12318
20554
1650
18545
18544
9619
19839
2442
8407
15210
2027
3109
3435
3433
3432
9614
16290
16291
24543
21442
16314
16313
22634
18225
6241
6244
16981
16982
12089
10589
10588
13444
13441
13440
1045
3429
23424
23423
10713
14987
14990
14991
11487
23776
22336
13077
13076
7874
22814
22815
1834
1835
12316
12317
19499
1574
1575
24489
24492
24493
1704
12955
6474
6471
6470
16197
16196
8290
22530
5080
5079
17921
4659
4660
2152
19869
22323
2638
21371
7193
7191
7190
20265
20264
4252
20746
4772
13208
13205
13204
17534
17456
9339
9338
19080
19079
9366
22503
8976
22792
12744
20334
15366
24604
24605
13761
22756
17873
23026
18998
21302
21301
13790
22231
7290
7291
2016
3245
9796
9798
9799
18375
17332
18467
18466
13507
19423
4033
97
20920
11979
23494
12854
21905
21904
4233
1863
1866
1867
25436
20028
5516
5515
17825
17824
8378
15522
18407
18408
5416
17015
7445
7443
7442
11400
23979
23276
9550
20596
9886
25277
7099
4323
4309
4307
4306
18092
4402
14164
14163
10756
12756
23170
4293
1083
1086
1087
5629
14041
14040
12670
12669
17167
17166
2093
15948
15950
15951
20712
16734
19038
21246
18584
21767
12497
12500
12501
8533
14874
25304
2563
4776
13786
17485
17484
14015
8978
14897
4119
4122
4123
18423
6918
24729
24730
19796
19795
4679
502
504
505
22466
11609
21147
11791
11794
11795
11643
11644
14141
5171
21647
21646
21648
13018
18512
18513
11550
11551
2114
2115
8078
23649
18615
131
132
24993
24994
12081
23115
19744
17463
4296
20964
19646
19647
24973
2246
18688
18689
24540
24541
4071
4070
19996
19995
5528
18142
23637
18909
15698
15695
15694
18050
18049
10944
23610
256
24700
24702
24703
14785
17306
22853
20729
21320
16533
7657
7656
21389
21388
13310
13309
22332
3999
2430
2431
22285
14353
10378
10379
18760
15940
15941
23813
20637
7351
21260
3265
9774
9784
9786
9787
14572
7067
20652
13298
17469
17467
17466
14180
24270
4788
4785
4784
12728
12725
12724
17429
15733
7360
7362
7363
23962
4866
2428
19505
12808
17867
17866
16635
20796
12891
25383
6709
6710
22985
7744
18258
24196
24197
2147
2148
14282
22246
1964
1965
5756
5757
2165
13006
13007
18798
2480
2481
13640
24638
1606
24160
24161
18341
12886
12887
21633
6796
6797
16450
16449
4499
653
9764
9765
5428
16006
21890
19362
24083
18756
17352
22650
3005
15588
15590
15591
9164
24714
20152
7198
7197
17359
17357
17356
23318
173
23446
23447
5744
20354
18100
18101
24777
371
372
24614
24615
6554
22924
22923
14698
14697
21942
21941
16335
2730
3691
3692
17016
17017
8765
9937
9938
2405
4865
9489
65
75
78
79
905
915
918
919
23747
19023
677
16018
16020
16021
20819
14472
24292
24294
24295
16502
3164
22443
22446
22447
11666
1565
1566
22176
22178
22179
1679
21553
9487
9488
20158
20159
2528
13634
13635
11300
11301
1728
1729
4989
4988
17450
13587
9727
5144
5146
5147
8847
8848
2385
12219
12220
18160
18161
13983
10423
2356
3408
17339
17337
11879
10253
10256
10257
5843
21045
12239
12240
22321
22322
1726
21359
21358
17421
22396
24613
12668
3924
3921
3920
18035
18034
10962
16882
16883
21034
21035
10887
25397
2824
16330
16331
2256
3146
3147
13618
13620
13621
2863
50
51
52
53
37
36
38
39
8065
15013
422
428
430
431
12274
10427
20383
20384
14016
14017
2504
16727
16726
19441
19440
13447
13446
1885
3024
20311
10126
21857
21860
21861
1524
21558
17826
19022
14705
14704
7894
7891
7890
16508
1270
22838
22840
22841
11111
21446
18190
10587
12720
12710
12707
12706
8377
16973
22062
22063
14239
14240
3647
5299
21277
2828
6036
8100
18852
6100
20055
20056
2172
14269
14270
22300
24715
3218
3220
3221
24601
14430
20683
16122
22698
15579
23281
261
12341
12347
12350
12351
5280
6719
15308
15307
5532
5531
18067
4411
4410
19690
19689
14034
14033
17172
17171
2070
10640
13073
13072
8159
8158
16159
16158
8729
2612
18613
18612
2096
20031
20032
24664
9521
13397
13396
18762
3400
3399
19119
19118
11878
19310
19311
21627
20115
7553
7552
11320
11321
1664
1665
5748
5749
2182
2183
6979
19420
6523
6522
16636
16637
1934
1935
5863
18943
16317
16316
17204
2710
2711
15837
7374
25148
4795
17751
17749
17748
4512
632
24531
21739
21738
16394
16393
5597
5596
13311
3755
5407
21385
3488
4910
18448
2871
6101
15589
15592
15593
2364
3269
9775
9794
9795
14607
7808
3517
3516
22615
11594
11595
21453
758
14912
24155
24158
24159
2325
18019
9423
3395
3393
3392
8367
8366
2181
19439
12944
12941
12940
8064
4269
4270
1781
12365
12367
18788
6698
20041
4827
4826
2127
2128
24577
12868
4562
4564
4565
24041
12248
19215
19218
19219
25342
10526
10525
18056
1030
11770
11772
11773
11427
11428
13801
11602
11603
14566
18992
17971
19778
469
14227
10180
2401
2402
5009
22134
12066
12065
10911
23686
18995
23072
711
712
24594
6421
6420
17949
7358
23580
3241
25430
25431
14533
7982
11159
11158
18537
18536
7985
7984
11876
11877
10882
10883
21626
18836
5975
5976
5977
25214
25215
4088
157
14820
14830
14832
14833
5643
748
92
93
8388
12835
20440
23872
18999
3504
3501
3500
13326
13325
10975
7379
25524
3559
25403
25404
16359
4821
4820
18344
24564
6515
6513
6512
16815
24402
22585
19927
23085
19904
21768
21769
23897
3415
3413
3412
13386
13385
14654
14653
20500
15256
22196
22198
22199
8450
2273
3250
3252
3253
11100
11101
14576
7517
7516
5176
22812
23827
23828
13977
9064
9065
23759
23761
20421
6642
6643
24721
24724
24725
6353
15994
15995
23804
23805
16411
3539
12901
12904
12905
6385
6386
16282
21460
21461
18389
12990
12991
14799
20255
16342
24074
3159
3160
22656
22657
11573
20386
13087
18228
15520
15521
18269
18270
5349
20875
6433
6432
20329
7649
25356
25357
5029
10274
10275
14543
14544
8757
19262
3771
3770
7951
14162
9771
4519
4533
4536
4537
25538
3952
20351
14937
3355
3353
3352
8806
8805
17399
5093
5094
24053
18965
659
6937
6936
20147
7139
2953
2947
2945
2944
13389
10127
7264
7278
7280
7281
12464
12478
12480
12481
6384
15416
22550
17398
17397
4223
4224
24068
18667
598
599
11218
11219
18795
22956
6460
6459
23007
23006
12037
12036
10737
10735
10734
14160
24442
12872
5160
5161
2144
2145
13646
9946
9947
2693
12984
17458
4151
4152
25370
3774
13285
13283
13282
11027
11026
14223
18891
22989
3361
23316
23315
17556
20530
24835
19177
9278
9277
17318
17315
17314
20586
7660
7659
3635
5287
21265
2760
1762
1764
1765
23537
19432
18045
1876
14238
20525
24211
21384
3479
3480
3481
907
921
924
925
25539
10263
25168
5292
662
664
665
16518
22431
10597
10595
10594
13808
13807
1070
11567
11568
2311
4234
4235
2449
20268
9325
9324
14022
24355
16280
16281
5488
5489
2562
4869
4868
13353
10201
10202
24373
16759
16760
18140
18141
3654
5306
21284
2882
6117
2718
10638
10637
13890
9684
20681
641
12130
12136
12138
12139
20673
12258
23628
140
22778
22780
22781
20830
22239
3698
3699
13841
13842
6388
14934
14935
5007
5006
8659
1228
1229
4943
4946
4947
14390
8126
24934
24935
19149
15431
9022
9039
23731
15642
1116
1130
1132
1133
25306
14926
20428
20429
2557
2997
2996
17687
10227
7693
7694
1514
1515
5429
6680
6682
6683
20851
6254
24928
24930
24931
20672
15772
19089
2600
2601
22071
22072
13791
9299
9298
19835
8865
23448
13107
1000
18475
18052
10121
10122
22001
22002
1517
4855
4854
23151
5122
12664
12661
12660
15372
15369
15368
4452
831
832
16747
24565
14499
14502
14503
8791
8792
23796
21991
15548
11284
11285
8998
8999
16352
3448
22312
13473
18691
18692
24078
18583
8584
8585
24738
18319
4874
10864
22643
4629
426
440
442
443
25301
19098
1382
1384
1385
23662
19319
3136
3137
19876
19877
2136
19286
19287
23874
10521
10519
10518
17714
1097
2961
2960
13529
11160
7124
7122
22105
3575
6964
6961
6960
17980
18197
22275
12753
12751
12750
22013
15440
22064
18003
18002
9393
3331
3329
3328
19184
11912
22155
3087
3090
3091
16779
7548
5234
899
6997
6996
18609
18608
17636
4719
4720
5275
22487
3828
19151
19152
24021
4347
4346
22753
22751
22750
8359
23043
1169
1170
19911
19912
8722
17481
17480
13677
13678
24088
15807
8925
23419
4718
20398
21271
21272
21273
2804
2805
2806
10016
10030
10032
10033
8996
1410
11746
11748
11749
22341
12831
5634
23857
12178
12180
12181
24598
13162
16583
16582
8332
8331
17281
20038
24406
19656
19657
5366
5367
18952
15319
15318
4488
4485
4484
17887
21462
20725
4431
4430
22523
4069
4067
4066
20296
21537
488
489
19828
2838
17408
14997
25521
12241
23340
23341
14342
16255
16254
8658
18410
3800
3801
16434
16435
24009
22909
10677
10675
10674
20228
11205
12935
15614
15615
1915
4586
4587
5796
8944
2594
2596
2597
20585
17400
18631
18632
24087
6954
15246
18379
3602
17002
17003
19176
733
14355
14356
11141
13001
13004
13005
25271
1298
1299
22364
22365
16451
5529
838
839
22927
13138
18581
18582
11251
939
942
943
25265
25266
1277
4664
4666
4667
2044
21835
5319
5317
5316
16456
21867
2079
2082
2083
6161
3492
4914
18452
2888
6125
7097
7096
5118
5115
5114
18088
4721
18188
14266
14267
19512
1696
16666
16667
1920
3156
3157
19824
19825
11577
16083
16081
16080
8818
11828
19275
19278
19279
25487
18193
12154
12156
12157
3485
4907
18445
2858
6078
8492
21684
6098
23059
23058
9591
13428
5243
494
495
20570
10470
1536
1550
1552
1553
25322
1207
4516
4526
4528
4529
23522
3995
12025
12023
12022
11032
11031
14226
10140
23584
16428
9858
9859
18386
18387
7013
15223
15224
2395
3094
16845
7781
21297
21295
13338
6894
6891
6890
17982
2742
10548
23175
961
14231
14234
14235
11405
6464
22902
22899
22898
17264
17263
22992
11472
22481
22482
24220
22253
14479
14482
14483
3207
3210
3211
22379
581
12401
12404
12405
5860
5861
6739
16247
16246
8620
8619
17169
2654
2655
16687
24251
2722
2723
3497
4919
18457
2918
6168
18830
5931
5932
5933
11713
11723
11726
11727
2867
14
13
24014
10579
10578
17702
17701
8306
22190
18420
4757
4756
8615
8614
16379
2247
3683
3686
3687
16068
16069
8695
3035
3033
3032
22621
20994
13878
11564
11565
20170
4421
4420
17671
9805
9806
16514
8053
3461
3460
13334
13331
13330
17976
13215
18085
18014
9309
9308
13884
13885
6338
20876
633
10332
10333
5728
16423
16424
21526
21527
8953
13666
21338
21339
19541
14452
14453
25190
15306
5238
420
19305
19308
19309
5873
18189
24676
24677
19491
2643
4749
4747
4746
23421
14751
7183
7182
21731
21729
21728
12685
12683
12682
14713
14711
14710
8358
8357
21343
25209
236
237
22799
22802
22803
9224
15017
1323
1329
1332
1333
20922
1231
4563
4566
4567
24089
12238
3594
5016
18554
3652
5304
21282
2876
20667
7175
15077
15063
15061
15060
4453
880
15722
15719
15718
8420
23956
18723
18722
2161
14848
14849
24640
24642
24643
11069
6461
23467
23466
14083
14082
7607
7606
22098
19737
24280
21969
8086
8087
8088
6126
12939
15396
2391
2392
4956
24726
24727
22831
22830
17198
10118
10119
19169
19170
1516
21348
21349
24315
16099
16098
8717
11799
11800
24578
24579
5665
8961
9014
18459
2924
2925
2926
7042
7036
7033
7032
9436
3579
8257
8255
8254
23124
9807
16535
7138
17091
17089
17088
13388
10487
18614
21193
24113
23474
8006
18638
18639
2338
2339
10224
10225
8937
21115
21116
24221
9826
9827
17030
8067
9327
12493
12494
20744
15806
7846
7847
21126
21127
24648
20522
12675
14431
14432
20978
20979
11527
11528
21619
15956
10272
10277
14598
14599
8794
15312
18776
17712
11556
22980
7511
11380
11379
2762
21209
12174
23517
5930
9894
9904
9906
9907
1706
3610
17342
20350
25010
19059
10181
10182
2649
2650
5221
9633
23413
4074
4073
17742
17741
19401
14422
14424
14425
19187
15166
21567
337
20911
6446
23179
7844
18364
18365
24780
10387
20466
17790
21712
21713
16270
16271
24890
24891
11324
11325
4057
558
559
16769
7414
7413
18656
18653
18652
18055
4661
22041
24593
7366
7367
24032
3554
22031
15146
18735
753
9472
9473
24858
24860
24861
9165
18549
9548
9549
19855
4723
2818
326
328
329
2868
17577
3425
20592
20591
10717
13152
13153
18886
24925
11985
11983
11982
11410
11409
13448
20497
4301
18132
22478
22479
24894
24895
21099
4606
4607
5797
14176
3552
3553
21781
21782
16346
5523
5522
17670
22363
19905
7597
7596
10730
13117
18864
18866
18867
16869
7550
7549
22331
1658
1659
24328
24329
19854
501
20916
9927
2077
3772
17395
13583
13584
11391
24147
13174
13175
6309
6310
21052
21053
24556
24557
1661
1662
22402
22403
11503
13516
13515
4678
24058
24059
17629
17628
4650
4651
2150
2151
19637
22374
1607
4094
4100
4102
4103
2023
6938
20650
1220
20406
20407
16067
7545
7543
7542
4268
13082
5172
455
456
13879
876
13955
13958
13959
11658
22961
7580
7579
11841
25428
8166
15419
11458
11460
11461
8384
24522
18765
22995
22994
4442
18150
18151
11223
22383
22386
22387
11651
21740
20076
20075
17651
17650
11281
11282
24356
15343
4214
4216
4217
2410
3681
20304
20303
11290
19036
19037
21133
18725
551
552
21010
21011
14338
14771
14770
8654
8653
17271
17270
16528
9069
4097
4107
4110
4111
2407
6845
12561
12564
12565
2326
2327
11511
13427
13426
5168
1836
14272
14273
11261
11262
2647
3443
3442
19297
12636
5450
5447
5446
17939
22561
1077
1078
5177
22619
510
22691
10463
21145
21146
24227
288
289
19829
19830
5735
6701
6704
6705
16818
4832
18320
18321
5587
9516
1982
1983
16920
19822
10582
10581
22632
22631
1037
4833
2463
2464
16748
7829
1403
1406
1407
5832
8592
16192
16191
13727
6431
6429
6428
20186
7848
21196
21197
5715
23304
15105
5248
873
22920
10281
10282
16896
16897
8716
9248
9245
9244
2846
2483
2484
13976
24538
2292
2293
5838
21023
6857
3905
3895
3893
3892
20656
17068
19229
24919
10801
13648
13650
13651
23620
1367
1368
19024
19026
19027
1499
18726
16137
4441
4440
1798
1799
11448
6524
22807
22808
11481
13132
13133
19944
7007
7006
8720
8719
9369
9368
13627
13628
24632
1721
1722
21588
713
25218
6477
6476
17835
17834
8338
23958
23959
5579
1221
1222
21578
21579
14369
6256
6257
6063
6037
8101
18853
6108
17574
17573
10993
14459
14462
14463
25433
19908
24306
22964
22963
13874
10334
24136
22511
25176
22796
18721
9477
87
90
91
20218
11994
22165
22166
24042
3673
13814
13813
11451
3918
3917
19684
19681
19680
18989
18987
18986
5574
13224
6019
18835
8083
5970
25049
25091
21420
3846
3847
3848
11940
11930
11928
2823
15387
23070
23069
1860
15701
15700
10192
10194
10195
8833
15584
15585
22440
10406
20144
20145
10104
10105
8930
8931
13595
13594
17545
12869
1008
1009
18745
17646
20538
7302
7303
2352
22543
20275
4292
18239
18240
5520
18184
24551
18901
18900
17836
19035
2734
18603
14693
14691
14690
8751
20220
1186
24094
24096
24097
16010
708
709
19540
6483
6482
16725
16723
16722
20306
10444
10445
8730
23947
23948
21593
6762
6763
24437
11949
11947
11946
17547
1159
23734
15986
19073
19072
4255
10093
10096
10097
8977
14851
14852
20772
17774
18675
773
20077
13265
13263
13262
11365
13114
13115
6300
6302
6303
16854
4139
4140
23575
6888
20050
1232
1234
1235
5663
18172
24791
19352
2403
18637
1022
1024
1025
23664
9766
21321
21322
24779
6249
6250
24996
19591
23117
13079
6443
6441
23021
9133
3752
5404
21382
3471
4893
18431
2755
2745
12198
23624
23625
13760
16593
8651
8650
19820
19819
10746
22694
22695
10958
24137
22944
22945
8326
4239
4240
2195
6869
3268
19324
19326
19327
14575
19131
9375
12994
12995
6330
6332
6333
20726
3452
14111
14110
18557
18556
13319
10069
10070
18481
18484
18485
16075
19094
10420
2017
2018
12222
12223
11459
11462
11463
23490
9409
3570
3569
21952
13569
25423
19793
10236
10237
14548
14550
14551
20720
15751
15750
8811
2609
3239
3240
24618
24619
1780
22580
14682
21790
21787
21786
17854
20941
15630
13947
10476
10477
14519
14521
8839
16170
10280
16510
16511
8572
12496
12498
12499
8528
14877
25528
810
8408
14493
6602
6612
6614
6615
23503
6958
14594
14595
8181
8182
20958
20959
24920
19233
13011
25159
6654
6655
20947
20950
20951
14362
16581
20263
22400
19294
19295
25270
9128
9129
19852
10833
10832
17143
19283
19284
22804
22805
18397
7561
7560
9419
9418
5912
5017
8802
8801
9371
12509
12512
12513
8883
15430
3378
18007
18006
11859
10454
8541
8540
17820
5790
8947
5878
12456
12457
4963
4966
4967
6807
20000
17248
752
24530
8547
8546
16410
16409
22652
22651
10754
22401
9523
9526
9527
25118
10606
19705
19703
19702
8746
20219
9081
67
81
84
85
6179
17814
21492
14028
14025
14024
17864
17948
4392
6430
6427
6426
20143
6227
23755
7879
15039
15042
15043
2330
2331
12321
23366
23976
20416
17307
15399
2727
2728
4957
12552
12553
2455
2458
2459
11392
4670
4671
18816
19213
18821
12899
3541
3544
3545
11701
14587
14588
21985
994
995
10204
10205
8934
8935
1487
3708
3709
19530
21237
3427
3426
22618
22617
17209
15600
15601
19236
134
135
16906
16908
16909
12098
10652
10651
3634
5286
21264
2757
18425
12245
9026
9040
9042
9043
25321
741
25233
25234
11260
2068
3585
3584
9621
12963
21538
513
22715
9093
543
546
547
17064
19603
10745
10744
13903
13904
24576
13433
13432
18706
620
24792
9988
9989
23573
3409
7163
7157
7155
7154
23492
4169
902
908
910
911
20682
14853
20904
813
8800
15428
23908
23910
23911
5210
24776
8522
20033
24182
291
292
22661
22662
24351
1423
1426
1427
23482
1223
23238
23239
16059
9873
9876
9877
24837
7055
10784
14337
21721
21722
16422
582
584
585
23553
12187
12188
25446
15476
20717
22453
25220
1647
4098
4112
4114
4115
2695
6904
23039
1903
25393
5823
12449
12450
21582
21583
11635
14447
14449
24368
16683
18678
18677
17936
590
23631
19794
11549
23186
1178
1179
24662
22372
6467
6466
16388
16385
16384
18051
1379
1380
19025
19028
19029
1530
3279
3280
22317
22318
2545
23237
17652
22205
22206
24364
2269
10293
10296
10297
1734
21402
17313
273
25238
25239
14815
17299
14446
14448
24361
16193
19747
1090
20405
17653
10432
10434
10435
4063
800
22337
12969
1047
1048
5524
14182
14181
19162
19161
9363
23401
9958
9959
18373
4889
9649
19792
22267
20300
21061
3676
17684
17683
11306
24346
1370
1372
1373
24235
6695
16119
5631
601
9713
9716
9717
5871
5872
5276
12416
12417
5354
5356
5357
11119
14559
25182
16169
16168
8760
13572
24424
24425
19136
8471
8472
8473
25216
5454
14660
14657
14656
21962
16895
7925
7923
7922
5630
830
16495
7828
18274
18276
18277
23699
1907
4574
4576
4577
5666
13663
3261
25206
25207
2372
8231
15623
10060
10062
10063
24369
13435
20442
493
19883
10250
1533
1539
1542
1543
12461
12467
12470
12471
2072
15792
21865
21866
20035
20036
9208
9209
19831
10178
10179
2313
2314
5001
7181
7179
7178
23126
23125
4645
25345
12226
12227
10916
10918
10919
1709
18528
18008
13585
22144
20768
534
535
25237
9960
18381
3568
18015
11899
11900
22316
3080
3081
16501
7436
6061
8475
21667
5950
18588
3850
3851
3852
7402
7396
7393
7392
2847
17821
7219
2565
2568
2569
5603
12490
12491
8393
15347
4155
4158
4159
2706
2707
6968
3203
3204
20825
14433
20907
15544
17181
17179
17178
23496
4549
19365
19368
19369
9011
18289
3546
3547
8589
8590
16347
21494
21493
17756
17755
5534
380
22136
22138
22139
5256
16764
1618
1619
18806
13513
9848
9849
20856
7108
17969
17968
13341
23111
14388
14389
6311
927
930
931
25491
1919
21326
20215
7447
7446
19492
23983
4194
4196
4197
1986
1987
24001
22271
12804
12801
12800
8011
8010
16814
11473
5934
5938
5939
5935
5936
5937
5940
5942
14942
14956
14958
14959
9226
12411
25378
25379
6731
563
566
567
25488
851
852
13974
13975
11466
20573
24141
21783
19994
4885
18315
25388
869
21807
21806
16222
21762
21763
23794
23795
21815
16954
20542
4002
12117
12116
10758
10757
13872
1437
3270
3272
3273
24316
15506
18728
18727
2168
24446
13535
13534
10907
17059
8051
8050
9401
13148
8389
8390
6176
17562
22240
22241
14530
14531
8896
8897
16653
16652
17199
17277
16293
16294
23367
23368
8936
2267
2268
24223
6768
20004
17599
17598
1044
15264
15265
21195
3168
25505
7458
19360
19361
23995
18535
7614
7611
7610
18017
15037
1325
1335
1338
23663
10261
10262
20012
20013
2255
18563
13094
13095
6361
6364
6365
23409
8872
21972
8105
8106
8107
19685
19683
19682
3565
3563
3562
8770
16976
22211
7750
7752
7753
1467
1468
5373
9853
9856
9857
2658
2659
6998
3988
3985
3984
17912
9840
20187
7134
18465
18463
18462
13382
19419
21439
2589
2590
5041
16762
16763
23812
20176
19380
19381
8516
8517
17005
17006
22008
761
12132
12142
12144
12145
23505
8052
18468
13551
19543
3951
3950
23150
23149
4469
2460
2461
19478
148
149
20197
20198
12123
10401
10402
16560
16561
11065
11066
8933
23213
3202
20688
14492
24293
24296
24297
16806
7810
7809
18074
4336
15076
15062
15059
15058
4448
377
9652
9658
9660
9661
5252
661
12251
12254
12255
11702
1701
3397
3396
17419
17418
11888
9741
9742
24229
24230
2193
19638
9925
9926
2069
3388
17338
17336
11882
24463
3794
3796
3797
20653
9630
20581
300
19641
19644
19645
5862
8200
15089
15088
4863
20295
5565
897
19611
19614
19615
11677
12397
12398
25395
6798
19993
19992
4841
18153
9677
9680
9681
18820
756
14261
14264
14265
11399
2639
4274
4276
4277
1989
15446
9098
9099
14096
16245
23087
15639
21077
21080
21081
5828
16765
7494
19395
23980
23981
5399
5398
8263
11961
11959
11958
19507
1227
3536
3537
24955
19058
22184
2067
21405
9645
13799
13798
23041
12057
12056
10905
10906
16904
7930
7929
11181
14373
6215
20923
7478
3518
22638
22637
10991
21432
12684
12681
12680
12632
12629
12628
17853
17852
2406
10524
17963
1101
4369
4367
4366
2336
15752
21935
1359
1362
1363
21650
10459
22719
22722
22723
25219
14522
14523
25391
3478
19550
19552
19553
11454
6529
16985
16986
9158
9159
13990
13991
24504
24505
16311
16310
21826
21825
18715
17035
17036
9187
12396
25303
6714
22755
22754
17411
22878
23933
23934
5051
15974
15975
19185
4297
294
295
13985
13988
13989
25195
12368
12369
18818
6691
263
266
267
14360
14361
14796
13232
13229
13228
22296
17446
10830
22668
24290
14863
14864
23604
17597
23274
8952
12452
12453
5577
5576
2033
22280
7587
9251
9237
9235
9234
18082
9343
6008
18824
8072
5899
3661
5379
5377
5376
8375
11743
11744
20823
12938
17157
23208
3762
3763
16049
16052
16053
8825
4288
20960
15480
15481
19239
19240
13992
20757
21775
16647
16646
17682
978
979
5521
411
412
22313
22314
5777
3754
11866
11867
19523
13083
18693
25340
19081
10721
12231
12234
12235
11374
11375
14341
14779
14778
8652
7484
7481
7480
17845
15745
15744
22170
20194
21824
17862
13271
23109
23108
13744
8882
15553
15554
5032
17353
23392
10488
6419
6417
6416
17841
9010
1941
3927
3926
22823
22821
22820
4476
21256
15793
7308
7310
7311
2618
4858
2429
20547
12851
2341
3045
23176
10251
4017
4016
2178
2179
16272
23594
18211
6853
6852
20027
20026
4501
4500
18038
9880
24983
7095
2948
2934
2931
2930
13324
10330
18876
18877
21692
6142
6143
6144
19991
19989
19988
4506
18212
15689
15688
22596
22593
22592
10765
12916
12917
2124
2125
19526
8553
15711
15709
15708
4409
4407
4406
20291
10523
10522
17930
1001
3007
3006
16373
16374
2272
24128
19154
15153
20333
2525
20079
20078
8512
14004
14006
14007
6329
15463
4264
4265
2511
6989
10147
4634
4636
4637
5668
12436
12437
4962
4964
4965
11438
16231
21949
19252
3564
3561
3560
7594
7591
7590
4870
20210
9091
9092
24802
14721
14720
8207
8205
8204
6051
3627
3374
3371
3370
8056
13573
9676
9678
9679
18790
2894
2897
2898
2899
2895
2896
6580
6579
17241
17240
1753
25500
7668
5019
5018
13307
13306
19500
4015
23196
10626
22539
22538
17406
22817
25194
2510
10556
10553
10552
13850
13849
7878
19980
23830
23831
19632
24496
2019
24178
280
19640
19642
19643
23658
1591
9897
9911
9914
1740
3729
3728
17427
11816
11817
19476
19477
24926
9203
9206
9207
14175
24150
8197
8198
16788
18679
12017
12016
10736
10733
10732
20432
2388
18720
13273
13272
11157
11155
11154
20273
9351
5980
24509
24512
24513
4092
13405
11538
11540
11541
1988
24711
16805
17295
23438
24307
16112
16109
16108
4482
2532
15723
15721
15720
8812
23953
3621
3622
6770
6771
24800
8127
5961
6031
17461
9306
22708
22709
6315
15892
15894
15895
23542
23543
10972
6484
22903
22901
22900
15163
15161
15160
13820
1016
21305
21304
17660
22371
18610
16804
16803
7919
17071
1911
4539
4542
4543
25438
25439
4052
12010
12009
22292
22291
13735
8029
8028
4267
688
689
19875
22766
17380
13919
13920
10895
3162
3163
14005
14008
14009
2696
15789
23322
23952
21555
21554
2032
11347
12807
12806
17423
17422
11133
16621
16624
16625
9225
13223
13222
20286
12539
20906
15582
21365
21364
8333
22982
22981
8018
15404
15405
11304
11305
8941
1936
24126
24127
18947
16096
19069
19068
11871
25201
12698
3994
3993
17453
17452
4222
23578
3453
22613
22612
10995
3971
3970
22828
22827
5136
21044
15795
15794
8281
8282
2622
3823
3824
22319
23865
18961
18960
22359
18908
22908
22907
17520
17519
13719
23103
17044
9151
9152
22990
22991
2485
14170
24558
1961
1962
24250
18340
24708
20413
10284
10285
2450
2451
21814
10355
18902
18071
7317
7318
20257
20256
9435
14344
14345
6325
6326
16810
24177
2549
4371
4370
18372
4180
4181
18402
18403
5412
13497
13496
10829
10828
14103
6261
6264
6265
21695
6158
6159
6160
13461
13460
4673
4674
19370
19371
23810
23811
20093
10290
24958
24959
8579
16172
7528
13824
24467
23298
17803
19101
2264
2265
18801
6792
6793
16681
16680
13852
8168
8167
16180
21934
18280
18281
24494
24495
1974
24173
231
234
235
24806
3249
9773
9779
9782
9783
14547
7718
10763
10762
14018
23807
23808
22315
24231
21001
20835
22380
15503
17858
17857
2169
9484
9485
23858
23859
10649
10648
17703
1891
4782
13235
13234
23118
12558
18304
18306
18307
5659
818
819
21813
9763
23270
23271
5807
12441
12444
12445
5604
5605
11553
2554
2555
5322
13527
22214
19087
19088
1504
1505
20629
10344
10345
8922
2015
3615
6720
6722
6723
23750
6271
25272
25273
8734
9951
2749
3587
22130
13702
22877
2579
4694
4696
4697
20597
4702
13424
13421
13420
4656
24017
12163
12164
20826
1651
4275
4278
4279
2342
14248
19320
19321
5414
5415
16056
20494
9971
16091
16090
8750
8749
16383
1233
1236
1237
5858
16442
7547
7546
5108
639
6925
16955
16956
22327
2166
2167
11686
18810
498
499
20837
11694
1971
4215
4218
4219
2708
8221
16961
20377
3165
12134
12148
12150
12151
11668
12384
23511
6788
20624
17624
2217
2964
2963
13553
10486
5075
5074
2174
10686
19710
19709
21938
3825
23385
14532
24298
24299
20151
17312
15274
15275
10936
10938
10939
8842
1930
16324
16326
16327
2862
6082
8496
21688
6116
23168
9310
19669
19670
8881
19964
21378
10873
22554
20062
21088
21089
5685
5686
16772
394
395
11519
11522
11523
6598
15818
15817
17924
17923
11331
4021
4020
1842
1843
10687
12752
12749
12748
21961
15363
1328
1330
1331
20691
10270
18749
12502
12503
8785
15336
23595
959
960
20007
20010
20011
1319
7825
7826
13736
4714
4715
2173
24686
24687
10802
10803
14102
14801
14800
8228
8227
14805
14804
7916
7915
16338
24514
24515
5082
645
22279
14051
14050
17433
4189
904
914
916
917
12462
12472
12474
12475
2360
15796
19099
19100
1478
1479
18799
10161
10162
16901
16902
8365
22087
21821
21819
21818
9404
22713
6289
6290
23011
23012
13026
13027
8137
8138
7655
7653
7652
23074
13299
10083
25398
25399
16275
25387
886
887
6967
6966
21441
21440
17700
18700
20992
20993
13645
22227
23984
23985
5179
5178
9603
15019
15022
15023
22075
12431
25154
25155
6761
13021
13024
13025
2664
16728
22260
22257
22256
13522
21070
4372
20359
10212
10213
5690
20181
21610
21611
5819
5815
2508
13970
13971
10964
10965
1732
1733
5385
20254
16952
16953
19513
4028
561
15929
15932
15933
25464
16257
6841
6840
21428
21425
21424
17929
4602
20714
20715
12298
19350
19351
2315
18784
9530
14974
14976
14977
11146
13131
23244
24534
16565
16566
8250
17127
17126
13368
17898
22589
18892
14887
14888
24252
888
8215
8214
16699
2587
3529
3530
17021
17022
8372
5505
293
23403
23404
24559
18313
18314
22388
22389
19546
6509
15681
15675
15673
15672
23498
10443
23330
1448
1449
21631
18932
12900
12902
12903
6355
6356
16279
5084
5086
5087
2373
18977
16884
20495
9320
18988
18985
18984
4871
19775
9316
9313
9312
17975
19292
22531
15277
10015
10025
10028
10029
8852
14039
14517
6605
6619
6622
6623
25519
6854
23898
23899
5328
17686
10438
10439
5083
153
25257
25258
12111
20285
12954
22006
22005
10508
10505
10504
14156
1109
18542
14121
14120
10728
10727
13637
9047
9050
9051
25351
25352
5024
17008
17009
8713
8712
4225
25343
6956
6955
16226
24314
22973
7803
11915
11916
10959
3058
3059
16012
7455
10412
10414
10415
1675
3740
17351
17350
1751
1752
22665
22666
6368
8385
6093
2833
56
57
58
59
8031
21468
23887
23888
21576
13495
10464
10465
4087
762
763
10656
22549
22548
7886
7885
16295
11676
19758
14719
20252
20251
16719
1317
1318
5036
15928
15930
15931
23651
14487
14488
24357
24358
16796
4351
15079
15069
15067
15066
4483
1963
11771
11774
11775
11705
13463
21541
18162
14214
10001
10002
24085
7339
20900
3713
8979
8980
16789
4497
4496
1800
22216
22217
24897
23207
24142
15968
15970
8307
10418
10419
1972
1973
5754
18198
18199
7005
16989
16990
1248
1249
5342
16532
21734
17945
7329
7330
18416
12987
1017
3414
3411
3410
13356
13355
2761
16175
5517
12633
12631
12630
20236
156
24839
24842
24843
12128
10659
10658
13465
13464
8737
4172
21066
21067
24763
10141
10142
24256
531
532
21996
17478
22458
22459
11061
11062
1735
4769
4768
8807
13614
13613
10755
14250
14251
11295
3694
3695
20121
20122
8698
14907
14908
24224
24225
2216
18548
13313
13312
11283
25186
2286
3266
3267
10896
10898
10899
2390
3670
13526
13525
11457
4045
12925
12923
12922
6049
5890
2917
11941
11931
11929
11070
14440
14441
23337
15502
17222
17221
2196
15765
15764
19434
19433
17119
17118
19298
12059
9821
9824
9825
16905
7094
21296
21294
13352
22215
8665
8667
1469
21398
8900
8901
16445
16444
8662
21893
21892
17134
13247
13246
19472
19471
17125
23353
13106
4570
17358
17355
17354
11063
2642
18533
18532
8611
8610
15378
15377
5527
5526
1852
22150
24103
24104
22667
23876
15687
15685
15684
23376
23375
13458
21189
3761
17655
17654
10952
10953
8676
8677
18301
21422
6696
6697
16256
21851
151
152
24963
24964
12124
10339
24809
24812
24813
8804
3020
3019
19853
10351
3992
15492
15489
15488
17878
21495
13045
13043
13042
11973
11971
11970
20225
16970
16971
9180
20840
16594
7683
11896
11897
19483
24198
21122
21123
5052
6706
6707
20164
4825
23190
24456
8396
17795
6225
6226
23713
8397
15775
15774
22529
22528
17243
107
108
23710
12051
23379
13068
17868
22896
9100
22606
19418
5470
17403
4195
4198
4199
2322
2323
23769
11412
12758
12757
23331
15559
10792
10793
24967
24968
2157
25235
22234
1568
1570
1571
20784
20785
1495
3714
3715
18949
18950
16648
4861
21225
20089
7836
7837
1942
1943
10042
10043
20506
1421
5355
5358
5359
6802
22826
4862
378
379
11182
11184
11185
20899
3118
20191
7875
15038
15040
15041
24412
3749
19303
12624
3904
3894
3891
3890
20341
9843
20217
8032
9263
9262
5952
5798
19832
3289
9777
9791
9793
14602
7088
20403
20402
13308
20537
24350
12657
12656
16377
16378
1274
1275
5719
22937
22938
20809
251
252
24794
24795
5028
8912
15128
15127
17249
410
20523
20524
5774
3592
15474
15475
10811
10812
14191
14716
17872
17871
16874
1206
24095
24098
24099
16041
7471
4927
4925
4924
13383
11699
18607
2494
2495
10693
10692
13737
1094
1095
5332
19808
10066
10067
25189
14913
3586
11201
13416
13415
11102
16564
7578
19265
19264
14100
8130
22934
22935
24552
24553
14537
6661
6664
6665
25469
418
419
10877
10880
10881
5875
857
20566
20567
11628
1977
1978
5382
17875
15564
18256
18257
5734
15917
15920
15921
23188
23189
11645
22626
9867
23527
7514
21545
21544
13344
22091
13158
21973
21974
17007
10393
10396
10397
14568
14569
24105
16835
630
631
11515
19746
15519
2679
2680
5352
24980
21910
4153
25522
12985
8340
8339
17097
14195
5411
5410
13317
13316
10988
10989
8518
24854
24855
22439
17518
12788
17993
17992
16356
24399
23406
3262
3263
23305
15411
21489
21487
21486
20248
22881
9148
9149
22706
16253
7225
7223
7222
23140
9871
23751
7598
10775
10774
13889
6286
6287
8093
13101
15432
1172
1174
1175
5646
5647
13687
363
366
367
11684
11685
5162
21021
24679
24680
22324
23991
3437
3436
10869
12862
5561
5562
1813
14381
19355
2739
18538
17379
17378
11875
9688
9690
9691
21622
730
13875
13876
11442
1960
23596
2112
24716
24717
22776
7620
7619
17361
17360
5107
746
747
14305
20613
7797
19569
9563
9566
9567
25328
11014
17623
17622
1068
1069
5133
18037
10408
10409
22738
22739
24555
19895
19896
24378
15113
15112
6054
8468
21660
5911
4921
22575
22574
7974
22192
22193
23990
21551
19296
154
155
16907
16910
16911
12127
17508
22557
22556
1050
3513
3512
17664
17663
11121
3959
1160
1162
1163
24234
15982
21965
4202
20368
20369
24889
2346
4600
4601
19205
18812
14077
3607
24312
24313
16695
4837
15320
5510
5507
5506
17935
7207
7206
18350
10591
12721
12711
12709
12708
8429
15362
22350
17989
9581
12653
12652
16676
16677
23930
21421
15977
15978
18489
18490
17023
19074
22057
1193
1196
1197
5826
5827
16037
7487
7486
19021
19020
17675
5560
8963
12451
23242
23243
11671
14473
6600
6606
6608
6609
20671
6866
3906
3900
3897
3896
23166
17083
9054
62
68
70
71
16506
12038
17499
17497
17496
14202
10235
21744
17786
17785
21975
24910
12044
12041
12040
11077
12811
20247
20246
16712
2154
2155
24692
22195
15529
15528
4471
4470
17575
19421
14423
14426
14427
19211
14742
21901
21900
11848
22112
22113
23917
23918
21581
12974
12975
6360
6362
6363
20365
6944
22743
22744
8425
9267
5978
5801
8949
23233
18454
18455
18456
2903
2904
2905
3903
3889
3887
3886
18091
893
20087
20086
8738
1358
1360
1361
20828
20829
11314
8170
15834
15833
21736
21735
20139
7705
7706
1472
1474
1475
20871
1145
1146
20770
15924
3054
3068
3070
3071
16072
7871
23464
9052
9053
23758
23760
10650
18048
1107
1108
4937
15742
15739
15738
4294
4295
2116
19652
19653
24588
2296
11790
11792
11793
11091
11092
14084
4881
2573
2574
21592
15960
15961
23982
21377
21376
9573
123
126
127
17061
17062
12078
18031
12967
21074
3669
3668
13501
13500
2859
6080
8494
21686
6104
23075
9498
20454
21663
21664
21665
5941
25217
21438
18385
15628
15629
12121
12120
10973
14458
14460
14461
8835
8836
16471
7811
14718
14717
19110
19109
16671
2682
3126
3127
13954
13956
13957
11106
22965
19846
997
3519
23136
23135
10971
7348
21212
3258
20806
20807
14567
6751
6754
6755
25125
3017
3016
19809
10047
20908
1436
21333
21336
21337
6803
15101
15100
5193
833
23357
24192
20451
20507
12973
3604
3605
6780
6782
6783
16482
4842
1621
1622
18870
18871
23842
23843
7019
9743
25165
25166
2177
12196
12197
22346
22347
2816
2529
19618
23627
2756
18377
8007
9345
9344
13682
22025
14914
14915
4997
7180
7177
7176
18040
18039
16526
10045
10046
20972
20973
19521
22630
16962
16963
21098
24206
18552
3641
3642
3643
3489
4911
18449
2874
6111
17973
17972
9570
15348
15350
15351
9197
9198
20258
11175
12556
12557
1990
1991
11526
20408
24728
20390
15801
7695
2614
2615
5372
19336
19337
22745
18938
574
575
14386
16258
7749
2530
10617
10615
10614
14187
17455
18633
25349
2985
2984
14153
10446
18767
106
23528
12048
20529
16891
7084
7081
7080
17488
14339
6380
6381
16717
11954
11953
18033
14257
19407
21750
15016
20986
20988
20989
12277
22187
2691
21550
10861
13404
22360
22361
1849
21805
16965
10113
10116
10117
8809
8810
1510
20426
121
25544
12063
10980
10981
14560
14561
8909
8910
16453
4395
12665
12663
12662
23066
18177
14890
14891
5736
5738
5739
2026
3599
17642
17639
17638
11046
12575
306
320
325
11706
6488
17780
17777
17776
8391
24951
7663
7662
11136
24752
16242
18000
15517
15518
2584
2585
5544
10048
10050
10051
22020
1417
3206
3208
3209
8588
16116
3590
5012
18550
3633
5285
2754
2697
12224
24566
1630
18570
17345
23182
1034
1035
24336
22525
22524
16339
23562
3095
3096
16870
6478
18069
18068
8291
25359
3215
3216
23657
14496
18924
18926
18927
23588
8199
22873
4831
4830
1796
24454
24455
8169
14346
8121
8122
24995
13602
22273
22272
13450
13449
22007
15415
13822
13823
11646
12861
12860
4680
4681
1994
1995
12328
19222
23682
14736
20477
15407
25353
18574
15954
15955
24054
24055
15826
413
23355
23356
5781
522
524
525
24694
10342
2625
2628
2629
5613
9474
1112
1118
1120
1121
5249
16026
382
384
385
11096
11097
6584
20083
20082
5916
5203
19933
19932
7911
7910
16679
11273
11276
11277
25225
759
6842
3902
3888
3885
3884
17965
7676
13908
24427
24428
22671
3981
3980
18060
19096
11913
9721
9722
24253
24254
5277
5278
5283
8461
12419
3171
3190
3191
6804
15376
4884
4883
1790
23650
6445
6444
23161
7645
23564
23565
5188
878
10616
10613
10612
13866
9708
25305
516
23433
4847
22600
3666
3663
3662
13321
13320
11286
24331
24332
2281
4806
21216
11018
22577
8701
8700
13099
13098
8249
8248
22099
13149
13150
21208
15753
7314
7315
2688
4798
21026
21027
10665
12743
12742
20271
15539
24030
21407
6750
6752
6753
20719
6877
6876
20148
7608
17183
17182
18352
15714
14108
14105
14104
10764
22717
6258
22928
22930
22931
20896
15853
6237
6238
19661
19664
19665
6387
19960
7762
7763
18299
18300
5620
765
19452
13725
13724
7873
7872
16735
7349
7350
21248
3558
22220
22221
14589
23333
9380
13029
13030
8874
8875
3313
3307
3305
3304
8822
14476
21756
21758
21759
20709
21801
15624
15625
11108
11109
4083
10111
7263
7273
7276
7277
1501
3867
6786
6787
20184
10410
22976
22977
8898
22825
22824
4836
20980
24457
24458
8562
15748
15747
17507
17506
14206
14207
11094
13403
13402
11316
11317
14524
14525
24006
24007
15857
7319
14943
14957
14960
14961
9231
12434
24115
24117
6742
248
249
22704
22705
14773
7533
7532
2087
2088
24966
22434
19332
16849
7576
7575
9389
9388
23312
23311
4822
17552
17549
17548
11079
12966
2225
18471
14151
19382
21864
15468
15470
15471
9167
9168
8470
20827
4023
1161
1164
1165
24258
15900
9772
9778
9780
9781
14542
7983
3507
3506
13506
13505
11085
3955
23183
10271
4665
4668
4669
25227
3975
13593
13591
13590
11371
14259
11502
22553
22552
4648
23833
7048
7045
7044
10726
14397
6341
25276
7488
21488
21485
21484
17890
4127
4128
20743
6901
5472
5471
17831
5129
1644
1645
5400
10860
17120
21928
11805
9444
9454
9456
9457
23502
10695
12875
12874
1046
3018
19813
10366
5077
2420
2421
11025
14249
9701
9704
9705
24261
521
23748
10306
18417
18418
5403
9538
9539
13707
15403
23559
23560
4961
25498
19175
3047
3046
23427
10326
24337
20381
3236
3237
19155
16195
13105
7818
7817
11978
11977
23381
12735
18084
4192
18214
18216
18217
23740
1430
20410
20411
11615
14498
14500
14501
8399
8400
24746
8513
8514
24965
13939
9829
9830
17060
7672
11169
11168
17329
20516
14393
421
9657
9671
9674
9675
5884
457
13891
496
20601
10350
1682
1684
1685
20812
22996
4829
350
352
353
24600
6505
15680
15674
15671
15670
12602
12596
12593
12592
11942
11936
11934
11415
13075
6442
6440
23018
7338
20748
15616
2007
2008
5729
20105
20106
21142
21143
25452
25453
10894
21324
21325
20123
21887
6009
8073
18825
5902
23719
23725
3790
3343
3341
3340
22014
15237
2747
3781
16432
21906
5098
24022
3001
17715
10247
21448
94
20696
12058
19338
23027
7054
7053
17988
15006
23546
23547
8330
17483
14319
14320
20313
20312
8655
8689
8687
8686
4992
4991
21953
19564
24430
24431
13931
13930
5914
25054
25096
5050
7465
7463
7462
23057
19788
10346
24366
1434
1435
5467
5466
20327
7228
12074
12071
12070
10782
14374
14375
10891
3074
3076
3077
16438
7680
22247
16187
16186
8210
5058
5055
5054
18054
11707
14512
21834
19457
13684
13685
24291
14936
18623
18626
18627
2726
3421
14194
14193
17101
20594
9342
9341
3472
4894
18432
2763
21257
12189
25533
12998
14749
14748
8711
19572
24426
20563
17523
12879
1011
1012
21590
13226
13225
20548
17251
9611
13471
13470
4663
2798
2799
2800
2801
2802
2803
9612
9613
21174
21175
11512
12678
4001
4000
17731
7524
7521
7520
20587
4722
5812
8960
8969
5821
5805
13664
13665
5360
5361
19547
14442
23515
15316
21608
17596
21612
23829
14171
10220
10221
1724
1725
5500
820
21992
15213
2075
3809
20642
7570
5492
5493
1874
1875
24499
2355
15270
15271
23209
3145
12166
12168
12169
22344
1576
11712
11722
11724
11725
11417
12654
22734
22735
8184
8185
24063
6865
6864
18597
18595
18594
23128
18690
23549
7090
7089
17540
6070
24563
18599
18598
22765
22764
8000
7999
11846
11847
11188
11189
23762
23763
16811
3346
23169
11798
20797
20798
14199
4622
20362
14278
19353
19354
2651
18531
23095
19561
25424
12830
12829
5558
23826
13834
24502
22829
3727
3725
3724
8368
13916
24459
8789
15755
15754
21356
21353
21352
17905
12732
17958
4282
20389
6881
9753
9756
9757
5600
5601
14318
15302
15299
15298
4481
7667
7666
5031
5030
7909
16892
16893
8313
8312
9429
9428
2752
2361
12208
22046
22048
22049
13882
16584
18968
22852
24626
24627
4048
21230
10657
12740
12737
12736
19129
15009
25338
25339
12268
22058
22059
14340
14735
14734
21328
21329
24950
3693
17046
17047
8768
4260
4261
1768
1769
22712
14757
7238
13605
13604
10768
10767
14052
17870
16743
8939
8940
1451
1452
22188
22189
18331
21366
18971
18970
13598
13597
22294
14246
14247
10892
10893
5548
5549
2526
2527
12259
12260
24624
1966
24174
24175
2175
6889
15227
15230
15231
24639
4031
12650
12649
23000
24519
5621
17768
5513
5512
20163
20162
13469
1002
1004
1005
5206
17798
2465
23354
12838
20022
20023
23937
3791
15871
15881
15884
15885
23728
15802
7764
18412
18413
5438
18930
18931
24744
24745
6358
14875
14876
25396
2184
8224
22882
1184
1185
5676
5678
5679
20501
9360
20590
6218
6219
23020
11955
18086
13074
19054
19053
3637
5289
21267
2770
12611
12610
22451
22452
24602
1620
9972
9974
9975
21160
3358
20475
20474
17173
18336
24852
19823
10407
20604
20605
8907
14701
14700
8599
8597
8596
20244
17283
17037
11145
13128
16470
7250
7249
18064
18063
4473
16126
21607
14666
14665
23332
16964
19536
19537
4086
18259
4556
4557
23283
23339
13093
3242
3243
20473
16092
21844
6494
6491
6490
16179
16178
8526
14177
14178
6374
22787
22788
20043
20044
11597
23259
181
14823
14837
14840
14841
5883
2521
18975
18974
16716
18263
3521
3524
3525
16073
16074
8376
4205
23200
23201
24804
9770
18577
18578
16030
16031
24246
15957
15958
18560
18561
16063
7989
7988
4273
13417
19447
14236
14237
19497
6508
17781
17779
17778
23361
23892
21293
21292
13322
22251
7376
7377
25360
3244
24480
24481
2107
2108
19972
19973
11149
19783
10208
10209
8670
8671
1950
3915
3914
22516
22513
22512
13044
13041
13040
12024
12021
12020
10769
22558
1881
3423
3422
19786
19785
7110
7109
19475
12492
8434
14916
18622
18624
18625
2383
6887
6886
16538
1247
3110
3112
3113
20120
7554
18771
1868
1869
24342
24343
1486
24123
24124
8586
2110
2111
14299
14300
16599
7199
16645
16643
16642
20231
9634
9635
14031
14030
24066
24067
5132
12126
12125
10743
23390
24462
19148
17805
24603
3962
18194
18195
10690
17633
17632
1031
1032
22182
22183
1979
21363
20262
13923
9731
5145
5148
5149
5879
25445
4030
4029
1845
22274
17615
17614
21068
11782
11783
11488
11490
11491
13863
4628
20995
20996
14283
10984
10985
1694
1695
5761
5762
2052
21303
13815
22250
19043
25358
18734
885
19437
19436
14059
7432
7429
7428
3639
5291
21269
2778
21668
5955
5956
5957
25451
4019
110
112
113
24984
4877
9531
9532
18334
18335
17014
19123
19122
4272
698
699
19116
21375
19777
19776
10723
10722
14019
20777
15344
15345
5496
5497
2445
8799
15563
1892
1894
1895
5664
738
739
24690
24691
11302
2633
2634
21616
9553
23428
636
14260
14262
14263
20617
4752
20485
16694
16693
4434
4433
21204
4256
4257
2543
2544
21577
17665
19398
24276
22883
22884
12094
10249
14399
14405
14408
14409
8459
16136
12959
6475
6473
6472
16791
16790
8123
25483
13607
10533
10531
10530
19856
937
9893
9912
9913
1736
3368
19008
19005
19004
18042
18711
5809
8951
22491
3703
3706
3707
6800
6801
16696
17193
17192
2038
2039
15846
10544
10541
10540
22644
996
14244
22236
22237
6559
15743
15741
15740
7595
7593
7592
9433
9432
13765
21716
21717
16925
23396
10689
10688
13457
13456
8321
8320
4258
23903
23904
5020
13494
22212
22213
8335
8336
1508
1509
22545
22544
8422
8421
14768
14767
21944
14507
14508
22009
9322
9321
17877
17876
9430
5900
3757
7072
7069
7068
11176
17142
19159
15266
21211
3158
20575
20576
6379
14867
14870
14871
24260
297
12344
12358
12360
12361
5852
6808
16125
16124
13721
13720
8694
8693
3473
4895
18433
2766
6081
8495
21687
6114
13715
13714
17437
15027
15028
19376
19377
8920
8921
1945
3623
8583
16095
16094
8223
8222
16554
24317
24318
16460
4379
650
651
11294
11872
11873
11679
11680
13805
22894
18250
18251
21643
454
13867
9936
2365
4780
10871
10872
14147
4632
18168
22702
10421
10422
2308
2309
5763
18191
13118
14678
14677
21989
21988
15505
15504
18673
18672
2404
3465
3464
9587
9588
14042
4044
4043
17729
17728
8709
8708
11838
23632
12693
12692
19312
15388
15390
15391
11447
18611
17915
5550
23954
23955
4978
4979
11238
11239
18406
3428
22682
22681
2771
20309
4582
23548
13632
24394
24395
22911
22910
8287
23567
3227
3228
25449
14497
6603
6613
6616
6617
23727
6909
14457
25531
15507
20238
20237
2377
20080
21874
19798
21543
18438
2795
2796
2797
14401
14411
14414
14415
8851
15169
21618
17576
9861
9862
23028
7128
17843
17842
16738
13858
13857
10710
20568
24625
18318
13570
13571
11524
11525
8171
15052
20987
20990
20991
8982
15145
15144
18731
710
20800
12013
12012
11337
11335
11334
13812
971
972
21919
21920
1520
18516
18517
11354
19745
6587
6586
16164
16163
8452
1400
21396
21397
6789
6790
23017
12771
23335
4138
23506
4738
22919
22918
8337
2606
2607
5370
5371
10960
10961
2553
2995
2993
2992
17667
10246
5457
15493
15491
15490
4477
828
829
19479
13818
11691
19913
21764
262
264
265
13880
13881
14802
18980
18979
17242
18255
15203
15206
15207
1921
3129
12131
12137
12140
12141
11120
1600
9046
9048
9049
23693
23694
9153
25470
14738
14737
21999
18920
18919
16161
8926
8927
14065
14064
4642
10036
10038
10039
19188
1491
3830
3831
21776
21777
23797
23308
2660
8617
15617
15618
2248
2249
5691
20641
10469
14402
14416
14418
14419
8995
15423
4818
4815
4814
1992
24550
8149
8148
17837
7855
7856
1453
10173
10176
10177
1737
1738
5180
11193
14975
14978
14979
11151
13113
19938
21850
18374
10639
19708
17994
20058
22052
22053
24997
24998
9160
22484
22485
5730
5731
6729
6730
21058
21059
25248
9760
20438
20439
24542
21922
23957
4789
4787
4786
2358
10539
20665
1010
15226
15228
15229
2588
25454
19318
24134
24135
16027
16028
2983
2981
2980
14133
10059
3053
3063
3066
3067
16047
7788
3027
3026
20595
10440
5227
20580
20579
3387
3386
7944
7941
7940
11853
9582
9583
24872
19468
16476
16477
9210
20589
14683
6828
6814
6811
6810
11938
11927
11926
11037
7682
9300
20577
8876
22786
15508
15510
15511
1257
1258
5348
20214
21929
10230
1624
1625
5737
5740
5741
2359
6878
12560
12562
12563
24286
15565
11975
11974
23119
14252
22147
25152
22581
6242
6243
16866
16867
8427
4208
21047
21050
21051
25187
21120
11740
11741
20551
13088
4710
4711
1931
1932
23461
23919
23240
17010
21925
5901
23532
23533
3778
16251
16250
7903
7902
16859
16860
11078
13031
8974
8975
6067
6154
17869
16932
16933
22623
22622
10904
23540
8226
15273
10014
10024
10026
10027
8828
1378
11714
11728
11730
11731
11669
13414
9887
25319
7935
20515
3739
3738
7950
7949
13917
9514
9515
23854
10520
10517
10516
17690
934
9892
9898
9900
9901
1676
3337
20659
11844
24438
24439
14072
4610
4611
1837
24681
23343
12412
12413
5696
5698
5699
2826
16089
23799
23802
23803
15865
370
23634
23635
6555
15812
15809
15808
3638
5290
21268
2775
2714
2715
12272
24596
1638
1639
18772
276
24701
24704
24705
23417
17269
14994
25297
12204
24388
24390
24391
13839
24245
18939
15093
4891
390
20802
20803
6592
19981
482
484
485
19634
757
24671
24674
24675
11420
1610
21466
21467
2452
19750
19751
5362
20808
16562
10908
10909
22747
7939
23347
21833
21832
19267
14316
14317
8135
15934
15935
24106
24107
20118
393
25202
25203
6593
15034
15035
1802
1804
1805
12309
2891
60
40
41
42
43
8041
8040
16299
446
448
449
13642
856
21897
21896
9399
9398
17117
11386
128
129
19140
8497
8498
8499
2198
2200
2201
20867
2239
25169
737
20833
20834
11271
25139
21403
7257
7256
17809
7565
7564
11885
11886
11098
8542
17944
21871
20735
3246
3247
11232
11234
11235
2036
8245
8244
5331
5330
16155
16154
8288
8289
23966
3783
3784
6740
6741
24747
21704
20869
11993
11992
11336
11333
11332
13521
21891
11626
11627
1677
1678
5393
6995
6993
6992
23297
23296
16156
18873
18874
23184
23185
14304
20153
7248
22752
22749
22748
8019
15523
20727
20728
5434
20108
20109
24486
18130
18131
13996
13997
5732
8188
8189
10413
10416
10417
1702
1703
2130
2131
11534
11535
21755
15656
9113
143
146
147
17031
17032
12108
17903
22390
20799
22629
5155
10937
10940
10941
9012
1441
3949
3944
1984
24857
23397
15466
18571
6907
6906
17244
793
11413
12951
23082
16937
23199
12202
12203
11572
18371
14354
9723
25389
25390
5253
8437
12415
3170
3176
3181
6749
15326
18665
18664
2188
16413
7375
25300
3278
20527
20528
2552
18713
18712
16718
530
24781
10000
24045
3365
7158
7144
7141
7140
17966
4398
21184
15736
19040
19041
14090
4705
17733
17732
8265
8264
2251
4646
4647
5808
5816
8956
5802
8950
14000
14001
19864
22114
98
100
101
8488
15410
5511
5509
5508
20315
7213
7212
2237
2238
24222
15944
15945
8699
11474
11475
13758
13759
14807
6970
6969
17217
17216
2180
11015
12810
12809
19105
19104
16692
24413
24414
13740
17919
2209
7341
7344
7345
21135
3285
25307
15543
4819
4817
4816
23414
16980
1212
1214
1215
5208
5209
14349
6269
6270
19833
19834
6375
20458
21689
21690
21691
6136
6137
6138
9466
9468
9469
23534
23535
10653
23134
1061
1062
19814
19815
11496
16926
16928
16929
1996
14275
9992
9994
9995
23992
4759
6934
6931
6930
16487
23922
21523
21524
24012
13968
24404
24405
13657
13658
24259
6679
16129
16128
4492
15110
15107
15106
5530
841
23470
8873
14919
14922
14923
5626
690
1904
1905
5716
5717
16034
16035
19463
12866
2207
2208
19226
19227
14302
14303
19945
7214
21214
21215
10660
17611
17610
18236
14158
14159
11537
23300
17038
476
477
14359
9966
20395
3469
9543
9546
9547
14189
4653
447
450
451
13647
15640
11984
11981
11980
11074
11073
13477
18243
3612
13201
13191
13189
13188
6411
6401
6399
6398
16504
24064
15692
15691
19764
19761
19760
10777
14098
14099
6312
6313
17018
21895
4777
16935
16936
21185
12216
12217
19514
19515
23753
776
13624
13625
22367
18323
3357
3356
19166
19165
17832
18676
892
16412
7765
20732
20733
5468
18210
10619
10618
19843
17265
23452
11485
19651
25380
8183
207
210
211
19884
14679
23307
23306
22674
22673
8061
18649
21238
2998
17691
10226
24384
1481
1482
20018
20019
11662
5461
178
179
16265
16268
16269
25410
19728
4716
22038
19733
3178
3179
6744
15152
20245
400
19304
19306
19307
5654
15972
15973
8819
4129
20898
3462
13772
13769
13768
2789
6106
16
0
1
12
15
19
15498
15497
5135
5134
2307
4245
4248
4249
2661
21810
14477
6601
6607
6610
6611
20895
6957
20211
1312
1313
5649
20110
374
375
11518
11520
11521
6568
15704
15703
22758
22757
19111
22740
9864
9865
23440
8707
19273
13166
8523
14899
14902
14903
5836
5837
2113
12376
12378
12379
21620
6632
182
188
193
13892
14739
3099
3102
3103
17025
7475
10424
10425
18324
18325
24345
21121
4813
17566
19462
12793
12792
8539
8537
8536
16458
7648
24076
24077
5247
16105
19113
15516
2055
2056
5353
12211
12214
12215
11638
11639
14115
21841
21839
21838
20250
15717
13203
13197
13195
13194
11414
14324
19143
24900
13945
13944
11059
16887
23313
10716
22508
22509
1830
1831
11664
6531
6530
16711
10809
12892
12893
5702
5703
8195
16171
8317
8316
11889
9726
24184
24186
24187
1997
24698
10428
10429
21158
24168
21075
4732
23778
23780
23781
20658
9279
3311
3301
3299
20420
15898
15899
23798
23800
23801
11055
16672
16673
18271
21323
17048
21894
2892
6129
7572
9296
9293
9292
20697
9078
66
80
82
83
17052
12092
22167
17028
21958
9378
9377
13626
23626
23060
10865
12933
12932
16862
18272
3854
3855
16019
16022
16023
25120
15725
15724
19144
15646
19602
22233
14434
14436
14437
22019
16183
7235
174
175
16601
16604
16605
5840
260
22472
22474
22475
5260
22222
16885
16886
22015
9291
6068
8482
21674
6007
18823
8071
5885
9021
2748
12848
2005
3038
22645
10080
23606
23607
16351
24181
18129
15860
19042
22560
4559
4560
23577
12244
22177
22180
22181
25245
21718
24856
22655
11552
21030
21031
6984
15289
24091
10343
23969
23972
23973
5610
17303
16947
16950
16951
1285
3142
3143
23475
8013
15014
15015
2138
2140
2141
12278
11104
11105
16783
7210
7209
20289
20288
11240
16513
7603
7602
5324
5323
20138
21933
19740
5226
5225
17631
18698
18699
2170
2171
12326
12327
10927
2740
4754
4753
21990
9746
24185
24188
24189
2337
12172
12173
23382
13014
24148
24149
6736
6737
16659
20240
1586
1587
22839
22842
22843
1314
21330
19616
19617
22366
1980
3567
3566
17457
11755
11756
23655
11999
10511
10497
10495
2788
18394
18395
12288
20822
8062
9266
9265
5972
5800
22664
3200
3201
8403
15429
4459
4457
4456
23122
19488
24827
7085
7083
7082
17493
12914
22022
22023
16283
5085
5088
5089
2719
6844
6843
18596
18593
18592
18062
7566
13912
19280
19281
23838
23839
10696
12747
20660
4212
18215
18218
18219
25495
1276
24200
24201
1854
1855
8643
3667
3665
3664
13351
13350
11446
5062
14762
14759
14758
8048
15249
18427
3538
25008
25009
8310
22885
13610
22243
19898
19899
8890
8891
20185
4348
12600
12590
12587
12586
6018
8082
18834
5967
5847
8990
21291
2912
2913
2914
4324
4305
4304
17962
4633
427
441
444
445
12339
10430
21201
21202
5747
17583
17581
17580
4688
2782
302
308
310
311
11081
13472
5153
5154
22208
22209
8870
8871
16369
16370
12114
19450
19449
17416
11167
12576
12577
1783
1786
1787
2919
6170
23063
9551
9552
22677
4658
8973
8972
2493
7049
7047
7046
10731
553
25499
7783
7782
10931
23572
3574
21916
21915
17278
15053
842
844
845
12270
12271
11566
2020
3467
19290
19291
14136
19411
22724
22725
19734
19735
6372
6373
16616
16617
5195
9589
22642
11625
19902
19903
8735
9337
9335
9334
2812
21229
19633
11397
11398
1731
4143
4146
4147
24090
3583
22597
22595
22594
2813
6076
8490
21682
6092
17405
17404
16858
19232
22562
22563
5722
8573
8574
19666
19667
8531
20053
21370
17344
17343
21168
1072
1073
25400
19957
17833
4338
4337
19048
19045
19044
12924
12921
12920
19990
19987
19986
2786
2042
2043
12291
25212
22874
17186
17185
20133
5525
361
25535
6518
20621
24417
12372
20679
6715
15086
15083
15082
4838
349
23743
6481
23155
23154
8346
1346
1348
1349
23697
23698
1240
23599
18165
14382
10308
10309
16312
4886
347
348
23656
6465
15676
15662
15659
15658
17964
11632
19032
14962
14964
14965
10810
6014
23659
3943
14631
14625
14623
14622
8824
11908
19313
19314
24257
10203
4575
4578
4579
5876
9013
13667
3195
3198
3199
8201
16102
3782
20116
20117
24479
23187
16979
9055
9056
20850
14756
7217
7216
1901
1902
24255
18349
24688
19532
19533
16651
5192
720
19384
19385
24764
10228
6521
23453
24411
15487
858
859
22462
22463
11629
14715
14714
17410
17409
16865
1157
1158
23602
15946
21940
14985
23729
12225
9024
9034
9036
9037
23507
3528
23676
18192
15749
2384
15713
15712
19429
19427
19426
14145
1890
4737
4736
16855
16856
1944
14241
23358
4640
4641
21645
22040
21233
12246
12247
10787
10790
10791
25494
9118
9119
13654
13655
24760
24761
11226
24110
24111
22951
7589
4290
4291
1846
1847
7014
1093
23236
13499
10433
10436
10437
4093
2425
23449
4166
4167
2534
2536
2537
5207
15848
15847
17511
17510
13734
2226
4374
4373
21177
10264
10265
5692
5693
13762
13763
6342
6343
16922
16923
22441
9828
17051
3866
15901
15902
22156
22158
22159
14546
7981
7980
5396
13778
13777
22289
12549
12550
22026
6005
17739
7617
7616
22438
22437
10750
19713
19712
8560
8559
16149
23321
2602
20445
17699
20045
2582
18498
25011
7457
7456
10925
10926
2652
4779
4778
9571
9572
22867
22868
9211
9212
22663
24132
21987
16202
13078
17364
17363
5499
1042
1043
24923
1906
24112
19619
19620
24606
19655
3540
3542
3543
6775
6776
16452
21499
770
771
15819
13172
16248
21812
21811
14712
14709
14708
8025
8024
22997
12790
12789
21937
21936
16303
25418
19779
9273
9271
9270
3482
4904
18442
2841
2668
21908
9416
9413
9412
17863
9513
14999
15002
15003
19243
17431
9264
3308
3294
3291
3290
8038
11914
10474
8155
8154
16639
25196
796
19504
12950
12949
21939
15647
15648
9161
7687
10706
10703
10702
13836
20171
12018
17498
17495
17494
13851
17369
20430
23889
11759
11762
11763
24635
13055
15287
15288
24075
3619
16750
16752
16753
20740
3573
3572
8724
8723
17272
19982
19983
24415
19847
14752
7621
12621
12619
12618
23067
2702
2703
10666
13753
6480
6479
22969
22968
8440
22866
4186
4187
2435
2438
2439
7017
14366
8527
16612
16613
5869
271
272
24770
24771
14803
6994
6991
6990
17855
1224
1225
5335
5338
5339
14367
356
357
25224
6537
20064
9083
9086
9087
25366
10580
18044
18043
8311
9991
23733
3775
9540
19810
10286
20192
20193
8639
17899
14334
14335
6339
6340
24981
7679
7678
4259
682
684
685
20742
10610
17603
17601
8718
4190
4191
1862
1864
1865
23687
7075
7074
11366
17333
23348
12578
18135
18138
18139
11687
18905
23157
6276
6277
16414
16416
16417
23552
15788
15787
22003
2608
21445
21444
1824
2104
2105
24046
24047
10661
12741
12739
12738
19181
15482
23870
23871
12265
9082
9084
9085
23574
10563
23416
23415
7975
20431
974
975
19672
19673
2466
2467
20094
7371
24092
3875
8190
22967
4359
4358
19049
19047
19046
23071
18204
22151
4594
4596
4597
2060
2061
5580
2433
15569
15572
15573
12129
10229
14398
14404
14406
14407
8435
15424
17180
17177
17176
20664
4585
25341
19625
10172
10174
10175
1707
1708
5181
22120
15417
15418
9202
9204
9205
13840
3769
24308
24309
16241
16240
17441
20168
2592
3139
3140
23048
7459
11559
11562
11563
16824
4401
4400
17630
5169
5170
2153
20836
10004
10005
25141
4771
22115
22116
18106
18107
16966
16967
12113
12112
11022
11021
13467
21062
21063
5191
17555
17554
19511
14509
23327
9427
14326
14327
1793
25425
12931
4039
4037
4036
23141
4573
10061
10064
10065
24387
1433
23258
1320
3166
3167
13669
13672
13673
2720
15771
15770
2994
2991
2990
17662
10947
25413
14862
23512
648
8613
15447
1113
1119
1122
1123
5279
15983
7408
7405
7404
5917
25018
25060
5224
7720
7719
10837
10836
23090
18744
13491
23369
24349
1938
1939
5578
18384
8477
4
9
6035
8099
18851
6097
23251
7538
18382
18383
10680
3394
3391
3390
8016
8015
16678
19396
19397
8938
1422
1424
1425
5229
133
25481
25482
5008
11209
19845
4609
1324
1334
1339
23738
23197
6908
4090
4089
17676
21529
458
460
461
13978
10307
20737
20738
5625
254
255
14290
14292
14293
5214
24584
16555
6672
6673
23886
16946
16948
16949
11068
7286
7287
1946
3284
22157
22160
22161
2678
3008
18057
10071
25532
1413
25156
8578
2204
2205
25408
25409
13699
