CIRCLE4380V1
40320 357
780123456 2
870123456 2
680123457 2
860123457 2
670123458 2
760123458 2
578012346 0
587012346 0
758012346 0
785012346 0
857012346 0
875012346 0
801234756 2
601234758 2
580123476 0
850123476 0
012347856 2
501234786 0
701234856 2
601234857 2
570123486 0
750123486 0
012348756 2
501234876 0
678012354 0
687012354 0
768012354 0
786012354 0
867012354 0
876012354 0
780123564 0
870123564 0
801235674 0
012356784 0
701235684 0
012356874 0
680123574 0
860123574 0
801235764 0
012357684 0
601235784 0
012357864 0
670123584 0
760123584 0
701235864 0
012358674 0
601235874 0
012358764 0
457801236 0
458701236 0
475801236 0
478501236 0
485701236 0
487501236 0
654780123 0
654870123 0
657480123 0
657840123 0
658470123 0
658740123 0
745801236 0
748501236 0
675480123 0
675840123 0
784501236 0
678540123 0
845701236 0
847501236 0
685470123 0
685740123 0
874501236 0
687540123 0
801237456 2
601237458 2
580123746 0
850123746 0
012374856 2
501237486 0
680123754 0
860123754 0
801237564 0
012375684 0
601237584 0
012375864 0
458012376 0
485012376 0
765480123 0
765840123 0
845012376 0
768540123 0
012378456 2
501237846 0
601237854 0
012378564 0
450123786 0
786540123 0
701238456 2
601238457 2
570123846 0
750123846 0
012384756 2
501238476 0
670123854 0
760123854 0
701238564 0
012385674 0
601238574 0
012385764 0
457012386 0
475012386 0
865470123 0
865740123 0
745012386 0
867540123 0
012387456 2
501238746 0
601238754 0
012387564 0
450123876 0
876540123 0
678012435 0
687012435 0
768012435 0
786012435 0
867012435 0
876012435 0
780124365 2
870124365 2
580124367 2
850124367 2
570124368 2
750124368 2
680124375 0
860124375 0
801243765 2
501243768 2
601243785 0
012437865 2
670124385 0
760124385 0
701243865 2
501243867 2
601243875 0
012438765 2
367801245 0
368701245 0
376801245 0
378601245 0
386701245 0
387601245 0
563780124 0
563870124 0
567380124 0
567830124 0
568370124 0
568730124 0
736801245 0
738601245 0
576380124 0
576830124 0
783601245 0
578630124 0
836701245 0
837601245 0
586370124 0
586730124 0
873601245 0
587630124 0
578012463 0
587012463 0
758012463 0
785012463 0
857012463 0
875012463 0
780124653 0
870124653 0
801246573 0
012465783 0
701246583 0
012465873 0
580124673 0
850124673 0
801246753 0
012467583 0
501246783 0
012467853 0
570124683 0
750124683 0
701246853 0
012468573 0
501246873 0
012468753 0
680124735 0
860124735 0
801247365 2
501247368 2
601247385 0
012473865 2
368012475 0
386012475 0
756380124 0
756830124 0
836012475 0
758630124 0
580124763 0
850124763 0
801247653 0
012476583 0
501247683 0
012476853 0
601247835 0
012478365 2
360124785 0
785630124 0
501247863 0
012478653 0
670124835 0
760124835 0
701248365 2
501248367 2
601248375 0
012483765 2
367012485 0
376012485 0
856370124 0
856730124 0
736012485 0
857630124 0
570124863 0
750124863 0
701248653 0
012486573 0
501248673 0
012486753 0
601248735 0
012487365 2
360124875 0
875630124 0
501248763 0
012487653 0
780125346 0
870125346 0
801253476 0
012534786 0
701253486 0
012534876 0
478012536 0
487012536 0
748012536 0
784012536 0
847012536 0
874012536 0
801253746 0
012537486 0
480125376 0
840125376 0
012537846 0
401253786 0
701253846 0
012538476 0
470125386 0
740125386 0
012538746 0
401253876 0
436780125 0
436870125 0
437680125 0
437860125 0
438670125 0
438760125 0
637801254 0
638701254 0
673801254 0
678301254 0
683701254 0
687301254 0
473680125 0
473860125 0
763801254 0
768301254 0
478360125 0
786301254 0
483670125 0
483760125 0
863701254 0
867301254 0
487360125 0
876301254 0
347801256 0
348701256 0
480125637 2
840125637 2
470125638 2
740125638 2
378012564 2
387012564 2
738012564 0
783012564 0
837012564 0
873012564 0
801256734 2
401256738 2
380125674 0
830125674 0
012567834 2
301256784 0
701256834 2
401256837 2
370125684 0
730125684 0
012568734 2
301256874 0
801257346 0
012573486 0
480125736 0
840125736 0
012573846 0
401257386 0
743680125 0
743860125 0
638012574 0
683012574 0
748360125 0
863012574 0
801257634 2
401257638 2
380125764 0
830125764 0
012576834 2
301257684 0
012578346 0
401257836 0
784360125 0
630125784 0
012578634 2
301257864 0
701258346 0
012583476 0
470125836 0
740125836 0
012583746 0
401258376 0
843670125 0
843760125 0
637012584 0
673012584 0
847360125 0
763012584 0
701258634 2
401258637 2
370125864 0
730125864 0
012586734 2
301258674 0
012587346 0
401258736 0
874360125 0
630125874 0
012587634 2
301258764 0
345780126 0
345870126 0
347580126 0
347850126 0
348570126 0
348750126 0
547801263 0
548701263 0
574801263 0
578401263 0
584701263 0
587401263 0
374580126 0
374850126 0
754801263 0
758401263 0
378450126 0
785401263 0
384570126 0
384750126 0
854701263 0
857401263 0
387450126 0
875401263 0
780126435 0
870126435 0
801264375 0
012643785 0
701264385 0
012643875 0
378012645 0
387012645 0
738012645 0
783012645 0
837012645 0
873012645 0
801264735 0
012647385 0
380126475 0
830126475 0
012647835 0
301264785 0
701264835 0
012648375 0
370126485 0
730126485 0
012648735 0
301264875 0
478012653 2
487012653 2
748012653 0
784012653 0
847012653 0
874012653 0
437801265 0
438701265 0
380126547 2
830126547 2
370126548 2
730126548 2
480126573 0
840126573 0
801265743 2
301265748 2
401265783 0
012657843 2
470126583 0
740126583 0
701265843 2
301265847 2
401265873 0
012658743 2
734580126 0
734850126 0
548012673 0
584012673 0
738450126 0
854012673 0
801267435 0
012674385 0
380126745 0
830126745 0
012674835 0
301267485 0
480126753 0
840126753 0
801267543 2
301267548 2
401267583 0
012675843 2
783450126 0
540126783 0
012678435 0
301267845 0
401267853 0
012678543 2
834570126 0
834750126 0
547012683 0
574012683 0
837450126 0
754012683 0
701268435 0
012684375 0
370126845 0
730126845 0
012684735 0
301268475 0
470126853 0
740126853 0
701268543 2
301268547 2
401268573 0
012685743 2
873450126 0
540126873 0
012687435 0
301268745 0
401268753 0
012687543 2
801273456 2
601273458 2
580127346 0
850127346 0
012734856 2
501273486 0
680127354 0
860127354 0
801273564 0
012735684 0
601273584 0
012735864 0
458012736 0
485012736 0
654801273 0
658401273 0
845012736 0
685401273 0
012738456 2
501273846 0
601273854 0
012738564 0
450127386 0
865401273 0
680127435 0
860127435 0
801274365 2
501274368 2
601274385 0
012743865 2
368012745 0
386012745 0
563801274 0
568301274 0
836012745 0
586301274 0
580127463 0
850127463 0
801274653 0
012746583 0
501274683 0
012746853 0
601274835 0
012748365 2
360127485 0
856301274 0
501274863 0
012748653 0
801275346 0
012753486 0
480127536 0
840127536 0
012753846 0
401275386 0
436801275 0
438601275 0
638012754 0
683012754 0
483601275 0
863012754 0
348012756 0
401275638 2
380127564 2
830127564 0
012756834 2
301275684 0
012758346 0
401275836 0
843601275 0
630127584 0
012758634 2
301275864 0
345801276 0
348501276 0
548012763 0
584012763 0
384501276 0
854012763 0
801276435 0
012764385 0
380127645 0
830127645 0
012764835 0
301276485 0
480127653 2
840127653 0
438012765 0
301276548 2
401276583 0
012765843 2
834501276 0
540127683 0
012768435 0
301276845 0
401276853 0
012768543 2
012783456 2
501278346 0
601278354 0
012783564 0
450127836 0
654012783 0
601278435 0
012784365 2
360127845 0
563012784 0
501278463 0
012784653 0
012785346 0
401278536 0
436012785 0
630127854 0
340127856 0
301278564 2
345012786 0
540127863 0
012786435 0
301278645 0
401278653 2
430127865 0
701283456 2
601283457 2
570128346 0
750128346 0
012834756 2
501283476 0
670128354 0
760128354 0
701283564 0
012835674 0
601283574 0
012835764 0
457012836 0
475012836 0
654701283 0
657401283 0
745012836 0
675401283 0
012837456 2
501283746 0
601283754 0
012837564 0
450128376 0
765401283 0
670128435 0
760128435 0
701284365 2
501284367 2
601284375 0
012843765 2
367012845 0
376012845 0
563701284 0
567301284 0
736012845 0
576301284 0
570128463 0
750128463 0
701284653 0
012846573 0
501284673 0
012846753 0
601284735 0
012847365 2
360128475 0
756301284 0
501284763 0
012847653 0
701285346 0
012853476 0
470128536 0
740128536 0
012853746 0
401285376 0
436701285 0
437601285 0
637012854 0
673012854 0
473601285 0
763012854 0
347012856 0
401285637 2
370128564 2
730128564 0
012856734 2
301285674 0
012857346 0
401285736 0
743601285 0
630128574 0
012857634 2
301285764 0
345701286 0
347501286 0
547012863 0
574012863 0
374501286 0
754012863 0
701286435 0
012864375 0
370128645 0
730128645 0
012864735 0
301286475 0
470128653 2
740128653 0
437012865 0
301286547 2
401286573 0
012865743 2
734501286 0
540128673 0
012867435 0
301286745 0
401286753 0
012867543 2
012873456 2
501287346 0
601287354 0
012873564 0
450128736 0
654012873 0
601287435 0
012874365 2
360128745 0
563012874 0
501287463 0
012874653 0
012875346 0
401287536 0
436012875 0
630128754 0
340128756 0
301287564 2
345012876 0
540128763 0
012876435 0
301287645 0
401287653 2
430128765 0
801324567 0
013245687 0
680132457 0
860132457 0
013245867 0
601324587 0
246578013 2
246587013 2
246758013 2
246785013 2
246857013 2
246875013 2
568013247 0
586013247 0
247658013 2
247685013 2
856013247 0
247865013 2
013248567 0
601324857 0
248657013 2
248675013 2
560132487 0
248765013 2
325467801 2
325468701 2
325476801 2
325478601 2
325486701 2
325487601 2
132564780 0
132564870 0
132567480 0
132567840 0
132568470 0
132568740 0
325746801 2
325748601 2
132576480 0
132576840 0
325784601 2
132578640 0
325846701 2
325847601 2
132586470 0
132586740 0
325874601 2
132587640 0
326457801 0
326458701 0
326475801 0
326478501 0
326485701 0
326487501 0
547801326 2
548701326 2
265748013 0
578401326 2
265847013 0
587401326 2
326745801 0
326748501 0
267548013 0
267584013 0
326784501 0
785401326 2
326845701 0
326847501 0
268547013 0
268574013 0
326874501 0
875401326 2
456801327 0
458601327 0
274658013 2
274685013 2
485601327 0
274865013 2
327546801 2
327548601 2
132756480 0
132756840 0
327584601 2
132758640 0
327645801 0
327648501 0
654801327 2
658401327 2
327684501 0
685401327 2
845601327 0
278465013 2
327854601 2
132785640 0
327864501 0
865401327 2
013284567 0
601328457 0
284657013 2
284675013 2
560132847 0
284765013 2
328546701 2
328547601 2
132856470 0
132856740 0
328574601 2
132857640 0
328645701 0
328647501 0
654701328 2
657401328 2
328674501 0
675401328 2
456013287 0
287465013 2
328754601 2
132875640 0
328764501 0
765401328 2
678013425 0
687013425 0
768013425 0
786013425 0
867013425 0
876013425 0
780134265 0
870134265 0
801342675 0
013426785 0
701342685 0
013426875 0
680134275 0
860134275 0
801342765 0
013427685 0
601342785 0
013427865 0
670134285 0
760134285 0
701342865 0
013428675 0
601342875 0
013428765 0
780134526 2
870134526 2
680134527 2
860134527 2
670134528 2
760134528 2
278013456 0
287013456 0
728013456 0
782013456 0
827013456 0
872013456 0
801345726 2
601345728 2
280134576 0
820134576 0
013457826 2
201345786 0
701345826 2
601345827 2
270134586 0
720134586 0
013458726 2
201345876 0
134625780 0
134625870 0
134627580 0
134627850 0
134628570 0
134628750 0
527801346 0
528701346 0
572801346 0
578201346 0
582701346 0
587201346 0
134672580 0
134672850 0
752801346 0
758201346 0
134678250 0
785201346 0
134682570 0
134682750 0
852701346 0
857201346 0
134687250 0
875201346 0
680134725 0
860134725 0
801347265 0
013472685 0
601347285 0
013472865 0
801347526 2
601347528 2
280134756 0
820134756 0
013475826 2
201347586 0
134762580 0
134762850 0
528013476 0
582013476 0
134768250 0
852013476 0
601347825 0
013478265 0
013478526 2
201347856 0
134786250 0
520134786 0
670134825 0
760134825 0
701348265 0
013482675 0
601348275 0
013482765 0
701348526 2
601348527 2
270134856 0
720134856 0
013485726 2
201348576 0
134862570 0
134862750 0
527013486 0
572013486 0
134867250 0
752013486 0
601348725 0
013487265 0
013487526 2
201348756 0
134876250 0
520134876 0
135246780 0
135246870 0
135247680 0
135247860 0
135248670 0
135248760 0
352647801 0
352648701 0
352674801 0
352678401 0
352684701 0
352687401 0
135274680 0
135274860 0
352764801 0
352768401 0
135278460 0
352786401 0
135284670 0
135284760 0
352864701 0
352867401 0
135287460 0
352876401 0
354267801 0
354268701 0
354276801 0
354278601 0
354286701 0
354287601 0
546278013 0
546287013 0
546728013 0
546782013 0
546827013 0
546872013 0
354726801 0
354728601 0
547628013 0
547682013 0
354782601 0
547862013 0
354826701 0
354827601 0
548627013 0
548672013 0
354872601 0
548762013 0
562478013 0
562487013 0
562748013 0
562784013 0
562847013 0
562874013 0
642780135 0
642870135 0
647280135 0
647820135 0
648270135 0
648720135 0
567248013 0
567284013 0
674280135 0
674820135 0
567824013 0
678420135 0
568247013 0
568274013 0
684270135 0
684720135 0
568724013 0
687420135 0
135724680 0
135724860 0
357264801 0
357268401 0
135728460 0
357286401 0
357426801 0
357428601 0
574628013 0
574682013 0
357482601 0
574862013 0
576248013 0
576284013 0
764280135 0
764820135 0
576824013 0
768420135 0
135782460 0
357826401 0
357842601 0
578462013 0
578624013 0
786420135 0
135824670 0
135824760 0
358264701 0
358267401 0
135827460 0
358276401 0
358426701 0
358427601 0
584627013 0
584672013 0
358472601 0
584762013 0
586247013 0
586274013 0
864270135 0
864720135 0
586724013 0
867420135 0
135872460 0
358726401 0
358742601 0
587462013 0
587624013 0
876420135 0
624578013 0
624587013 0
624758013 0
624785013 0
624857013 0
624875013 0
254780136 0
254870136 0
257480136 2
257840136 0
258470136 2
258740136 0
627458013 0
627485013 0
275480136 2
275840136 2
627845013 0
278540136 0
628457013 0
628475013 0
285470136 2
285740136 2
628745013 0
287540136 0
364257801 0
364258701 0
364275801 0
364278501 0
364285701 0
364287501 0
278013645 2
287013645 2
728013645 2
782013645 2
827013645 2
872013645 2
364725801 0
364728501 0
528013647 2
582013647 2
364782501 0
852013647 2
364825701 0
364827501 0
527013648 2
572013648 2
364872501 0
752013648 2
801365247 0
013652487 0
480136527 0
840136527 0
013652847 0
401365287 0
427801365 0
428701365 0
472801365 0
478201365 0
482701365 0
487201365 0
248013657 0
284013657 0
742801365 0
748201365 0
824013657 0
784201365 0
013658247 0
401365827 0
842701365 0
847201365 0
240136587 0
874201365 0
672458013 0
672485013 0
725480136 0
725840136 0
672845013 0
728540136 0
367425801 0
367428501 0
280136745 2
820136745 2
367482501 0
520136748 2
524801367 0
528401367 0
428013675 0
482013675 0
582401367 0
842013675 0
678245013 0
782540136 0
367842501 0
201367845 2
852401367 0
420136785 0
682457013 0
682475013 0
825470136 0
825740136 0
682745013 0
827540136 0
368425701 0
368427501 0
270136845 2
720136845 2
368472501 0
520136847 2
013685247 0
401368527 0
427013685 0
472013685 0
240136857 0
742013685 0
687245013 0
872540136 0
368742501 0
201368745 2
524013687 0
420136875 0
245680137 0
245860137 0
724658013 2
724685013 2
248560137 0
724865013 2
372546801 2
372548601 2
137256480 0
137256840 0
013725846 0
137258640 2
372645801 0
372648501 0
548013726 2
584013726 2
372684501 0
854013726 2
284560137 0
728465013 2
372854601 2
137285640 0
372864501 0
654013728 2
680137425 0
860137425 0
801374265 0
013742685 0
601374285 0
013742865 0
801374526 2
601374528 2
280137456 0
820137456 0
013745826 2
201374586 0
137462580 0
137462850 0
528013746 0
582013746 0
137468250 0
852013746 0
601374825 0
013748265 0
013748526 2
201374856 0
137486250 0
520137486 0
137524680 0
137524860 0
375264801 0
375268401 0
137528460 0
375286401 0
375426801 0
375428601 0
754628013 0
754682013 0
375482601 0
754862013 0
756248013 0
756284013 0
642801375 0
648201375 0
756824013 0
684201375 0
137582460 0
375826401 0
375842601 0
758462013 0
758624013 0
864201375 0
762458013 0
762485013 0
254801376 0
258401376 0
762845013 0
285401376 0
376425801 0
376428501 0
280137645 2
820137645 2
376482501 0
520137648 2
652480137 0
652840137 0
428013765 0
482013765 0
658240137 0
842013765 0
768245013 0
825401376 0
376842501 0
201376845 2
685240137 0
420137685 0
824560137 0
782465013 2
378254601 2
137825640 0
378264501 0
540137826 2
601378425 0
013784265 0
013784526 2
201378456 0
137846250 0
520137846 0
137852460 0
378526401 0
378542601 0
785462013 0
785624013 0
642013785 0
786245013 0
254013786 0
378642501 0
201378645 2
865240137 0
420137865 0
013824567 0
601382457 0
824657013 2
824675013 2
560138247 0
824765013 2
382546701 2
382547601 2
138256470 0
138256740 0
013825746 0
138257640 2
382645701 0
382647501 0
547013826 2
574013826 2
382674501 0
754013826 2
456013827 0
827465013 2
382754601 2
138275640 0
382764501 0
654013827 2
670138425 0
760138425 0
701384265 0
013842675 0
601384275 0
013842765 0
701384526 2
601384527 2
270138456 0
720138456 0
013845726 2
201384576 0
138462570 0
138462750 0
527013846 0
572013846 0
138467250 0
752013846 0
601384725 0
013847265 0
013847526 2
201384756 0
138476250 0
520138476 0
138524670 0
138524760 0
385264701 0
385267401 0
138527460 0
385276401 0
385426701 0
385427601 0
854627013 0
854672013 0
385472601 0
854762013 0
856247013 0
856274013 0
642701385 0
647201385 0
856724013 0
674201385 0
138572460 0
385726401 0
385742601 0
857462013 0
857624013 0
764201385 0
862457013 0
862475013 0
254701386 0
257401386 0
862745013 0
275401386 0
386425701 0
386427501 0
270138645 2
720138645 2
386472501 0
520138647 2
013865247 0
401386527 0
427013865 0
472013865 0
240138657 0
742013865 0
867245013 0
725401386 0
386742501 0
201386745 2
524013867 0
420138675 0
245601387 0
872465013 2
387254601 2
138725640 0
387264501 0
540138726 2
601387425 0
013874265 0
013874526 2
201387456 0
138746250 0
520138746 0
138752460 0
387526401 0
387542601 0
875462013 0
875624013 0
642013875 0
876245013 0
254013876 0
387642501 0
201387645 2
652401387 0
420138765 0
142356780 0
142356870 0
142357680 0
142357860 0
142358670 0
142358760 0
801423657 0
014236587 0
580142367 0
850142367 0
014236857 0
501423687 0
142375680 0
142375860 0
658014237 0
685014237 0
142378560 0
865014237 0
142385670 0
142385760 0
014238657 0
501423867 0
142387560 0
650142387 0
425367801 0
425368701 0
425376801 0
425378601 0
425386701 0
425387601 0
637801425 2
638701425 2
673801425 2
678301425 2
683701425 2
687301425 2
425736801 0
425738601 0
763801425 2
768301425 2
425783601 0
786301425 2
425836701 0
425837601 0
863701425 2
867301425 2
425873601 0
876301425 2
426357801 2
426358701 2
426375801 2
426378501 2
426385701 2
426387501 2
142653780 0
142653870 0
142657380 0
142657830 0
142658370 0
142658730 0
426735801 2
426738501 2
142675380 0
142675830 0
426783501 2
142678530 0
426835701 2
426837501 2
142685370 0
142685730 0
426873501 2
142687530 0
142735680 0
142735860 0
365801427 0
368501427 0
142738560 0
386501427 0
427536801 0
427538601 0
563801427 2
568301427 2
427583601 0
586301427 2
427635801 2
427638501 2
142765380 0
142765830 0
427683501 2
142768530 0
142783560 0
836501427 0
427853601 0
856301427 2
427863501 2
142786530 0
142835670 0
142835760 0
014283657 0
501428367 0
142837560 0
650142837 0
428536701 0
428537601 0
563701428 2
567301428 2
428573601 0
576301428 2
428635701 2
428637501 2
142865370 0
142865730 0
428673501 2
142867530 0
142873560 0
365014287 0
428753601 0
756301428 2
428763501 2
142876530 0
780143256 0
870143256 0
801432576 0
014325786 0
701432586 0
014325876 0
801432657 2
701432658 2
014326758 2
143267850 2
014326857 2
143268750 2
801432756 0
014327586 0
014327658 2
143276850 2
014327856 0
143278650 2
701432856 0
014328576 0
014328657 2
143286750 2
014328756 0
143287650 2
143526780 0
143526870 0
143527680 0
143527860 0
143528670 0
143528760 0
627801435 0
628701435 0
672801435 0
678201435 0
682701435 0
687201435 0
143572680 0
143572860 0
762801435 0
768201435 0
143578260 0
786201435 0
143582670 0
143582760 0
862701435 0
867201435 0
143587260 0
876201435 0
780143625 0
870143625 0
801436275 0
014362785 0
701436285 0
014362875 0
278014365 0
287014365 0
728014365 0
782014365 0
827014365 0
872014365 0
801436725 0
014367285 0
280143675 0
820143675 0
014367825 0
201436785 0
701436825 0
014368275 0
270143685 0
720143685 0
014368725 0
201436875 0
801437256 0
014372586 0
014372658 2
143726850 2
014372856 0
143728650 2
143752680 0
143752860 0
628014375 0
682014375 0
143758260 0
862014375 0
801437625 0
014376285 0
280143765 0
820143765 0
014376825 0
201437685 0
014378256 0
143782650 2
143785260 0
620143785 0
014378625 0
201437865 0
701438256 0
014382576 0
014382657 2
143826750 2
014382756 0
143827650 2
143852670 0
143852760 0
627014385 0
672014385 0
143857260 0
762014385 0
701438625 0
014386275 0
270143865 0
720143865 0
014386725 0
201438675 0
014387256 0
143872650 2
143875260 0
620143875 0
014387625 0
201438765 0
523678014 0
523687014 0
523768014 0
523786014 0
523867014 0
523876014 0
263780145 0
263870145 0
267380145 0
267830145 0
268370145 0
268730145 0
527368014 0
527386014 0
276380145 0
276830145 0
527836014 0
278630145 0
528367014 0
528376014 0
286370145 0
286730145 0
528736014 0
287630145 0
453267801 0
453268701 0
453276801 0
453278601 0
453286701 0
453287601 0
278014536 2
287014536 2
728014536 2
782014536 2
827014536 2
872014536 2
453726801 0
453728601 0
628014537 2
682014537 2
453782601 0
862014537 2
453826701 0
453827601 0
627014538 2
672014538 2
453872601 0
762014538 2
801456237 0
014562387 0
380145627 0
830145627 0
014562837 0
301456287 0
327801456 0
328701456 0
372801456 0
378201456 0
382701456 0
387201456 0
238014567 0
283014567 0
732801456 0
738201456 0
823014567 0
783201456 0
014568237 0
301456827 0
832701456 0
837201456 0
230145687 0
873201456 0
572368014 0
572386014 0
726380145 0
726830145 0
572836014 0
728630145 0
457326801 0
457328601 0
280145736 2
820145736 2
457382601 0
620145738 2
623801457 0
628301457 0
328014576 0
382014576 0
682301457 0
832014576 0
578236014 0
782630145 0
457832601 0
201457836 2
862301457 0
320145786 0
582367014 0
582376014 0
826370145 0
826730145 0
582736014 0
827630145 0
458326701 0
458327601 0
270145836 2
720145836 2
458372601 0
620145837 2
014586237 0
301458627 0
327014586 0
372014586 0
230145867 0
732014586 0
587236014 0
872630145 0
458732601 0
201458736 2
623014587 0
320145876 0
146235780 0
146235870 0
146237580 0
146237850 0
146238570 0
146238750 0
462537801 0
462538701 0
462573801 0
462578301 0
462583701 0
462587301 0
146273580 0
146273850 0
462753801 0
462758301 0
146278350 0
462785301 0
146283570 0
146283750 0
462853701 0
462857301 0
146287350 0
462875301 0
325780146 2
325870146 2
327580146 2
327850146 2
328570146 2
328750146 2
635278014 0
635287014 0
635728014 0
635782014 0
635827014 0
635872014 0
372580146 2
372850146 2
637528014 0
637582014 0
378250146 2
637852014 0
382570146 2
382750146 2
638527014 0
638572014 0
387250146 2
638752014 0
652378014 0
652387014 0
652738014 0
652783014 0
652837014 0
652873014 0
532780146 0
532870146 0
537280146 0
537820146 0
538270146 0
538720146 0
657238014 0
657283014 0
573280146 0
573820146 0
657823014 0
578320146 0
658237014 0
658273014 0
583270146 0
583720146 0
658723014 0
587320146 0
146723580 0
146723850 0
467253801 0
467258301 0
146728350 0
467285301 0
732580146 2
732850146 2
673528014 0
673582014 0
738250146 2
673852014 0
675238014 0
675283014 0
753280146 0
753820146 0
675823014 0
758320146 0
146782350 0
467825301 0
783250146 2
678352014 0
678523014 0
785320146 0
146823570 0
146823750 0
468253701 0
468257301 0
146827350 0
468275301 0
832570146 2
832750146 2
683527014 0
683572014 0
837250146 2
683752014 0
685237014 0
685273014 0
853270146 0
853720146 0
685723014 0
857320146 0
146872350 0
468725301 0
873250146 2
687352014 0
687523014 0
875320146 0
147235680 0
147235860 0
236580147 0
236850147 0
147238560 0
238650147 0
472536801 0
472538601 0
638014725 2
683014725 2
472583601 0
863014725 2
472635801 2
472638501 2
147265380 0
147265830 0
472683501 2
147268530 0
147283560 0
283650147 0
472853601 0
563014728 2
472863501 2
147286530 0
801473256 0
014732586 0
014732658 2
147326850 2
014732856 0
147328650 2
147352680 0
147352860 0
628014735 0
682014735 0
147358260 0
862014735 0
801473625 0
014736285 0
280147365 0
820147365 0
014736825 0
201473685 0
014738256 0
147382650 2
147385260 0
620147385 0
014738625 0
201473865 0
752368014 0
752386014 0
263801475 0
268301475 0
752836014 0
286301475 0
475326801 0
475328601 0
280147536 2
820147536 2
475382601 0
620147538 2
562380147 0
562830147 0
328014756 0
382014756 0
568230147 0
832014756 0
758236014 0
826301475 0
475832601 0
201475836 2
586230147 0
320147586 0
147623580 0
147623850 0
476253801 0
476258301 0
147628350 0
476285301 0
632580147 2
632850147 2
763528014 0
763582014 0
638250147 2
763852014 0
765238014 0
765283014 0
532801476 0
538201476 0
765823014 0
583201476 0
147682350 0
476825301 0
683250147 2
768352014 0
768523014 0
853201476 0
147823560 0
823650147 0
478253601 0
630147825 2
478263501 2
147826530 0
014783256 0
147832650 2
147835260 0
620147835 0
014783625 0
201478365 0
785236014 0
263014785 0
478532601 0
201478536 2
856230147 0
320147856 0
147862350 0
478625301 0
863250147 2
786352014 0
786523014 0
532014786 0
148235670 0
148235760 0
014823657 0
501482367 0
148237560 0
650148237 0
482536701 0
482537601 0
637014825 2
673014825 2
482573601 0
763014825 2
482635701 2
482637501 2
148265370 0
148265730 0
482673501 2
148267530 0
148273560 0
365014827 0
482753601 0
563014827 2
482763501 2
148276530 0
701483256 0
014832576 0
014832657 2
148326750 2
014832756 0
148327650 2
148352670 0
148352760 0
627014835 0
672014835 0
148357260 0
762014835 0
701483625 0
014836275 0
270148365 0
720148365 0
014836725 0
201483675 0
014837256 0
148372650 2
148375260 0
620148375 0
014837625 0
201483765 0
852367014 0
852376014 0
263701485 0
267301485 0
852736014 0
276301485 0
485326701 0
485327601 0
270148536 2
720148536 2
485372601 0
620148537 2
014856237 0
301485627 0
327014856 0
372014856 0
230148567 0
732014856 0
857236014 0
726301485 0
485732601 0
201485736 2
623014857 0
320148576 0
148623570 0
148623750 0
486253701 0
486257301 0
148627350 0
486275301 0
632570148 2
632750148 2
863527014 0
863572014 0
637250148 2
863752014 0
865237014 0
865273014 0
532701486 0
537201486 0
865723014 0
573201486 0
148672350 0
486725301 0
673250148 2
867352014 0
867523014 0
753201486 0
148723560 0
236501487 0
487253601 0
630148725 2
487263501 2
148726530 0
014873256 0
148732650 2
148735260 0
620148735 0
014873625 0
201487365 0
875236014 0
263014875 0
487532601 0
201487536 2
562301487 0
320148756 0
148762350 0
487625301 0
763250148 2
876352014 0
876523014 0
532014876 0
801523467 2
701523468 2
015234768 2
152347860 2
015234867 2
152348760 2
780152364 0
870152364 0
801523674 0
015236784 0
701523684 0
015236874 0
015237468 2
152374860 2
801523764 0
015237684 0
152378460 2
015237864 0
015238467 2
152384760 2
701523864 0
015238674 0
152387460 2
015238764 0
367801524 2
368701524 2
376801524 2
378601524 2
386701524 2
387601524 2
524637801 0
524638701 0
524673801 0
524678301 0
524683701 0
524687301 0
736801524 2
738601524 2
524763801 0
524768301 0
783601524 2
524786301 0
836701524 2
837601524 2
524863701 0
524867301 0
873601524 2
524876301 0
801526347 0
015263487 0
480152637 0
840152637 0
015263847 0
401526387 0
264378015 2
264387015 2
264738015 2
264783015 2
264837015 2
264873015 2
348015267 0
384015267 0
267438015 2
267483015 2
834015267 0
267843015 2
015268347 0
401526837 0
268437015 2
268473015 2
340152687 0
268743015 2
015273468 2
152734860 2
801527364 0
015273684 0
152738460 2
015273864 0
436801527 2
438601527 2
527463801 0
527468301 0
483601527 2
527486301 0
634801527 0
638401527 0
276438015 2
276483015 2
683401527 0
276843015 2
152783460 2
015278364 0
843601527 2
527846301 0
863401527 0
278643015 2
015283467 2
152834760 2
701528364 0
015283674 0
152837460 2
015283764 0
436701528 2
437601528 2
528463701 0
528467301 0
473601528 2
528476301 0
015286347 0
401528637 0
286437015 2
286473015 2
340152867 0
286743015 2
152873460 2
015287364 0
743601528 2
528746301 0
634015287 0
287643015 2
532467801 0
532468701 0
532476801 0
532478601 0
532486701 0
532487601 0
153264780 0
153264870 0
153267480 0
153267840 0
153268470 0
153268740 0
532746801 0
532748601 0
153276480 0
153276840 0
532784601 0
153278640 0
532846701 0
532847601 0
153286470 0
153286740 0
532874601 0
153287640 0
342678015 2
342687015 2
342768015 2
342786015 2
342867015 2
342876015 2
462780153 0
462870153 0
467280153 0
467820153 0
468270153 0
468720153 0
347268015 2
347286015 2
476280153 0
476820153 0
347826015 2
478620153 0
348267015 2
348276015 2
486270153 0
486720153 0
348726015 2
487620153 0
624780153 2
624870153 2
627480153 2
627840153 2
628470153 2
628740153 2
364278015 0
364287015 0
364728015 0
364782015 0
364827015 0
364872015 0
672480153 2
672840153 2
367428015 0
367482015 0
678240153 2
367842015 0
682470153 2
682740153 2
368427015 0
368472015 0
687240153 2
368742015 0
537246801 0
537248601 0
153726480 0
153726840 0
537284601 0
153728640 0
374268015 2
374286015 2
746280153 0
746820153 0
374826015 2
748620153 0
762480153 2
762840153 2
376428015 0
376482015 0
768240153 2
376842015 0
537824601 0
153782640 0
378426015 2
784620153 0
786240153 2
378642015 0
538246701 0
538247601 0
153826470 0
153826740 0
538274601 0
153827640 0
384267015 2
384276015 2
846270153 0
846720153 0
384726015 2
847620153 0
862470153 2
862740153 2
386427015 0
386472015 0
867240153 2
386742015 0
538724601 0
153872640 0
387426015 2
874620153 0
876240153 2
387642015 0
236780154 0
236870154 0
237680154 0
237860154 0
238670154 0
238760154 0
426378015 0
426387015 0
426738015 0
426783015 0
426837015 0
426873015 0
273680154 0
273860154 0
427638015 0
427683015 0
278360154 0
427863015 0
283670154 0
283760154 0
428637015 0
428673015 0
287360154 0
428763015 0
801543267 0
015432687 0
680154327 0
860154327 0
015432867 0
601543287 0
627801543 0
628701543 0
672801543 0
678201543 0
682701543 0
687201543 0
268015437 0
286015437 0
762801543 0
768201543 0
826015437 0
786201543 0
015438267 0
601543827 0
862701543 0
867201543 0
260154387 0
876201543 0
546237801 0
546238701 0
546273801 0
546278301 0
546283701 0
546287301 0
278015463 2
287015463 2
728015463 2
782015463 2
827015463 2
872015463 2
546723801 0
546728301 0
328015467 2
382015467 2
546782301 0
832015467 2
546823701 0
546827301 0
327015468 2
372015468 2
546872301 0
732015468 2
723680154 0
723860154 0
472638015 0
472683015 0
728360154 0
472863015 0
326801547 0
328601547 0
628015473 0
682015473 0
382601547 0
862015473 0
547623801 0
547628301 0
280154763 2
820154763 2
547682301 0
320154768 2
782360154 0
478263015 0
832601547 0
620154783 0
547862301 0
201547863 2
823670154 0
823760154 0
482637015 0
482673015 0
827360154 0
482763015 0
015483267 0
601548327 0
627015483 0
672015483 0
260154837 0
762015483 0
548623701 0
548627301 0
270154863 2
720154863 2
548672301 0
320154867 2
872360154 0
487263015 0
326015487 0
620154873 0
548762301 0
201548763 2
478015623 0
487015623 0
748015623 0
784015623 0
847015623 0
874015623 0
780156243 0
870156243 0
801562473 0
015624783 0
701562483 0
015624873 0
480156273 0
840156273 0
801562743 0
015627483 0
401562783 0
015627843 0
470156283 0
740156283 0
701562843 0
015628473 0
401562873 0
015628743 0
780156324 2
870156324 2
480156327 2
840156327 2
470156328 2
740156328 2
278015634 0
287015634 0
728015634 0
782015634 0
827015634 0
872015634 0
801563724 2
401563728 2
280156374 0
820156374 0
015637824 2
201563784 0
701563824 2
401563827 2
270156384 0
720156384 0
015638724 2
201563874 0
156423780 0
156423870 0
156427380 0
156427830 0
156428370 0
156428730 0
327801564 0
328701564 0
372801564 0
378201564 0
382701564 0
387201564 0
156472380 0
156472830 0
732801564 0
738201564 0
156478230 0
783201564 0
156482370 0
156482730 0
832701564 0
837201564 0
156487230 0
873201564 0
480156723 0
840156723 0
801567243 0
015672483 0
401567283 0
015672843 0
801567324 2
401567328 2
280156734 0
820156734 0
015673824 2
201567384 0
156742380 0
156742830 0
328015674 0
382015674 0
156748230 0
832015674 0
401567823 0
015678243 0
015678324 2
201567834 0
156784230 0
320156784 0
470156823 0
740156823 0
701568243 0
015682473 0
401568273 0
015682743 0
701568324 2
401568327 2
270156834 0
720156834 0
015683724 2
201568374 0
156842370 0
156842730 0
327015684 0
372015684 0
156847230 0
732015684 0
401568723 0
015687243 0
015687324 2
201568734 0
156874230 0
320156874 0
015723468 2
157234860 2
801572364 0
015723684 0
157238460 2
015723864 0
368015724 2
386015724 2
572463801 0
572468301 0
836015724 2
572486301 0
263480157 0
263840157 0
726438015 2
726483015 2
268340157 0
726843015 2
157283460 2
015728364 0
436015728 2
572846301 0
286340157 0
728643015 2
573246801 0
573248601 0
157326480 0
157326840 0
573284601 0
157328640 0
734268015 2
734286015 2
462801573 0
468201573 0
734826015 2
486201573 0
362480157 2
362840157 2
736428015 0
736482015 0
368240157 2
736842015 0
573824601 0
157382640 0
738426015 2
846201573 0
386240157 2
738642015 0
236801574 0
238601574 0
742638015 0
742683015 0
283601574 0
742863015 0
432680157 0
432860157 0
628015743 0
682015743 0
438260157 0
862015743 0
574623801 0
574628301 0
280157463 2
820157463 2
574682301 0
320157468 2
823601574 0
748263015 0
483260157 0
620157483 0
574862301 0
201574863 2
480157623 0
840157623 0
801576243 0
015762483 0
401576283 0
015762843 0
801576324 2
401576328 2
280157634 0
820157634 0
015763824 2
201576384 0
157642380 0
157642830 0
328015764 0
382015764 0
157648230 0
832015764 0
401576823 0
015768243 0
015768324 2
201576834 0
157684230 0
320157684 0
157823460 2
015782364 0
360157824 2
578246301 0
826340157 0
782643015 2
578324601 0
157832640 0
783426015 2
462015783 0
836240157 2
783642015 0
236015784 0
784263015 0
843260157 0
620157843 0
578462301 0
201578463 2
401578623 0
015786243 0
015786324 2
201578634 0
157864230 0
320157864 0
015823467 2
158234760 2
701582364 0
015823674 0
158237460 2
015823764 0
367015824 2
376015824 2
582463701 0
582467301 0
736015824 2
582476301 0
015826347 0
401582637 0
826437015 2
826473015 2
340158267 0
826743015 2
158273460 2
015827364 0
436015827 2
582746301 0
634015827 0
827643015 2
583246701 0
583247601 0
158326470 0
158326740 0
583274601 0
158327640 0
834267015 2
834276015 2
462701583 0
467201583 0
834726015 2
476201583 0
362470158 2
362740158 2
836427015 0
836472015 0
367240158 2
836742015 0
583724601 0
158372640 0
837426015 2
746201583 0
376240158 2
837642015 0
236701584 0
237601584 0
842637015 0
842673015 0
273601584 0
842763015 0
015843267 0
601584327 0
627015843 0
672015843 0
260158437 0
762015843 0
584623701 0
584627301 0
270158463 2
720158463 2
584672301 0
320158467 2
723601584 0
847263015 0
326015847 0
620158473 0
584762301 0
201584763 2
470158623 0
740158623 0
701586243 0
015862473 0
401586273 0
015862743 0
701586324 2
401586327 2
270158634 0
720158634 0
015863724 2
201586374 0
158642370 0
158642730 0
327015864 0
372015864 0
158647230 0
732015864 0
401586723 0
015867243 0
015867324 2
201586734 0
158674230 0
320158674 0
158723460 2
015872364 0
360158724 2
587246301 0
263401587 0
872643015 2
587324601 0
158732640 0
873426015 2
462015873 0
736240158 2
873642015 0
236015874 0
874263015 0
432601587 0
620158743 0
587462301 0
201587463 2
401587623 0
015876243 0
015876324 2
201587634 0
158764230 0
320158764 0
457801623 2
458701623 2
475801623 2
478501623 2
485701623 2
487501623 2
623547801 0
623548701 0
623574801 0
623578401 0
623584701 0
623587401 0
745801623 2
748501623 2
623754801 0
623758401 0
784501623 2
623785401 0
845701623 2
847501623 2
623854701 0
623857401 0
874501623 2
623875401 0
162435780 0
162435870 0
162437580 0
162437850 0
162438570 0
162438750 0
624537801 2
624538701 2
624573801 2
624578301 2
624583701 2
624587301 2
162473580 0
162473850 0
624753801 2
624758301 2
162478350 0
624785301 2
162483570 0
162483750 0
624853701 2
624857301 2
162487350 0
624875301 2
253478016 2
253487016 2
253748016 2
253784016 2
253847016 2
253874016 2
801625437 0
016254387 0
380162547 0
830162547 0
016254837 0
301625487 0
257348016 2
257384016 2
438016257 0
483016257 0
257834016 2
843016257 0
258347016 2
258374016 2
016258437 0
301625847 0
258734016 2
430162587 0
345801627 2
348501627 2
627354801 0
627358401 0
384501627 2
627385401 0
162743580 0
162743850 0
627453801 2
627458301 2
162748350 0
627485301 2
275348016 2
275384016 2
543801627 0
548301627 0
275834016 2
584301627 0
834501627 2
627835401 0
162784350 0
627845301 2
278534016 2
854301627 0
345701628 2
347501628 2
628354701 0
628357401 0
374501628 2
628375401 0
162843570 0
162843750 0
628453701 2
628457301 2
162847350 0
628475301 2
285347016 2
285374016 2
016285437 0
301628547 0
285734016 2
430162857 0
734501628 2
628735401 0
162874350 0
628745301 2
287534016 2
543016287 0
245780163 0
245870163 0
247580163 0
247850163 0
248570163 0
248750163 0
325478016 0
325487016 0
325748016 0
325784016 0
325847016 0
325874016 0
274580163 0
274850163 0
327548016 0
327584016 0
278450163 0
327854016 0
284570163 0
284750163 0
328547016 0
328574016 0
287450163 0
328754016 0
801634257 0
016342587 0
580163427 0
850163427 0
016342857 0
501634287 0
527801634 0
528701634 0
572801634 0
578201634 0
582701634 0
587201634 0
258016347 0
285016347 0
752801634 0
758201634 0
825016347 0
785201634 0
016348257 0
501634827 0
852701634 0
857201634 0
250163487 0
875201634 0
635247801 0
635248701 0
635274801 0
635278401 0
635284701 0
635287401 0
278016354 2
287016354 2
728016354 2
782016354 2
827016354 2
872016354 2
635724801 0
635728401 0
428016357 2
482016357 2
635782401 0
842016357 2
635824701 0
635827401 0
427016358 2
472016358 2
635872401 0
742016358 2
724580163 0
724850163 0
372548016 0
372584016 0
728450163 0
372854016 0
425801637 0
428501637 0
528016374 0
582016374 0
482501637 0
852016374 0
637524801 0
637528401 0
280163754 2
820163754 2
637582401 0
420163758 2
782450163 0
378254016 0
842501637 0
520163784 0
637852401 0
201637854 2
824570163 0
824750163 0
382547016 0
382574016 0
827450163 0
382754016 0
016384257 0
501638427 0
527016384 0
572016384 0
250163847 0
752016384 0
638524701 0
638527401 0
270163854 2
720163854 2
638572401 0
420163857 2
872450163 0
387254016 0
425016387 0
520163874 0
638752401 0
201638754 2
642357801 0
642358701 0
642375801 0
642378501 0
642385701 0
642387501 0
164253780 0
164253870 0
164257380 0
164257830 0
164258370 0
164258730 0
642735801 0
642738501 0
164275380 0
164275830 0
642783501 0
164278530 0
642835701 0
642837501 0
164285370 0
164285730 0
642873501 0
164287530 0
432578016 0
432587016 0
432758016 0
432785016 0
432857016 0
432875016 0
352780164 0
352870164 0
357280164 0
357820164 0
358270164 0
358720164 0
437258016 0
437285016 0
375280164 0
375820164 0
437825016 0
378520164 0
438257016 0
438275016 0
385270164 0
385720164 0
438725016 0
387520164 0
523780164 2
523870164 2
527380164 2
527830164 2
528370164 2
528730164 2
453278016 0
453287016 0
453728016 0
453782016 0
453827016 0
453872016 0
572380164 2
572830164 2
457328016 0
457382016 0
578230164 2
457832016 0
582370164 2
582730164 2
458327016 0
458372016 0
587230164 2
458732016 0
647235801 0
647238501 0
164725380 0
164725830 0
647283501 0
164728530 0
473258016 0
473285016 0
735280164 0
735820164 0
473825016 0
738520164 0
752380164 2
752830164 2
475328016 0
475382016 0
758230164 2
475832016 0
647823501 0
164782530 0
478325016 0
783520164 0
785230164 2
478532016 0
648235701 0
648237501 0
164825370 0
164825730 0
648273501 0
164827530 0
483257016 0
483275016 0
835270164 0
835720164 0
483725016 0
837520164 0
852370164 2
852730164 2
485327016 0
485372016 0
857230164 2
485732016 0
648723501 0
164872530 0
487325016 0
873520164 0
875230164 2
487532016 0
780165234 0
870165234 0
801652374 0
016523784 0
701652384 0
016523874 0
801652437 2
701652438 2
016524738 2
165247830 2
016524837 2
165248730 2
801652734 0
016527384 0
016527438 2
165274830 2
016527834 0
165278430 2
701652834 0
016528374 0
016528437 2
165284730 2
016528734 0
165287430 2
165324780 0
165324870 0
165327480 0
165327840 0
165328470 0
165328740 0
427801653 0
428701653 0
472801653 0
478201653 0
482701653 0
487201653 0
165372480 0
165372840 0
742801653 0
748201653 0
165378240 0
784201653 0
165382470 0
165382740 0
842701653 0
847201653 0
165387240 0
874201653 0
780165423 0
870165423 0
801654273 0
016542783 0
701654283 0
016542873 0
278016543 0
287016543 0
728016543 0
782016543 0
827016543 0
872016543 0
801654723 0
016547283 0
280165473 0
820165473 0
016547823 0
201654783 0
701654823 0
016548273 0
270165483 0
720165483 0
016548723 0
201654873 0
801657234 0
016572384 0
016572438 2
165724830 2
016572834 0
165728430 2
165732480 0
165732840 0
428016573 0
482016573 0
165738240 0
842016573 0
801657423 0
016574283 0
280165743 0
820165743 0
016574823 0
201657483 0
016578234 0
165782430 2
165783240 0
420165783 0
016578423 0
201657843 0
701658234 0
016582374 0
016582437 2
165824730 2
016582734 0
165827430 2
165832470 0
165832740 0
427016583 0
472016583 0
165837240 0
742016583 0
701658423 0
016584273 0
270165843 0
720165843 0
016584723 0
201658473 0
016587234 0
165872430 2
165873240 0
420165873 0
016587423 0
201658743 0
458016723 2
485016723 2
672354801 0
672358401 0
845016723 2
672385401 0
167243580 0
167243850 0
672453801 2
672458301 2
167248350 0
672485301 2
725348016 2
725384016 2
254380167 0
254830167 0
725834016 2
258430167 0
345016728 2
672835401 0
167284350 0
672845301 2
728534016 2
285430167 0
245801673 0
248501673 0
732548016 0
732584016 0
284501673 0
732854016 0
342580167 0
342850167 0
528016734 0
582016734 0
348250167 0
852016734 0
673524801 0
673528401 0
280167354 2
820167354 2
673582401 0
420167358 2
824501673 0
738254016 0
384250167 0
520167384 0
673852401 0
201673854 2
674235801 0
674238501 0
167425380 0
167425830 0
674283501 0
167428530 0
743258016 0
743285016 0
352801674 0
358201674 0
743825016 0
385201674 0
452380167 2
452830167 2
745328016 0
745382016 0
458230167 2
745832016 0
674823501 0
167482530 0
748325016 0
835201674 0
485230167 2
748532016 0
801675234 0
016752384 0
016752438 2
167524830 2
016752834 0
167528430 2
167532480 0
167532840 0
428016753 0
482016753 0
167538240 0
842016753 0
801675423 0
016754283 0
280167543 0
820167543 0
016754823 0
201675483 0
016758234 0
167582430 2
167583240 0
420167583 0
016758423 0
201675843 0
450167823 2
678235401 0
167824350 0
678245301 2
782534016 2
825430167 0
245016783 0
783254016 0
834250167 0
520167834 0
678352401 0
201678354 2
678423501 0
167842530 0
784325016 0
352016784 0
845230167 2
784532016 0
016785234 0
167852430 2
167853240 0
420167853 0
016785423 0
201678543 0
457016823 2
475016823 2
682354701 0
682357401 0
745016823 2
682375401 0
168243570 0
168243750 0
682453701 2
682457301 2
168247350 0
682475301 2
825347016 2
825374016 2
016825437 0
301682547 0
825734016 2
430168257 0
345016827 2
682735401 0
168274350 0
682745301 2
827534016 2
543016827 0
245701683 0
247501683 0
832547016 0
832574016 0
274501683 0
832754016 0
016834257 0
501683427 0
527016834 0
572016834 0
250168347 0
752016834 0
683524701 0
683527401 0
270168354 2
720168354 2
683572401 0
420168357 2
724501683 0
837254016 0
425016837 0
520168374 0
683752401 0
201683754 2
684235701 0
684237501 0
168425370 0
168425730 0
684273501 0
168427530 0
843257016 0
843275016 0
352701684 0
357201684 0
843725016 0
375201684 0
452370168 2
452730168 2
845327016 0
845372016 0
457230168 2
845732016 0
684723501 0
168472530 0
847325016 0
735201684 0
475230168 2
847532016 0
701685234 0
016852374 0
016852437 2
168524730 2
016852734 0
168527430 2
168532470 0
168532740 0
427016853 0
472016853 0
168537240 0
742016853 0
701685423 0
016854273 0
270168543 0
720168543 0
016854723 0
201685473 0
016857234 0
168572430 2
168573240 0
420168573 0
016857423 0
201685743 0
450168723 2
687235401 0
168724350 0
687245301 2
872534016 2
254301687 0
245016873 0
873254016 0
342501687 0
520168734 0
687352401 0
201687354 2
687423501 0
168742530 0
874325016 0
352016874 0
745230168 2
874532016 0
016875234 0
168752430 2
168753240 0
420168753 0
016875423 0
201687543 0
801723456 2
601723458 2
580172346 0
850172346 0
017234856 2
501723486 0
680172354 0
860172354 0
801723564 0
017235684 0
601723584 0
017235864 0
458017236 0
485017236 0
654801723 0
658401723 0
845017236 0
685401723 0
017238456 2
501723846 0
601723854 0
017238564 0
450172386 0
865401723 0
680172435 0
860172435 0
801724365 2
501724368 2
601724385 0
017243865 2
368017245 0
386017245 0
563801724 0
568301724 0
836017245 0
586301724 0
580172463 0
850172463 0
801724653 0
017246583 0
501724683 0
017246853 0
601724835 0
017248365 2
360172485 0
856301724 0
501724863 0
017248653 0
801725346 0
017253486 0
480172536 0
840172536 0
017253846 0
401725386 0
436801725 0
438601725 0
638017254 0
683017254 0
483601725 0
863017254 0
801725634 2
401725638 2
380172564 0
830172564 0
017256834 2
301725684 0
017258346 0
401725836 0
843601725 0
630172584 0
017258634 2
301725864 0
345801726 0
348501726 0
548017263 0
584017263 0
384501726 0
854017263 0
801726435 0
017264385 0
380172645 0
830172645 0
017264835 0
301726485 0
480172653 0
840172653 0
801726543 2
301726548 2
401726583 0
017265843 2
834501726 0
540172683 0
017268435 0
301726845 0
401726853 0
017268543 2
017283456 2
501728346 0
601728354 0
017283564 0
450172836 0
654017283 0
601728435 0
017284365 2
360172845 0
563017284 0
501728463 0
017284653 0
017285346 0
401728536 0
436017285 0
630172854 0
017285634 2
301728564 0
345017286 0
540172863 0
017286435 0
301728645 0
401728653 0
017286543 2
324568017 0
324586017 0
324658017 2
324685017 2
324856017 0
324865017 2
732546801 2
732548601 2
173256480 0
173256840 0
732584601 2
173258640 0
732645801 0
732648501 0
548017326 2
584017326 2
732684501 0
854017326 2
328456017 0
328465017 2
732854601 2
173285640 0
732864501 0
654017328 2
680173425 0
860173425 0
801734265 0
017342685 0
601734285 0
017342865 0
801734526 2
601734528 2
280173456 0
820173456 0
017345826 2
201734586 0
173462580 0
173462850 0
528017346 0
582017346 0
173468250 0
852017346 0
601734825 0
017348265 0
017348526 2
201734856 0
173486250 0
520173486 0
173524680 0
173524860 0
735264801 0
735268401 0
173528460 0
735286401 0
735426801 0
735428601 0
546280173 0
546820173 0
735482601 0
548620173 0
562480173 0
562840173 0
642801735 0
648201735 0
568240173 0
684201735 0
173582460 0
735826401 0
735842601 0
584620173 0
586240173 0
864201735 0
624580173 0
624850173 0
254801736 0
258401736 0
628450173 0
285401736 0
736425801 0
736428501 0
280173645 2
820173645 2
736482501 0
520173648 2
365248017 0
365284017 0
428017365 0
482017365 0
365824017 0
842017365 0
682450173 0
825401736 0
736842501 0
201736845 2
368524017 0
420173685 0
382456017 0
382465017 2
738254601 2
173825640 0
738264501 0
540173826 2
601738425 0
017384265 0
017384526 2
201738456 0
173846250 0
520173846 0
173852460 0
738526401 0
738542601 0
854620173 0
856240173 0
642017385 0
862450173 0
254017386 0
738642501 0
201738645 2
386524017 0
420173865 0
174235680 0
174235860 0
423658017 0
423685017 0
174238560 0
423865017 0
742536801 0
742538601 0
638017425 2
683017425 2
742583601 0
863017425 2
742635801 2
742638501 2
174265380 0
174265830 0
742683501 2
174268530 0
174283560 0
428365017 0
742853601 0
563017428 2
742863501 2
174286530 0
801743256 0
017432586 0
017432658 2
174326850 2
017432856 0
174328650 2
174352680 0
174352860 0
628017435 0
682017435 0
174358260 0
862017435 0
801743625 0
017436285 0
280174365 0
820174365 0
017436825 0
201743685 0
017438256 0
174382650 2
174385260 0
620174385 0
017438625 0
201743865 0
523680174 0
523860174 0
263801745 0
268301745 0
528360174 0
286301745 0
745326801 0
745328601 0
280174536 2
820174536 2
745382601 0
620174538 2
456238017 0
456283017 0
328017456 0
382017456 0
456823017 0
832017456 0
582360174 0
826301745 0
745832601 0
201745836 2
458623017 0
320174586 0
174623580 0
174623850 0
746253801 0
746258301 0
174628350 0
746285301 0
325801746 2
328501746 2
635280174 0
635820174 0
382501746 2
638520174 0
652380174 0
652830174 0
532801746 0
538201746 0
658230174 0
583201746 0
174682350 0
746825301 0
832501746 2
683520174 0
685230174 0
853201746 0
174823560 0
482365017 0
748253601 0
630174825 2
748263501 2
174826530 0
017483256 0
174832650 2
174835260 0
620174835 0
017483625 0
201748365 0
852360174 0
263017485 0
748532601 0
201748536 2
485623017 0
320174856 0
174862350 0
748625301 0
632501748 2
863520174 0
865230174 0
532017486 0
017523468 2
175234860 2
801752364 0
017523684 0
175238460 2
017523864 0
368017524 2
386017524 2
752463801 0
752468301 0
836017524 2
752486301 0
526348017 0
526384017 0
526438017 2
526483017 2
526834017 0
526843017 2
175283460 2
017528364 0
436017528 2
752846301 0
528634017 0
528643017 2
753246801 0
753248601 0
175326480 0
175326840 0
753284601 0
175328640 0
534268017 2
534286017 2
462801753 0
468201753 0
534826017 2
486201753 0
624801753 2
628401753 2
364280175 0
364820175 0
682401753 2
368420175 0
753824601 0
175382640 0
538426017 2
846201753 0
862401753 2
386420175 0
236801754 0
238601754 0
426380175 0
426830175 0
283601754 0
428630175 0
543268017 0
543286017 0
628017543 0
682017543 0
543826017 0
862017543 0
754623801 0
754628301 0
280175463 2
820175463 2
754682301 0
320175468 2
823601754 0
482630175 0
548326017 0
620175483 0
754862301 0
201754863 2
480175623 0
840175623 0
801756243 0
017562483 0
401756283 0
017562843 0
801756324 2
401756328 2
280175634 0
820175634 0
017563824 2
201756384 0
175642380 0
175642830 0
328017564 0
382017564 0
175648230 0
832017564 0
401756823 0
017568243 0
017568324 2
201756834 0
175684230 0
320175684 0
175823460 2
017582364 0
360175824 2
758246301 0
582634017 0
582643017 2
758324601 0
175832640 0
583426017 2
462017583 0
362401758 2
836420175 0
236017584 0
842630175 0
584326017 0
620175843 0
758462301 0
201758463 2
401758623 0
017586243 0
017586324 2
201758634 0
175864230 0
320175864 0
458017623 2
485017623 2
762354801 0
762358401 0
845017623 2
762385401 0
176243580 0
176243850 0
762453801 2
762458301 2
176248350 0
762485301 2
625348017 2
625384017 2
625438017 0
625483017 0
625834017 2
625843017 0
345017628 2
762835401 0
176284350 0
762845301 2
628534017 2
628543017 0
245801763 0
248501763 0
325480176 0
325840176 0
284501763 0
328540176 0
634258017 0
634285017 0
528017634 0
582017634 0
634825017 0
852017634 0
763524801 0
763528401 0
280176354 2
820176354 2
763582401 0
420176358 2
824501763 0
382540176 0
638425017 0
520176384 0
763852401 0
201763854 2
764235801 0
764238501 0
176425380 0
176425830 0
764283501 0
176428530 0
432580176 0
432850176 0
352801764 0
358201764 0
438250176 0
385201764 0
523801764 2
528301764 2
453280176 0
453820176 0
582301764 2
458320176 0
764823501 0
176482530 0
483250176 0
835201764 0
852301764 2
485320176 0
801765234 0
017652384 0
017652438 2
176524830 2
017652834 0
176528430 2
176532480 0
176532840 0
428017653 0
482017653 0
176538240 0
842017653 0
801765423 0
017654283 0
280176543 0
820176543 0
017654823 0
201765483 0
017658234 0
176582430 2
176583240 0
420176583 0
017658423 0
201765843 0
450176823 2
768235401 0
176824350 0
768245301 2
682534017 2
682543017 0
245017683 0
832540176 0
683425017 0
520176834 0
768352401 0
201768354 2
768423501 0
176842530 0
843250176 0
352017684 0
452301768 2
845320176 0
017685234 0
176852430 2
176853240 0
420176853 0
017685423 0
201768543 0
017823456 2
501782346 0
601782354 0
017823564 0
450178236 0
654017823 0
601782435 0
017824365 2
360178245 0
563017824 0
501782463 0
017824653 0
017825346 0
401782536 0
436017825 0
630178254 0
017825634 2
301782564 0
345017826 0
540178263 0
017826435 0
301782645 0
401782653 0
017826543 2
832456017 0
832465017 2
783254601 2
178325640 0
783264501 0
540178326 2
601783425 0
017834265 0
017834526 2
201783456 0
178346250 0
520178346 0
178352460 0
783526401 0
783542601 0
546201783 0
562401783 0
642017835 0
624501783 0
254017836 0
783642501 0
201783645 2
836524017 0
420178365 0
178423560 0
842365017 0
784253601 0
630178425 2
784263501 2
178426530 0
017843256 0
178432650 2
178435260 0
620178435 0
017843625 0
201784365 0
523601784 0
263017845 0
784532601 0
201784536 2
845623017 0
320178456 0
178462350 0
784625301 0
325017846 2
635201784 0
652301784 0
532017846 0
178523460 2
017852364 0
360178524 2
785246301 0
852634017 0
852643017 2
785324601 0
178532640 0
853426017 2
462017853 0
624017853 2
364201785 0
236017854 0
426301785 0
854326017 0
620178543 0
785462301 0
201785463 2
401785623 0
017856243 0
017856324 2
201785634 0
178564230 0
320178564 0
450178623 2
786235401 0
178624350 0
786245301 2
862534017 2
862543017 0
245017863 0
325401786 0
863425017 0
520178634 0
786352401 0
201786354 2
786423501 0
178642530 0
432501786 0
352017864 0
523017864 2
453201786 0
017865234 0
178652430 2
178653240 0
420178653 0
017865423 0
201786543 0
701823456 2
601823457 2
570182346 0
750182346 0
018234756 2
501823476 0
670182354 0
760182354 0
701823564 0
018235674 0
601823574 0
018235764 0
457018236 0
475018236 0
654701823 0
657401823 0
745018236 0
675401823 0
018237456 2
501823746 0
601823754 0
018237564 0
450182376 0
765401823 0
670182435 0
760182435 0
701824365 2
501824367 2
601824375 0
018243765 2
367018245 0
376018245 0
563701824 0
567301824 0
736018245 0
576301824 0
570182463 0
750182463 0
701824653 0
018246573 0
501824673 0
018246753 0
601824735 0
018247365 2
360182475 0
756301824 0
501824763 0
018247653 0
701825346 0
018253476 0
470182536 0
740182536 0
018253746 0
401825376 0
436701825 0
437601825 0
637018254 0
673018254 0
473601825 0
763018254 0
701825634 2
401825637 2
370182564 0
730182564 0
018256734 2
301825674 0
018257346 0
401825736 0
743601825 0
630182574 0
018257634 2
301825764 0
345701826 0
347501826 0
547018263 0
574018263 0
374501826 0
754018263 0
701826435 0
018264375 0
370182645 0
730182645 0
018264735 0
301826475 0
470182653 0
740182653 0
701826543 2
301826547 2
401826573 0
018265743 2
734501826 0
540182673 0
018267435 0
301826745 0
401826753 0
018267543 2
018273456 2
501827346 0
601827354 0
018273564 0
450182736 0
654018273 0
601827435 0
018274365 2
360182745 0
563018274 0
501827463 0
018274653 0
018275346 0
401827536 0
436018275 0
630182754 0
018275634 2
301827564 0
345018276 0
540182763 0
018276435 0
301827645 0
401827653 0
018276543 2
018324567 0
601832457 0
324657018 2
324675018 2
560183247 0
324765018 2
832546701 2
832547601 2
183256470 0
183256740 0
832574601 2
183257640 0
832645701 0
832647501 0
547018326 2
574018326 2
832674501 0
754018326 2
456018327 0
327465018 2
832754601 2
183275640 0
832764501 0
654018327 2
670183425 0
760183425 0
701834265 0
018342675 0
601834275 0
018342765 0
701834526 2
601834527 2
270183456 0
720183456 0
018345726 2
201834576 0
183462570 0
183462750 0
527018346 0
572018346 0
183467250 0
752018346 0
601834725 0
018347265 0
018347526 2
201834756 0
183476250 0
520183476 0
183524670 0
183524760 0
835264701 0
835267401 0
183527460 0
835276401 0
835426701 0
835427601 0
546270183 0
546720183 0
835472601 0
547620183 0
562470183 0
562740183 0
642701835 0
647201835 0
567240183 0
674201835 0
183572460 0
835726401 0
835742601 0
574620183 0
576240183 0
764201835 0
624570183 0
624750183 0
254701836 0
257401836 0
627450183 0
275401836 0
836425701 0
836427501 0
270183645 2
720183645 2
836472501 0
520183647 2
018365247 0
401836527 0
427018365 0
472018365 0
240183657 0
742018365 0
672450183 0
725401836 0
836742501 0
201836745 2
524018367 0
420183675 0
245601837 0
372465018 2
837254601 2
183725640 0
837264501 0
540183726 2
601837425 0
018374265 0
018374526 2
201837456 0
183746250 0
520183746 0
183752460 0
837526401 0
837542601 0
754620183 0
756240183 0
642018375 0
762450183 0
254018376 0
837642501 0
201837645 2
652401837 0
420183765 0
184235670 0
184235760 0
018423657 0
501842367 0
184237560 0
650184237 0
842536701 0
842537601 0
637018425 2
673018425 2
842573601 0
763018425 2
842635701 2
842637501 2
184265370 0
184265730 0
842673501 2
184267530 0
184273560 0
365018427 0
842753601 0
563018427 2
842763501 2
184276530 0
701843256 0
018432576 0
018432657 2
184326750 2
018432756 0
184327650 2
184352670 0
184352760 0
627018435 0
672018435 0
184357260 0
762018435 0
701843625 0
018436275 0
270184365 0
720184365 0
018436725 0
201843675 0
018437256 0
184372650 2
184375260 0
620184375 0
018437625 0
201843765 0
523670184 0
523760184 0
263701845 0
267301845 0
527360184 0
276301845 0
845326701 0
845327601 0
270184536 2
720184536 2
845372601 0
620184537 2
018456237 0
301845627 0
327018456 0
372018456 0
230184567 0
732018456 0
572360184 0
726301845 0
845732601 0
201845736 2
623018457 0
320184576 0
184623570 0
184623750 0
846253701 0
846257301 0
184627350 0
846275301 0
325701846 2
327501846 2
635270184 0
635720184 0
372501846 2
637520184 0
652370184 0
652730184 0
532701846 0
537201846 0
657230184 0
573201846 0
184672350 0
846725301 0
732501846 2
673520184 0
675230184 0
753201846 0
184723560 0
236501847 0
847253601 0
630184725 2
847263501 2
184726530 0
018473256 0
184732650 2
184735260 0
620184735 0
018473625 0
201847365 0
752360184 0
263018475 0
847532601 0
201847536 2
562301847 0
320184756 0
184762350 0
847625301 0
632501847 2
763520184 0
765230184 0
532018476 0
018523467 2
185234760 2
701852364 0
018523674 0
185237460 2
018523764 0
367018524 2
376018524 2
852463701 0
852467301 0
736018524 2
852476301 0
018526347 0
401852637 0
526437018 2
526473018 2
340185267 0
526743018 2
185273460 2
018527364 0
436018527 2
852746301 0
634018527 0
527643018 2
853246701 0
853247601 0
185326470 0
185326740 0
853274601 0
185327640 0
534267018 2
534276018 2
462701853 0
467201853 0
534726018 2
476201853 0
624701853 2
627401853 2
364270185 0
364720185 0
672401853 2
367420185 0
853724601 0
185372640 0
537426018 2
746201853 0
762401853 2
376420185 0
236701854 0
237601854 0
426370185 0
426730185 0
273601854 0
427630185 0
018543267 0
601854327 0
627018543 0
672018543 0
260185437 0
762018543 0
854623701 0
854627301 0
270185463 2
720185463 2
854672301 0
320185467 2
723601854 0
472630185 0
326018547 0
620185473 0
854762301 0
201854763 2
470185623 0
740185623 0
701856243 0
018562473 0
401856273 0
018562743 0
701856324 2
401856327 2
270185634 0
720185634 0
018563724 2
201856374 0
185642370 0
185642730 0
327018564 0
372018564 0
185647230 0
732018564 0
401856723 0
018567243 0
018567324 2
201856734 0
185674230 0
320185674 0
185723460 2
018572364 0
360185724 2
857246301 0
263401857 0
572643018 2
857324601 0
185732640 0
573426018 2
462018573 0
362401857 2
736420185 0
236018574 0
742630185 0
432601857 0
620185743 0
857462301 0
201857463 2
401857623 0
018576243 0
018576324 2
201857634 0
185764230 0
320185764 0
457018623 2
475018623 2
862354701 0
862357401 0
745018623 2
862375401 0
186243570 0
186243750 0
862453701 2
862457301 2
186247350 0
862475301 2
625347018 2
625374018 2
018625437 0
301862547 0
625734018 2
430186257 0
345018627 2
862735401 0
186274350 0
862745301 2
627534018 2
543018627 0
245701863 0
247501863 0
325470186 0
325740186 0
274501863 0
327540186 0
018634257 0
501863427 0
527018634 0
572018634 0
250186347 0
752018634 0
863524701 0
863527401 0
270186354 2
720186354 2
863572401 0
420186357 2
724501863 0
372540186 0
425018637 0
520186374 0
863752401 0
201863754 2
864235701 0
864237501 0
186425370 0
186425730 0
864273501 0
186427530 0
432570186 0
432750186 0
352701864 0
357201864 0
437250186 0
375201864 0
523701864 2
527301864 2
453270186 0
453720186 0
572301864 2
457320186 0
864723501 0
186472530 0
473250186 0
735201864 0
752301864 2
475320186 0
701865234 0
018652374 0
018652437 2
186524730 2
018652734 0
186527430 2
186532470 0
186532740 0
427018653 0
472018653 0
186537240 0
742018653 0
701865423 0
018654273 0
270186543 0
720186543 0
018654723 0
201865473 0
018657234 0
186572430 2
186573240 0
420186573 0
018657423 0
201865743 0
450186723 2
867235401 0
186724350 0
867245301 2
672534018 2
254301867 0
245018673 0
732540186 0
342501867 0
520186734 0
867352401 0
201867354 2
867423501 0
186742530 0
743250186 0
352018674 0
452301867 2
745320186 0
018675234 0
186752430 2
186753240 0
420186753 0
018675423 0
201867543 0
018723456 2
501872346 0
601872354 0
018723564 0
450187236 0
654018723 0
601872435 0
018724365 2
360187245 0
563018724 0
501872463 0
018724653 0
018725346 0
401872536 0
436018725 0
630187254 0
018725634 2
301872564 0
345018726 0
540187263 0
018726435 0
301872645 0
401872653 0
018726543 2
324560187 0
732465018 2
873254601 2
187325640 0
873264501 0
540187326 2
601873425 0
018734265 0
018734526 2
201873456 0
187346250 0
520187346 0
187352460 0
873526401 0
873542601 0
546201873 0
562401873 0
642018735 0
624501873 0
254018736 0
873642501 0
201873645 2
365240187 0
420187365 0
187423560 0
423650187 0
874253601 0
630187425 2
874263501 2
187426530 0
018743256 0
187432650 2
187435260 0
620187435 0
018743625 0
201874365 0
523601874 0
263018745 0
874532601 0
201874536 2
456230187 0
320187456 0
187462350 0
874625301 0
325018746 2
635201874 0
652301874 0
532018746 0
187523460 2
018752364 0
360187524 2
875246301 0
526340187 0
752643018 2
875324601 0
187532640 0
753426018 2
462018753 0
624018753 2
364201875 0
236018754 0
426301875 0
543260187 0
620187543 0
875462301 0
201875463 2
401875623 0
018756243 0
018756324 2
201875634 0
187564230 0
320187564 0
450187623 2
876235401 0
187624350 0
876245301 2
762534018 2
625430187 0
245018763 0
325401876 0
634250187 0
520187634 0
876352401 0
201876354 2
876423501 0
187642530 0
432501876 0
352018764 0
523018764 2
453201876 0
018765234 0
187652430 2
187653240 0
420187653 0
018765423 0
201876543 0
678021345 0
687021345 0
768021345 0
786021345 0
867021345 0
876021345 0
780213465 0
870213465 0
802134675 0
021346785 0
702134685 0
021346875 0
680213475 0
860213475 0
802134765 0
021347685 0
602134785 0
021347865 0
670213485 0
760213485 0
702134865 0
021348675 0
602134875 0
021348765 0
467802135 0
468702135 0
476802135 0
478602135 0
486702135 0
487602135 0
478021356 2
487021356 2
748021356 2
784021356 2
847021356 2
874021356 2
746802135 0
748602135 0
648021357 2
684021357 2
784602135 0
864021357 2
846702135 0
847602135 0
647021358 2
674021358 2
874602135 0
764021358 2
645780213 0
645870213 0
647580213 0
647850213 0
648570213 0
648750213 0
547802136 0
548702136 0
574802136 0
578402136 0
584702136 0
587402136 0
674580213 0
674850213 0
754802136 0
758402136 0
678450213 0
785402136 0
684570213 0
684750213 0
854702136 0
857402136 0
687450213 0
875402136 0
680213745 0
860213745 0
802137465 0
021374685 0
602137485 0
021374865 0
468021375 0
486021375 0
480213756 2
840213756 2
846021375 0
640213758 2
764580213 0
764850213 0
548021376 0
584021376 0
768450213 0
854021376 0
602137845 0
021378465 0
460213785 0
402137856 2
786450213 0
540213786 0
670213845 0
760213845 0
702138465 0
021384675 0
602138475 0
021384765 0
467021385 0
476021385 0
470213856 2
740213856 2
746021385 0
640213857 2
864570213 0
864750213 0
547021386 0
574021386 0
867450213 0
754021386 0
602138745 0
021387465 0
460213875 0
402138756 2
876450213 0
540213876 0
780214356 0
870214356 0
802143576 0
021435786 0
702143586 0
021435876 0
578021436 0
587021436 0
758021436 0
785021436 0
857021436 0
875021436 0
802143756 0
021437586 0
580214376 0
850214376 0
021437856 0
502143786 0
702143856 0
021438576 0
570214386 0
750214386 0
021438756 0
502143876 0
536780214 0
536870214 0
537680214 0
537860214 0
538670214 0
538760214 0
637802145 0
638702145 0
673802145 0
678302145 0
683702145 0
687302145 0
573680214 0
573860214 0
763802145 0
768302145 0
578360214 0
786302145 0
583670214 0
583760214 0
863702145 0
867302145 0
587360214 0
876302145 0
780214635 2
870214635 2
580214637 2
850214637 2
570214638 2
750214638 2
378021465 0
387021465 0
738021465 0
783021465 0
837021465 0
873021465 0
802146735 2
502146738 2
380214675 0
830214675 0
021467835 2
302146785 0
702146835 2
502146837 2
370214685 0
730214685 0
021468735 2
302146875 0
802147356 0
021473586 0
580214736 0
850214736 0
021473856 0
502147386 0
753680214 0
753860214 0
638021475 0
683021475 0
758360214 0
863021475 0
802147635 2
502147638 2
380214765 0
830214765 0
021476835 2
302147685 0
021478356 0
502147836 0
785360214 0
630214785 0
021478635 2
302147865 0
702148356 0
021483576 0
570214836 0
750214836 0
021483756 0
502148376 0
853670214 0
853760214 0
637021485 0
673021485 0
857360214 0
763021485 0
702148635 2
502148637 2
370214865 0
730214865 0
021486735 2
302148675 0
021487356 0
502148736 0
875360214 0
630214875 0
021487635 2
302148765 0
678021534 2
687021534 2
768021534 2
786021534 2
867021534 2
876021534 2
647802153 0
648702153 0
674802153 0
678402153 0
684702153 0
687402153 0
468021537 2
486021537 2
764802153 0
768402153 0
846021537 2
786402153 0
467021538 2
476021538 2
864702153 0
867402153 0
746021538 2
876402153 0
367802154 0
368702154 0
376802154 0
378602154 0
386702154 0
387602154 0
463780215 0
463870215 0
467380215 0
467830215 0
468370215 0
468730215 0
736802154 0
738602154 0
476380215 0
476830215 0
783602154 0
478630215 0
836702154 0
837602154 0
486370215 0
486730215 0
873602154 0
487630215 0
478021563 0
487021563 0
748021563 0
784021563 0
847021563 0
874021563 0
780215643 0
870215643 0
802156473 0
021564783 0
702156483 0
021564873 0
480215673 0
840215673 0
802156743 0
021567483 0
402156783 0
021567843 0
470215683 0
740215683 0
702156843 0
021568473 0
402156873 0
021568743 0
680215734 2
860215734 2
648021573 0
684021573 0
460215738 2
864021573 0
368021574 0
386021574 0
746380215 0
746830215 0
836021574 0
748630215 0
480215763 0
840215763 0
802157643 0
021576483 0
402157683 0
021576843 0
602157834 2
640215783 0
360215784 0
784630215 0
402157863 0
021578643 0
670215834 2
760215834 2
647021583 0
674021583 0
460215837 2
764021583 0
367021584 0
376021584 0
846370215 0
846730215 0
736021584 0
847630215 0
470215863 0
740215863 0
702158643 0
021586473 0
402158673 0
021586743 0
602158734 2
640215873 0
360215874 0
874630215 0
402158763 0
021587643 0
457802163 0
458702163 0
475802163 0
478502163 0
485702163 0
487502163 0
354780216 0
354870216 0
357480216 0
357840216 0
358470216 0
358740216 0
745802163 0
748502163 0
375480216 0
375840216 0
784502163 0
378540216 0
845702163 0
847502163 0
385470216 0
385740216 0
874502163 0
387540216 0
578021643 0
587021643 0
758021643 0
785021643 0
857021643 0
875021643 0
780216453 2
870216453 2
380216457 2
830216457 2
370216458 2
730216458 2
580216473 0
850216473 0
802164753 2
302164758 2
502164783 0
021647853 2
570216483 0
750216483 0
702164853 2
302164857 2
502164873 0
021648753 2
780216534 0
870216534 0
802165374 0
021653784 0
702165384 0
021653874 0
378021654 0
387021654 0
738021654 0
783021654 0
837021654 0
873021654 0
802165734 0
021657384 0
380216574 0
830216574 0
021657834 0
302165784 0
702165834 0
021658374 0
370216584 0
730216584 0
021658734 0
302165874 0
458021673 0
485021673 0
735480216 0
735840216 0
845021673 0
738540216 0
580216743 0
850216743 0
802167453 2
302167458 2
502167483 0
021674853 2
802167534 0
021675384 0
380216754 0
830216754 0
021675834 0
302167584 0
450216783 0
783540216 0
502167843 0
021678453 2
021678534 0
302167854 0
457021683 0
475021683 0
835470216 0
835740216 0
745021683 0
837540216 0
570216843 0
750216843 0
702168453 2
302168457 2
502168473 0
021684753 2
702168534 0
021685374 0
370216854 0
730216854 0
021685734 0
302168574 0
450216873 0
873540216 0
502168743 0
021687453 2
021687534 0
302168754 0
680217345 0
860217345 0
802173465 0
021734685 0
602173485 0
021734865 0
468021735 0
486021735 0
480217356 2
840217356 2
846021735 0
640217358 2
645802173 0
648502173 0
548021736 0
584021736 0
684502173 0
854021736 0
602173845 0
021738465 0
460217385 0
402173856 2
864502173 0
540217386 0
802174356 0
021743586 0
580217436 0
850217436 0
021743856 0
502174386 0
536802174 0
538602174 0
638021745 0
683021745 0
583602174 0
863021745 0
802174635 2
502174638 2
380217465 0
830217465 0
021746835 2
302174685 0
021748356 0
502174836 0
853602174 0
630217485 0
021748635 2
302174865 0
680217534 2
860217534 2
648021753 0
684021753 0
460217538 2
864021753 0
368021754 0
386021754 0
463802175 0
468302175 0
836021754 0
486302175 0
480217563 0
840217563 0
802175643 0
021756483 0
402175683 0
021756843 0
602175834 2
640217583 0
360217584 0
846302175 0
402175863 0
021758643 0
458021763 0
485021763 0
354802176 0
358402176 0
845021763 0
385402176 0
580217643 0
850217643 0
802176453 2
302176458 2
502176483 0
021764853 2
802176534 0
021765384 0
380217654 0
830217654 0
021765834 0
302176584 0
450217683 0
835402176 0
502176843 0
021768453 2
021768534 0
302176854 0
602178345 0
021783465 0
460217835 0
402178356 2
645021783 0
540217836 0
021784356 0
502178436 0
536021784 0
630217845 0
021784635 2
302178465 0
602178534 2
640217853 0
360217854 0
463021785 0
402178563 0
021785643 0
450217863 0
354021786 0
502178643 0
021786453 2
021786534 0
302178654 0
670218345 0
760218345 0
702183465 0
021834675 0
602183475 0
021834765 0
467021835 0
476021835 0
470218356 2
740218356 2
746021835 0
640218357 2
645702183 0
647502183 0
547021836 0
574021836 0
674502183 0
754021836 0
602183745 0
021837465 0
460218375 0
402183756 2
764502183 0
540218376 0
702184356 0
021843576 0
570218436 0
750218436 0
021843756 0
502184376 0
536702184 0
537602184 0
637021845 0
673021845 0
573602184 0
763021845 0
702184635 2
502184637 2
370218465 0
730218465 0
021846735 2
302184675 0
021847356 0
502184736 0
753602184 0
630218475 0
021847635 2
302184765 0
670218534 2
760218534 2
647021853 0
674021853 0
460218537 2
764021853 0
367021854 0
376021854 0
463702185 0
467302185 0
736021854 0
476302185 0
470218563 0
740218563 0
702185643 0
021856473 0
402185673 0
021856743 0
602185734 2
640218573 0
360218574 0
746302185 0
402185763 0
021857643 0
457021863 0
475021863 0
354702186 0
357402186 0
745021863 0
375402186 0
570218643 0
750218643 0
702186453 2
302186457 2
502186473 0
021864753 2
702186534 0
021865374 0
370218654 0
730218654 0
021865734 0
302186574 0
450218673 0
735402186 0
502186743 0
021867453 2
021867534 0
302186754 0
602187345 0
021873465 0
460218735 0
402187356 2
645021873 0
540218736 0
021874356 0
502187436 0
536021874 0
630218745 0
021874635 2
302187465 0
602187534 2
640218753 0
360218754 0
463021875 0
402187563 0
021875643 0
450218763 0
354021876 0
502187643 0
021876453 2
021876534 0
302187654 0
314567802 2
314568702 2
314576802 2
314578602 2
314586702 2
314587602 2
231465780 0
231465870 0
231467580 0
231467850 0
231468570 0
231468750 0
314756802 2
314758602 2
231476580 0
231476850 0
314785602 2
231478650 0
314856702 2
314857602 2
231486570 0
231486750 0
314875602 2
231487650 0
802315467 0
023154687 0
680231547 0
860231547 0
023154867 0
602315487 0
231564780 0
231564870 0
231567480 0
231567840 0
231568470 0
231568740 0
468023157 0
486023157 0
231576480 0
231576840 0
846023157 0
231578640 0
023158467 0
602315847 0
231586470 0
231586740 0
460231587 0
231587640 0
164578023 0
164587023 0
164758023 0
164785023 0
164857023 0
164875023 0
316547802 0
316548702 0
316574802 0
316578402 0
316584702 0
316587402 0
167458023 0
167485023 0
316754802 0
316758402 0
167845023 0
316785402 0
168457023 0
168475023 0
316854702 0
316857402 0
168745023 0
316875402 0
317456802 2
317458602 2
231746580 0
231746850 0
317485602 2
231748650 0
546802317 0
548602317 0
231756480 0
231756840 0
584602317 0
231758640 0
176458023 0
176485023 0
317654802 0
317658402 0
176845023 0
317685402 0
317845602 2
231784650 0
854602317 0
231785640 0
178645023 0
317865402 0
318456702 2
318457602 2
231846570 0
231846750 0
318475602 2
231847650 0
023185467 0
602318547 0
231856470 0
231856740 0
460231857 0
231857640 0
186457023 0
186475023 0
318654702 0
318657402 0
186745023 0
318675402 0
318745602 2
231874650 0
546023187 0
231875640 0
187645023 0
318765402 0
234156780 0
234156870 0
234157680 0
234157860 0
234158670 0
234158760 0
341657802 0
341658702 0
341675802 0
341678502 0
341685702 0
341687502 0
234175680 0
234175860 0
341765802 0
341768502 0
234178560 0
341786502 0
234185670 0
234185760 0
341865702 0
341867502 0
234187560 0
341876502 0
516780234 2
516870234 2
517680234 2
517860234 2
518670234 2
518760234 2
456178023 0
456187023 0
456718023 0
456781023 0
456817023 0
456871023 0
571680234 2
571860234 2
457618023 0
457681023 0
578160234 2
457861023 0
581670234 2
581760234 2
458617023 0
458671023 0
587160234 2
458761023 0
461578023 2
461587023 2
461758023 2
461785023 2
461857023 2
461875023 2
651780234 0
651870234 0
657180234 0
657810234 0
658170234 0
658710234 0
467158023 2
467185023 2
675180234 0
675810234 0
467815023 2
678510234 0
468157023 2
468175023 2
685170234 0
685710234 0
468715023 2
687510234 0
234715680 0
234715860 0
347165802 0
347168502 0
234718560 0
347186502 0
751680234 2
751860234 2
475618023 0
475681023 0
758160234 2
475861023 0
476158023 2
476185023 2
765180234 0
765810234 0
476815023 2
768510234 0
234781560 0
347816502 0
785160234 2
478561023 0
478615023 2
786510234 0
234815670 0
234815760 0
348165702 0
348167502 0
234817560 0
348176502 0
851670234 2
851760234 2
485617023 0
485671023 0
857160234 2
485761023 0
486157023 2
486175023 2
865170234 0
865710234 0
486715023 2
867510234 0
234871560 0
348716502 0
875160234 2
487561023 0
487615023 2
876510234 0
802351467 2
702351468 2
023514768 2
235147860 2
023514867 2
235148760 2
780235164 0
870235164 0
802351674 0
023516784 0
702351684 0
023516874 0
023517468 2
235174860 2
802351764 0
023517684 0
235178460 2
023517864 0
023518467 2
235184760 2
702351864 0
023518674 0
235187460 2
023518764 0
780235416 0
870235416 0
802354176 0
023541786 0
702354186 0
023541876 0
178023546 0
187023546 0
718023546 0
781023546 0
817023546 0
871023546 0
802354716 0
023547186 0
180235476 0
810235476 0
023547816 0
102354786 0
702354816 0
023548176 0
170235486 0
710235486 0
023548716 0
102354876 0
235614780 0
235614870 0
235617480 0
235617840 0
235618470 0
235618740 0
417802356 0
418702356 0
471802356 0
478102356 0
481702356 0
487102356 0
235671480 0
235671840 0
741802356 0
748102356 0
235678140 0
784102356 0
235681470 0
235681740 0
841702356 0
847102356 0
235687140 0
874102356 0
023571468 2
235714860 2
802357164 0
023571684 0
235718460 2
023571864 0
802357416 0
023574186 0
180235746 0
810235746 0
023574816 0
102357486 0
235761480 0
235761840 0
418023576 0
481023576 0
235768140 0
841023576 0
235781460 2
023578164 0
023578416 0
102357846 0
235786140 0
410235786 0
023581467 2
235814760 2
702358164 0
023581674 0
235817460 2
023581764 0
702358416 0
023584176 0
170235846 0
710235846 0
023584716 0
102358476 0
235861470 0
235861740 0
417023586 0
471023586 0
235867140 0
741023586 0
235871460 2
023587164 0
023587416 0
102358746 0
235876140 0
410235876 0
145780236 2
145870236 2
147580236 2
147850236 2
148570236 2
148750236 2
615478023 0
615487023 0
615748023 0
615784023 0
615847023 0
615874023 0
174580236 2
174850236 2
617548023 0
617584023 0
178450236 2
617854023 0
184570236 2
184750236 2
618547023 0
618574023 0
187450236 2
618754023 0
802364157 0
023641587 0
580236417 0
850236417 0
023641857 0
502364187 0
517802364 2
518702364 2
571802364 2
578102364 2
581702364 2
587102364 2
158023647 0
185023647 0
751802364 2
758102364 2
815023647 0
785102364 2
023648157 0
502364817 0
851702364 2
857102364 2
150236487 0
875102364 2
365147802 0
365148702 0
365174802 0
365178402 0
365184702 0
365187402 0
541780236 0
541870236 0
547180236 0
547810236 0
548170236 0
548710236 0
365714802 0
365718402 0
574180236 0
574810236 0
365781402 0
578410236 0
365814702 0
365817402 0
584170236 0
584710236 0
365871402 0
587410236 0
714580236 2
714850236 2
671548023 0
671584023 0
718450236 2
671854023 0
415802367 0
418502367 0
451802367 2
458102367 2
481502367 0
485102367 2
367514802 0
367518402 0
754180236 0
754810236 0
367581402 0
758410236 0
781450236 2
678154023 0
841502367 0
845102367 2
367851402 0
785410236 0
814570236 2
814750236 2
681547023 0
681574023 0
817450236 2
681754023 0
023684157 0
502368417 0
451702368 2
457102368 2
150236847 0
475102368 2
368514702 0
368517402 0
854170236 0
854710236 0
368571402 0
857410236 0
871450236 2
687154023 0
415023687 0
745102368 2
368751402 0
875410236 0
371456802 2
371458602 2
237146580 0
237146850 0
371485602 2
237148650 0
154680237 0
154860237 0
237156480 0
237156840 0
158460237 0
237158640 0
716458023 0
716485023 0
371654802 0
371658402 0
716845023 0
371685402 0
371845602 2
237184650 0
185460237 0
237185640 0
718645023 0
371865402 0
237415680 0
237415860 0
374165802 0
374168502 0
237418560 0
374186502 0
451680237 2
451860237 2
745618023 0
745681023 0
458160237 2
745861023 0
746158023 2
746185023 2
651802374 0
658102374 0
746815023 2
685102374 0
237481560 0
374816502 0
485160237 2
748561023 0
748615023 2
865102374 0
023751468 2
237514860 2
802375164 0
023751684 0
237518460 2
023751864 0
802375416 0
023754186 0
180237546 0
810237546 0
023754816 0
102375486 0
237561480 0
237561840 0
418023756 0
481023756 0
237568140 0
841023756 0
237581460 2
023758164 0
023758416 0
102375846 0
237586140 0
410237586 0
614580237 2
614850237 2
761548023 0
761584023 0
618450237 2
761854023 0
641580237 0
641850237 0
518023764 2
581023764 2
648150237 0
851023764 2
376514802 0
376518402 0
541802376 0
548102376 0
376581402 0
584102376 0
681450237 2
768154023 0
684150237 0
451023768 2
376851402 0
854102376 0
378145602 2
237814650 0
815460237 0
237815640 0
781645023 0
378165402 0
237841560 0
378416502 0
845160237 2
784561023 0
784615023 2
651023784 0
237851460 2
023785164 0
023785416 0
102378546 0
237856140 0
410237856 0
861450237 2
786154023 0
864150237 0
510237864 2
378651402 0
541023786 0
381456702 2
381457602 2
238146570 0
238146750 0
381475602 2
238147650 0
023815467 0
602381547 0
238156470 0
238156740 0
460238157 0
238157640 0
816457023 0
816475023 0
381654702 0
381657402 0
816745023 0
381675402 0
381745602 2
238174650 0
546023817 0
238175640 0
817645023 0
381765402 0
238415670 0
238415760 0
384165702 0
384167502 0
238417560 0
384176502 0
451670238 2
451760238 2
845617023 0
845671023 0
457160238 2
845761023 0
846157023 2
846175023 2
651702384 0
657102384 0
846715023 2
675102384 0
238471560 0
384716502 0
475160238 2
847561023 0
847615023 2
765102384 0
023851467 2
238514760 2
702385164 0
023851674 0
238517460 2
023851764 0
702385416 0
023854176 0
170238546 0
710238546 0
023854716 0
102385476 0
238561470 0
238561740 0
417023856 0
471023856 0
238567140 0
741023856 0
238571460 2
023857164 0
023857416 0
102385746 0
238576140 0
410238576 0
614570238 2
614750238 2
861547023 0
861574023 0
617450238 2
861754023 0
023864157 0
502386417 0
517023864 2
571023864 2
150238647 0
751023864 2
386514702 0
386517402 0
541702386 0
547102386 0
386571402 0
574102386 0
671450238 2
867154023 0
415023867 0
451023867 2
386751402 0
754102386 0
387145602 2
238714650 0
154602387 0
238715640 0
871645023 0
387165402 0
238741560 0
387416502 0
745160238 2
874561023 0
874615023 2
651023874 0
238751460 2
023875164 0
023875416 0
102387546 0
238756140 0
410238756 0
761450238 2
876154023 0
641502387 0
510238764 2
387651402 0
541023876 0
802413567 2
702413568 2
024135768 2
241357860 2
024135867 2
241358760 2
780241365 0
870241365 0
802413675 0
024136785 0
702413685 0
024136875 0
024137568 2
241375860 2
802413765 0
024137685 0
241378560 2
024137865 0
024138567 2
241385760 2
702413865 0
024138675 0
241387560 2
024138765 0
367802415 2
368702415 2
376802415 2
378602415 2
386702415 2
387602415 2
415637802 0
415638702 0
415673802 0
415678302 0
415683702 0
415687302 0
736802415 2
738602415 2
415763802 0
415768302 0
783602415 2
415786302 0
836702415 2
837602415 2
415863702 0
415867302 0
873602415 2
415876302 0
802416357 0
024163587 0
580241637 0
850241637 0
024163857 0
502416387 0
165378024 2
165387024 2
165738024 2
165783024 2
165837024 2
165873024 2
358024167 0
385024167 0
167538024 2
167583024 2
835024167 0
167853024 2
024168357 0
502416837 0
168537024 2
168573024 2
350241687 0
168753024 2
024173568 2
241735860 2
802417365 0
024173685 0
241738560 2
024173865 0
536802417 2
538602417 2
417563802 0
417568302 0
583602417 2
417586302 0
635802417 0
638502417 0
176538024 2
176583024 2
683502417 0
176853024 2
241783560 2
024178365 0
853602417 2
417856302 0
863502417 0
178653024 2
024183567 2
241835760 2
702418365 0
024183675 0
241837560 2
024183765 0
536702418 2
537602418 2
418563702 0
418567302 0
573602418 2
418576302 0
024186357 0
502418637 0
186537024 2
186573024 2
350241867 0
186753024 2
241873560 2
024187365 0
753602418 2
418756302 0
635024187 0
187653024 2
431567802 0
431568702 0
431576802 0
431578602 0
431586702 0
431587602 0
243165780 0
243165870 0
243167580 0
243167850 0
243168570 0
243168750 0
431756802 0
431758602 0
243176580 0
243176850 0
431785602 0
243178650 0
431856702 0
431857602 0
243186570 0
243186750 0
431875602 0
243187650 0
351678024 0
351687024 0
351768024 0
351786024 0
351867024 0
351876024 0
561780243 0
561870243 0
567180243 0
567810243 0
568170243 0
568710243 0
357168024 0
357186024 0
576180243 0
576810243 0
357816024 0
578610243 0
358167024 0
358176024 0
586170243 0
586710243 0
358716024 0
587610243 0
436157802 0
436158702 0
436175802 0
436178502 0
436185702 0
436187502 0
365178024 0
365187024 0
365718024 0
365781024 0
365817024 0
365871024 0
436715802 0
436718502 0
367518024 0
367581024 0
436781502 0
367851024 0
436815702 0
436817502 0
368517024 0
368571024 0
436871502 0
368751024 0
437156802 0
437158602 0
243716580 0
243716850 0
437185602 0
243718650 0
375168024 0
375186024 0
756180243 0
756810243 0
375816024 0
758610243 0
437615802 0
437618502 0
376518024 0
376581024 0
437681502 0
376851024 0
437815602 0
243781650 0
378516024 0
785610243 0
437861502 0
378651024 0
438156702 0
438157602 0
243816570 0
243816750 0
438175602 0
243817650 0
385167024 0
385176024 0
856170243 0
856710243 0
385716024 0
857610243 0
438615702 0
438617502 0
386517024 0
386571024 0
438671502 0
386751024 0
438715602 0
243871650 0
387516024 0
875610243 0
438761502 0
387651024 0
136780245 0
136870245 0
137680245 0
137860245 0
138670245 0
138760245 0
516378024 0
516387024 0
516738024 0
516783024 0
516837024 0
516873024 0
173680245 0
173860245 0
517638024 0
517683024 0
178360245 0
517863024 0
183670245 0
183760245 0
518637024 0
518673024 0
187360245 0
518763024 0
802453167 0
024531687 0
680245317 0
860245317 0
024531867 0
602453187 0
617802453 2
618702453 2
671802453 2
678102453 2
681702453 2
687102453 2
168024537 0
186024537 0
761802453 2
768102453 2
816024537 0
786102453 2
024538167 0
602453817 0
861702453 2
867102453 2
160245387 0
876102453 2
456137802 2
456138702 2
456173802 2
456178302 2
456183702 2
456187302 2
631780245 0
631870245 0
637180245 0
637810245 0
638170245 0
638710245 0
456713802 2
456718302 2
673180245 0
673810245 0
456781302 2
678310245 0
456813702 2
456817302 2
683170245 0
683710245 0
456871302 2
687310245 0
713680245 0
713860245 0
571638024 0
571683024 0
718360245 0
571863024 0
316802457 0
318602457 0
361802457 2
368102457 2
381602457 0
386102457 2
457613802 2
457618302 2
763180245 0
763810245 0
457681302 2
768310245 0
781360245 0
578163024 0
831602457 0
836102457 2
457861302 2
786310245 0
813670245 0
813760245 0
581637024 0
581673024 0
817360245 0
581763024 0
024583167 0
602458317 0
361702458 2
367102458 2
160245837 0
376102458 2
458613702 2
458617302 2
863170245 0
863710245 0
458671302 2
867310245 0
871360245 0
587163024 0
316024587 0
736102458 2
458761302 2
876310245 0
802461357 2
702461358 2
024613758 2
246137850 2
024613857 2
246138750 2
780246153 0
870246153 0
802461573 0
024615783 0
702461583 0
024615873 0
024617358 2
246173850 2
802461753 0
024617583 0
246178350 2
024617853 0
024618357 2
246183750 2
702461853 0
024618573 0
246187350 2
024618753 0
780246315 0
870246315 0
802463175 0
024631785 0
702463185 0
024631875 0
178024635 0
187024635 0
718024635 0
781024635 0
817024635 0
871024635 0
802463715 0
024637185 0
180246375 0
810246375 0
024637815 0
102463785 0
702463815 0
024638175 0
170246385 0
710246385 0
024638715 0
102463875 0
246513780 0
246513870 0
246517380 0
246517830 0
246518370 0
246518730 0
317802465 0
318702465 0
371802465 0
378102465 0
381702465 0
387102465 0
246571380 0
246571830 0
731802465 0
738102465 0
246578130 0
783102465 0
246581370 0
246581730 0
831702465 0
837102465 0
246587130 0
873102465 0
024671358 2
246713850 2
802467153 0
024671583 0
246718350 2
024671853 0
802467315 0
024673185 0
180246735 0
810246735 0
024673815 0
102467385 0
246751380 0
246751830 0
318024675 0
381024675 0
246758130 0
831024675 0
246781350 2
024678153 0
024678315 0
102467835 0
246785130 0
310246785 0
024681357 2
246813750 2
702468153 0
024681573 0
246817350 2
024681753 0
702468315 0
024683175 0
170246835 0
710246835 0
024683715 0
102468375 0
246851370 0
246851730 0
317024685 0
371024685 0
246857130 0
731024685 0
246871350 2
024687153 0
024687315 0
102468735 0
246875130 0
310246875 0
024713568 2
247135860 2
802471365 0
024713685 0
247138560 2
024713865 0
368024715 2
386024715 2
471563802 0
471568302 0
836024715 2
471586302 0
163580247 0
163850247 0
716538024 2
716583024 2
168350247 0
716853024 2
247183560 2
024718365 0
536024718 2
471856302 0
186350247 0
718653024 2
473156802 0
473158602 0
247316580 0
247316850 0
473185602 0
247318650 0
735168024 0
735186024 0
561802473 0
568102473 0
735816024 0
586102473 0
473615802 0
473618502 0
736518024 0
736581024 0
473681502 0
736851024 0
473815602 0
247381650 0
738516024 0
856102473 0
473861502 0
738651024 0
136802475 0
138602475 0
751638024 0
751683024 0
183602475 0
751863024 0
531680247 0
531860247 0
618024753 2
681024753 2
538160247 0
861024753 2
475613802 2
475618302 2
631802475 0
638102475 0
475681302 2
683102475 0
813602475 0
758163024 0
583160247 0
361024758 2
475861302 2
863102475 0
024761358 2
247613850 2
802476153 0
024761583 0
247618350 2
024761853 0
802476315 0
024763185 0
180247635 0
810247635 0
024763815 0
102476385 0
247651380 0
247651830 0
318024765 0
381024765 0
247658130 0
831024765 0
247681350 2
024768153 0
024768315 0
102476835 0
247685130 0
310247685 0
247813560 2
024781365 0
360247815 2
478156302 0
816350247 0
781653024 2
478315602 0
247831650 0
783516024 0
561024783 0
478361502 0
783651024 0
136024785 0
785163024 0
853160247 0
610247853 2
478561302 2
631024785 0
247861350 2
024786153 0
024786315 0
102478635 0
247865130 0
310247865 0
024813567 2
248135760 2
702481365 0
024813675 0
248137560 2
024813765 0
367024815 2
376024815 2
481563702 0
481567302 0
736024815 2
481576302 0
024816357 0
502481637 0
816537024 2
816573024 2
350248167 0
816753024 2
248173560 2
024817365 0
536024817 2
481756302 0
635024817 0
817653024 2
483156702 0
483157602 0
248316570 0
248316750 0
483175602 0
248317650 0
835167024 0
835176024 0
561702483 0
567102483 0
835716024 0
576102483 0
483615702 0
483617502 0
836517024 0
836571024 0
483671502 0
836751024 0
483715602 0
248371650 0
837516024 0
756102483 0
483761502 0
837651024 0
136702485 0
137602485 0
851637024 0
851673024 0
173602485 0
851763024 0
024853167 0
602485317 0
617024853 2
671024853 2
160248537 0
761024853 2
485613702 2
485617302 2
631702485 0
637102485 0
485671302 2
673102485 0
713602485 0
857163024 0
316024857 0
361024857 2
485761302 2
763102485 0
024861357 2
248613750 2
702486153 0
024861573 0
248617350 2
024861753 0
702486315 0
024863175 0
170248635 0
710248635 0
024863715 0
102486375 0
248651370 0
248651730 0
317024865 0
371024865 0
248657130 0
731024865 0
248671350 2
024867153 0
024867315 0
102486735 0
248675130 0
310248675 0
248713560 2
024871365 0
360248715 2
487156302 0
163502487 0
871653024 2
487315602 0
248731650 0
873516024 0
561024873 0
487361502 0
873651024 0
136024875 0
875163024 0
531602487 0
610248753 2
487561302 2
631024875 0
248761350 2
024876153 0
024876315 0
102487635 0
248765130 0
310248765 0
134678025 2
134687025 2
134768025 2
134786025 2
134867025 2
134876025 2
802513647 0
025136487 0
480251367 0
840251367 0
025136847 0
402513687 0
137468025 2
137486025 2
648025137 0
684025137 0
137846025 2
864025137 0
138467025 2
138476025 2
025138647 0
402513867 0
138746025 2
640251387 0
514367802 0
514368702 0
514376802 0
514378602 0
514386702 0
514387602 0
637802514 2
638702514 2
673802514 2
678302514 2
683702514 2
687302514 2
514736802 0
514738602 0
763802514 2
768302514 2
514783602 0
786302514 2
514836702 0
514837602 0
863702514 2
867302514 2
514873602 0
876302514 2
516347802 2
516348702 2
516374802 2
516378402 2
516384702 2
516387402 2
251643780 0
251643870 0
251647380 0
251647830 0
251648370 0
251648730 0
516734802 2
516738402 2
251674380 0
251674830 0
516783402 2
251678430 0
516834702 2
516837402 2
251684370 0
251684730 0
516873402 2
251687430 0
173468025 2
173486025 2
364802517 0
368402517 0
173846025 2
386402517 0
517436802 0
517438602 0
463802517 2
468302517 2
517483602 0
486302517 2
517634802 2
517638402 2
251764380 0
251764830 0
517683402 2
251768430 0
178346025 2
836402517 0
517843602 0
846302517 2
517863402 2
251786430 0
183467025 2
183476025 2
025183647 0
402518367 0
183746025 2
640251837 0
518436702 0
518437602 0
463702518 2
467302518 2
518473602 0
476302518 2
518634702 2
518637402 2
251864370 0
251864730 0
518673402 2
251867430 0
187346025 2
364025187 0
518743602 0
746302518 2
518763402 2
251876430 0
780253146 0
870253146 0
802531476 0
025314786 0
702531486 0
025314876 0
802531647 2
702531648 2
025316748 2
253167840 2
025316847 2
253168740 2
802531746 0
025317486 0
025317648 2
253176840 2
025317846 0
253178640 2
702531846 0
025318476 0
025318647 2
253186740 2
025318746 0
253187640 2
253416780 0
253416870 0
253417680 0
253417860 0
253418670 0
253418760 0
617802534 0
618702534 0
671802534 0
678102534 0
681702534 0
687102534 0
253471680 0
253471860 0
761802534 0
768102534 0
253478160 0
786102534 0
253481670 0
253481760 0
861702534 0
867102534 0
253487160 0
876102534 0
780253614 0
870253614 0
802536174 0
025361784 0
702536184 0
025361874 0
178025364 0
187025364 0
718025364 0
781025364 0
817025364 0
871025364 0
802536714 0
025367184 0
180253674 0
810253674 0
025367814 0
102536784 0
702536814 0
025368174 0
170253684 0
710253684 0
025368714 0
102536874 0
802537146 0
025371486 0
025371648 2
253716840 2
025371846 0
253718640 2
253741680 0
253741860 0
618025374 0
681025374 0
253748160 0
861025374 0
802537614 0
025376184 0
180253764 0
810253764 0
025376814 0
102537684 0
025378146 0
253781640 2
253784160 0
610253784 0
025378614 0
102537864 0
702538146 0
025381476 0
025381647 2
253816740 2
025381746 0
253817640 2
253841670 0
253841760 0
617025384 0
671025384 0
253847160 0
761025384 0
702538614 0
025386174 0
170253864 0
710253864 0
025386714 0
102538674 0
025387146 0
253871640 2
253874160 0
610253874 0
025387614 0
102538764 0
413678025 0
413687025 0
413768025 0
413786025 0
413867025 0
413876025 0
163780254 0
163870254 0
167380254 0
167830254 0
168370254 0
168730254 0
417368025 0
417386025 0
176380254 0
176830254 0
417836025 0
178630254 0
418367025 0
418376025 0
186370254 0
186730254 0
418736025 0
187630254 0
543167802 0
543168702 0
543176802 0
543178602 0
543186702 0
543187602 0
361780254 0
361870254 0
367180254 0
367810254 0
368170254 0
368710254 0
543716802 0
543718602 0
376180254 0
376810254 0
543781602 0
378610254 0
543816702 0
543817602 0
386170254 0
386710254 0
543871602 0
387610254 0
802546137 0
025461387 0
380254617 0
830254617 0
025461837 0
302546187 0
317802546 2
318702546 2
371802546 2
378102546 2
381702546 2
387102546 2
138025467 0
183025467 0
731802546 2
738102546 2
813025467 0
783102546 2
025468137 0
302546817 0
831702546 2
837102546 2
130254687 0
873102546 2
471368025 0
471386025 0
716380254 0
716830254 0
471836025 0
718630254 0
547316802 0
547318602 0
736180254 0
736810254 0
547381602 0
738610254 0
613802547 0
618302547 0
631802547 2
638102547 2
681302547 0
683102547 2
478136025 0
781630254 0
547831602 0
783610254 0
861302547 0
863102547 2
481367025 0
481376025 0
816370254 0
816730254 0
481736025 0
817630254 0
548316702 0
548317602 0
836170254 0
836710254 0
548371602 0
837610254 0
025486137 0
302548617 0
631702548 2
637102548 2
130254867 0
673102548 2
487136025 0
871630254 0
548731602 0
873610254 0
613025487 0
763102548 2
256134780 0
256134870 0
256137480 0
256137840 0
256138470 0
256138740 0
561437802 0
561438702 0
561473802 0
561478302 0
561483702 0
561487302 0
256173480 0
256173840 0
561743802 0
561748302 0
256178340 0
561784302 0
256183470 0
256183740 0
561843702 0
561847302 0
256187340 0
561874302 0
314780256 2
314870256 2
317480256 2
317840256 2
318470256 2
318740256 2
634178025 0
634187025 0
634718025 0
634781025 0
634817025 0
634871025 0
371480256 2
371840256 2
637418025 0
637481025 0
378140256 2
637841025 0
381470256 2
381740256 2
638417025 0
638471025 0
387140256 2
638741025 0
641378025 0
641387025 0
641738025 0
641783025 0
641837025 0
641873025 0
431780256 0
431870256 0
437180256 0
437810256 0
438170256 0
438710256 0
647138025 0
647183025 0
473180256 0
473810256 0
647813025 0
478310256 0
648137025 0
648173025 0
483170256 0
483710256 0
648713025 0
487310256 0
256713480 0
256713840 0
567143802 0
567148302 0
256718340 0
567184302 0
731480256 2
731840256 2
673418025 0
673481025 0
738140256 2
673841025 0
674138025 0
674183025 0
743180256 0
743810256 0
674813025 0
748310256 0
256781340 0
567814302 0
783140256 2
678341025 0
678413025 0
784310256 0
256813470 0
256813740 0
568143702 0
568147302 0
256817340 0
568174302 0
831470256 2
831740256 2
683417025 0
683471025 0
837140256 2
683741025 0
684137025 0
684173025 0
843170256 0
843710256 0
684713025 0
847310256 0
256871340 0
568714302 0
873140256 2
687341025 0
687413025 0
874310256 0
713468025 2
713486025 2
136480257 0
136840257 0
713846025 2
138640257 0
571436802 0
571438602 0
638025714 2
683025714 2
571483602 0
863025714 2
571634802 2
571638402 2
257164380 0
257164830 0
571683402 2
257168430 0
718346025 2
183640257 0
571843602 0
463025718 2
571863402 2
257186430 0
802573146 0
025731486 0
025731648 2
257316840 2
025731846 0
257318640 2
257341680 0
257341860 0
618025734 0
681025734 0
257348160 0
861025734 0
802573614 0
025736184 0
180257364 0
810257364 0
025736814 0
102573684 0
025738146 0
257381640 2
257384160 0
610257384 0
025738614 0
102573864 0
741368025 0
741386025 0
163802574 0
168302574 0
741836025 0
186302574 0
574316802 0
574318602 0
361802574 0
368102574 0
574381602 0
386102574 0
461380257 0
461830257 0
318025746 2
381025746 2
468130257 0
831025746 2
748136025 0
816302574 0
574831602 0
836102574 0
486130257 0
631025748 2
257613480 0
257613840 0
576143802 0
576148302 0
257618340 0
576184302 0
631480257 2
631840257 2
763418025 0
763481025 0
638140257 2
763841025 0
764138025 0
764183025 0
431802576 0
438102576 0
764813025 0
483102576 0
257681340 0
576814302 0
683140257 2
768341025 0
768413025 0
843102576 0
781346025 2
813640257 0
578143602 0
630257814 2
578163402 2
257816430 0
025783146 0
257831640 2
257834160 0
610257834 0
025783614 0
102578364 0
784136025 0
163025784 0
578431602 0
361025784 0
846130257 0
310257846 2
257861340 0
578614302 0
863140257 2
786341025 0
786413025 0
431025786 0
813467025 2
813476025 2
025813647 0
402581367 0
813746025 2
640258137 0
581436702 0
581437602 0
637025814 2
673025814 2
581473602 0
763025814 2
581634702 2
581637402 2
258164370 0
258164730 0
581673402 2
258167430 0
817346025 2
364025817 0
581743602 0
463025817 2
581763402 2
258176430 0
702583146 0
025831476 0
025831647 2
258316740 2
025831746 0
258317640 2
258341670 0
258341760 0
617025834 0
671025834 0
258347160 0
761025834 0
702583614 0
025836174 0
170258364 0
710258364 0
025836714 0
102583674 0
025837146 0
258371640 2
258374160 0
610258374 0
025837614 0
102583764 0
841367025 0
841376025 0
163702584 0
167302584 0
841736025 0
176302584 0
584316702 0
584317602 0
361702584 0
367102584 0
584371602 0
376102584 0
025846137 0
302584617 0
317025846 2
371025846 2
130258467 0
731025846 2
847136025 0
716302584 0
584731602 0
736102584 0
613025847 0
631025847 2
258613470 0
258613740 0
586143702 0
586147302 0
258617340 0
586174302 0
631470258 2
631740258 2
863417025 0
863471025 0
637140258 2
863741025 0
864137025 0
864173025 0
431702586 0
437102586 0
864713025 0
473102586 0
258671340 0
586714302 0
673140258 2
867341025 0
867413025 0
743102586 0
871346025 2
136402587 0
587143602 0
630258714 2
587163402 2
258716430 0
025873146 0
258731640 2
258734160 0
610258734 0
025873614 0
102587364 0
874136025 0
163025874 0
587431602 0
361025874 0
461302587 0
310258746 2
258761340 0
587614302 0
763140258 2
876341025 0
876413025 0
431025876 0
613457802 0
613458702 0
613475802 0
613478502 0
613485702 0
613487502 0
547802613 2
548702613 2
574802613 2
578402613 2
584702613 2
587402613 2
613745802 0
613748502 0
754802613 2
758402613 2
613784502 0
785402613 2
613845702 0
613847502 0
854702613 2
857402613 2
613874502 0
875402613 2
143578026 2
143587026 2
143758026 2
143785026 2
143857026 2
143875026 2
802614537 0
026145387 0
380261457 0
830261457 0
026145837 0
302614587 0
147358026 2
147385026 2
538026147 0
583026147 0
147835026 2
853026147 0
148357026 2
148375026 2
026148537 0
302614857 0
148735026 2
530261487 0
261534780 0
261534870 0
261537480 0
261537840 0
261538470 0
261538740 0
615437802 2
615438702 2
615473802 2
615478302 2
615483702 2
615487302 2
261573480 0
261573840 0
615743802 2
615748302 2
261578340 0
615784302 2
261583470 0
261583740 0
615843702 2
615847302 2
261587340 0
615874302 2
617345802 0
617348502 0
354802617 2
358402617 2
617384502 0
385402617 2
174358026 2
174385026 2
453802617 0
458302617 0
174835026 2
485302617 0
261753480 0
261753840 0
617543802 2
617548302 2
261758340 0
617584302 2
617834502 0
835402617 2
178435026 2
845302617 0
261785340 0
617854302 2
618345702 0
618347502 0
354702618 2
357402618 2
618374502 0
375402618 2
184357026 2
184375026 2
026184537 0
302618457 0
184735026 2
530261847 0
261853470 0
261853740 0
618543702 2
618547302 2
261857340 0
618574302 2
618734502 0
735402618 2
187435026 2
453026187 0
261875340 0
618754302 2
314578026 0
314587026 0
314758026 0
314785026 0
314857026 0
314875026 0
154780263 0
154870263 0
157480263 0
157840263 0
158470263 0
158740263 0
317458026 0
317485026 0
175480263 0
175840263 0
317845026 0
178540263 0
318457026 0
318475026 0
185470263 0
185740263 0
318745026 0
187540263 0
634157802 2
634158702 2
634175802 2
634178502 2
634185702 2
634187502 2
451780263 0
451870263 0
457180263 0
457810263 0
458170263 0
458710263 0
634715802 2
634718502 2
475180263 0
475810263 0
634781502 2
478510263 0
634815702 2
634817502 2
485170263 0
485710263 0
634871502 2
487510263 0
802635147 0
026351487 0
480263517 0
840263517 0
026351847 0
402635187 0
417802635 2
418702635 2
471802635 2
478102635 2
481702635 2
487102635 2
148026357 0
184026357 0
741802635 2
748102635 2
814026357 0
784102635 2
026358147 0
402635817 0
841702635 2
847102635 2
140263587 0
874102635 2
371458026 0
371485026 0
715480263 0
715840263 0
371845026 0
718540263 0
637415802 2
637418502 2
745180263 0
745810263 0
637481502 2
748510263 0
514802637 0
518402637 0
541802637 2
548102637 2
581402637 0
584102637 2
378145026 0
781540263 0
637841502 2
784510263 0
851402637 0
854102637 2
381457026 0
381475026 0
815470263 0
815740263 0
381745026 0
817540263 0
638415702 2
638417502 2
845170263 0
845710263 0
638471502 2
847510263 0
026385147 0
402638517 0
541702638 2
547102638 2
140263857 0
574102638 2
387145026 0
871540263 0
638741502 2
874510263 0
514026387 0
754102638 2
780264135 0
870264135 0
802641375 0
026413785 0
702641385 0
026413875 0
378026415 0
387026415 0
738026415 0
783026415 0
837026415 0
873026415 0
802641735 0
026417385 0
380264175 0
830264175 0
026417835 0
302641785 0
702641835 0
026418375 0
370264185 0
730264185 0
026418735 0
302641875 0
264315780 0
264315870 0
264317580 0
264317850 0
264318570 0
264318750 0
517802643 0
518702643 0
571802643 0
578102643 0
581702643 0
587102643 0
264371580 0
264371850 0
751802643 0
758102643 0
264378150 0
785102643 0
264381570 0
264381750 0
851702643 0
857102643 0
264387150 0
875102643 0
780264513 2
870264513 2
380264517 2
830264517 2
370264518 2
730264518 2
178026453 0
187026453 0
718026453 0
781026453 0
817026453 0
871026453 0
802645713 2
302645718 2
180264573 0
810264573 0
026457813 2
102645783 0
702645813 2
302645817 2
170264583 0
710264583 0
026458713 2
102645873 0
802647135 0
026471385 0
380264715 0
830264715 0
026471835 0
302647185 0
264731580 0
264731850 0
518026473 0
581026473 0
264738150 0
851026473 0
802647513 2
302647518 2
180264753 0
810264753 0
026475813 2
102647583 0
026478135 0
302647815 0
264783150 0
510264783 0
026478513 2
102647853 0
702648135 0
026481375 0
370264815 0
730264815 0
026481735 0
302648175 0
264831570 0
264831750 0
517026483 0
571026483 0
264837150 0
751026483 0
702648513 2
302648517 2
170264853 0
710264853 0
026485713 2
102648573 0
026487135 0
302648715 0
264873150 0
510264873 0
026487513 2
102648753 0
651347802 0
651348702 0
651374802 0
651378402 0
651384702 0
651387402 0
265143780 0
265143870 0
265147380 0
265147830 0
265148370 0
265148730 0
651734802 0
651738402 0
265174380 0
265174830 0
651783402 0
265178430 0
651834702 0
651837402 0
265184370 0
265184730 0
651873402 0
265187430 0
531478026 0
531487026 0
531748026 0
531784026 0
531847026 0
531874026 0
341780265 0
341870265 0
347180265 0
347810265 0
348170265 0
348710265 0
537148026 0
537184026 0
374180265 0
374810265 0
537814026 0
378410265 0
538147026 0
538174026 0
384170265 0
384710265 0
538714026 0
387410265 0
413780265 2
413870265 2
417380265 2
417830265 2
418370265 2
418730265 2
543178026 0
543187026 0
543718026 0
543781026 0
543817026 0
543871026 0
471380265 2
471830265 2
547318026 0
547381026 0
478130265 2
547831026 0
481370265 2
481730265 2
548317026 0
548371026 0
487130265 2
548731026 0
657134802 0
657138402 0
265714380 0
265714830 0
657183402 0
265718430 0
573148026 0
573184026 0
734180265 0
734810265 0
573814026 0
738410265 0
741380265 2
741830265 2
574318026 0
574381026 0
748130265 2
574831026 0
657813402 0
265781430 0
578314026 0
783410265 0
784130265 2
578431026 0
658134702 0
658137402 0
265814370 0
265814730 0
658173402 0
265817430 0
583147026 0
583174026 0
834170265 0
834710265 0
583714026 0
837410265 0
841370265 2
841730265 2
584317026 0
584371026 0
847130265 2
584731026 0
658713402 0
265871430 0
587314026 0
873410265 0
874130265 2
587431026 0
671345802 0
671348502 0
548026713 2
584026713 2
671384502 0
854026713 2
714358026 2
714385026 2
145380267 0
145830267 0
714835026 2
148530267 0
267153480 0
267153840 0
671543802 2
671548302 2
267158340 0
671584302 2
671834502 0
354026718 2
718435026 2
184530267 0
267185340 0
671854302 2
731458026 0
731485026 0
154802673 0
158402673 0
731845026 0
185402673 0
673415802 2
673418502 2
451802673 0
458102673 0
673481502 2
485102673 0
351480267 0
351840267 0
418026735 2
481026735 2
358140267 0
841026735 2
738145026 0
815402673 0
673841502 2
845102673 0
385140267 0
541026738 2
802674135 0
026741385 0
380267415 0
830267415 0
026741835 0
302674185 0
267431580 0
267431850 0
518026743 0
581026743 0
267438150 0
851026743 0
802674513 2
302674518 2
180267453 0
810267453 0
026745813 2
102674583 0
026748135 0
302674815 0
267483150 0
510267483 0
026748513 2
102674853 0
675134802 0
675138402 0
267514380 0
267514830 0
675183402 0
267518430 0
753148026 0
753184026 0
341802675 0
348102675 0
753814026 0
384102675 0
541380267 2
541830267 2
754318026 0
754381026 0
548130267 2
754831026 0
675813402 0
267581430 0
758314026 0
834102675 0
584130267 2
758431026 0
678134502 0
540267813 2
781435026 2
814530267 0
267815340 0
678154302 2
783145026 0
154026783 0
678341502 2
451026783 0
835140267 0
410267835 2
026784135 0
302678415 0
267843150 0
510267843 0
026784513 2
102678453 0
678513402 0
267851430 0
785314026 0
341026785 0
854130267 2
785431026 0
681345702 0
681347502 0
547026813 2
574026813 2
681374502 0
754026813 2
814357026 2
814375026 2
026814537 0
302681457 0
814735026 2
530268147 0
268153470 0
268153740 0
681543702 2
681547302 2
268157340 0
681574302 2
681734502 0
354026817 2
817435026 2
453026817 0
268175340 0
681754302 2
831457026 0
831475026 0
154702683 0
157402683 0
831745026 0
175402683 0
683415702 2
683417502 2
451702683 0
457102683 0
683471502 2
475102683 0
026835147 0
402683517 0
417026835 2
471026835 2
140268357 0
741026835 2
837145026 0
715402683 0
683741502 2
745102683 0
514026837 0
541026837 2
702684135 0
026841375 0
370268415 0
730268415 0
026841735 0
302684175 0
268431570 0
268431750 0
517026843 0
571026843 0
268437150 0
751026843 0
702684513 2
302684517 2
170268453 0
710268453 0
026845713 2
102684573 0
026847135 0
302684715 0
268473150 0
510268473 0
026847513 2
102684753 0
685134702 0
685137402 0
268514370 0
268514730 0
685173402 0
268517430 0
853147026 0
853174026 0
341702685 0
347102685 0
853714026 0
374102685 0
541370268 2
541730268 2
854317026 0
854371026 0
547130268 2
854731026 0
685713402 0
268571430 0
857314026 0
734102685 0
574130268 2
857431026 0
687134502 0
540268713 2
871435026 2
145302687 0
268715340 0
687154302 2
873145026 0
154026873 0
687341502 2
451026873 0
351402687 0
410268735 2
026874135 0
302687415 0
268743150 0
510268743 0
026874513 2
102687453 0
687513402 0
268751430 0
875314026 0
341026875 0
754130268 2
875431026 0
680271345 0
860271345 0
802713465 0
027134685 0
602713485 0
027134865 0
468027135 0
486027135 0
480271356 2
840271356 2
846027135 0
640271358 2
645802713 0
648502713 0
548027136 0
584027136 0
684502713 0
854027136 0
602713845 0
027138465 0
460271385 0
402713856 2
864502713 0
540271386 0
802714356 0
027143586 0
580271436 0
850271436 0
027143856 0
502714386 0
536802714 0
538602714 0
638027145 0
683027145 0
583602714 0
863027145 0
802714635 2
502714638 2
380271465 0
830271465 0
027146835 2
302714685 0
027148356 0
502714836 0
853602714 0
630271485 0
027148635 2
302714865 0
680271534 2
860271534 2
648027153 0
684027153 0
460271538 2
864027153 0
368027154 0
386027154 0
463802715 0
468302715 0
836027154 0
486302715 0
480271563 0
840271563 0
802715643 0
027156483 0
402715683 0
027156843 0
602715834 2
640271583 0
360271584 0
846302715 0
402715863 0
027158643 0
458027163 0
485027163 0
354802716 0
358402716 0
845027163 0
385402716 0
580271643 0
850271643 0
802716453 2
302716458 2
502716483 0
027164853 2
802716534 0
027165384 0
380271654 0
830271654 0
027165834 0
302716584 0
450271683 0
835402716 0
502716843 0
027168453 2
027168534 0
302716854 0
602718345 0
027183465 0
460271835 0
402718356 2
645027183 0
540271836 0
027184356 0
502718436 0
536027184 0
630271845 0
027184635 2
302718465 0
602718534 2
640271853 0
360271854 0
463027185 0
402718563 0
027185643 0
450271863 0
354027186 0
502718643 0
027186453 2
027186534 0
302718654 0
731456802 2
731458602 2
273146580 0
273146850 0
731485602 2
273148650 0
315468027 0
315486027 0
273156480 0
273156840 0
315846027 0
273158640 0
164580273 0
164850273 0
731654802 0
731658402 0
168450273 0
731685402 0
731845602 2
273184650 0
318546027 0
273185640 0
186450273 0
731865402 0
273415680 0
273415860 0
734165802 0
734168502 0
273418560 0
734186502 0
516802734 2
518602734 2
456180273 0
456810273 0
581602734 2
458610273 0
346158027 2
346185027 2
651802734 0
658102734 0
346815027 2
685102734 0
273481560 0
734816502 0
851602734 2
485610273 0
348615027 2
865102734 0
027351468 2
273514860 2
802735164 0
027351684 0
273518460 2
027351864 0
802735416 0
027354186 0
180273546 0
810273546 0
027354816 0
102735486 0
273561480 0
273561840 0
418027356 0
481027356 0
273568140 0
841027356 0
273581460 2
027358164 0
027358416 0
102735846 0
273586140 0
410273586 0
145802736 2
148502736 2
615480273 0
615840273 0
184502736 2
618540273 0
364158027 0
364185027 0
518027364 2
581027364 2
364815027 0
851027364 2
736514802 0
736518402 0
541802736 0
548102736 0
736581402 0
584102736 0
814502736 2
681540273 0
368415027 0
451027368 2
736851402 0
854102736 0
738145602 2
273814650 0
381546027 0
273815640 0
816450273 0
738165402 0
273841560 0
738416502 0
451602738 2
845610273 0
384615027 2
651027384 0
273851460 2
027385164 0
027385416 0
102738546 0
273856140 0
410273856 0
614502738 2
861540273 0
386415027 0
510273864 2
738651402 0
541027386 0
027413568 2
274135860 2
802741365 0
027413685 0
274138560 2
027413865 0
368027415 2
386027415 2
741563802 0
741568302 0
836027415 2
741586302 0
416358027 0
416385027 0
416538027 2
416583027 2
416835027 0
416853027 2
274183560 2
027418365 0
536027418 2
741856302 0
418635027 0
418653027 2
743156802 0
743158602 0
274316580 0
274316850 0
743185602 0
274318650 0
351680274 0
351860274 0
561802743 0
568102743 0
358160274 0
586102743 0
743615802 0
743618502 0
365180274 0
365810274 0
743681502 0
368510274 0
743815602 0
274381650 0
385160274 0
856102743 0
743861502 0
386510274 0
136802745 0
138602745 0
516380274 0
516830274 0
183602745 0
518630274 0
453168027 0
453186027 0
618027453 2
681027453 2
453816027 0
861027453 2
745613802 2
745618302 2
631802745 0
638102745 0
745681302 2
683102745 0
813602745 0
581630274 0
458316027 0
361027458 2
745861302 2
863102745 0
027461358 2
274613850 2
802746153 0
027461583 0
274618350 2
027461853 0
802746315 0
027463185 0
180274635 0
810274635 0
027463815 0
102746385 0
274651380 0
274651830 0
318027465 0
381027465 0
274658130 0
831027465 0
274681350 2
027468153 0
027468315 0
102746835 0
274685130 0
310274685 0
274813560 2
027481365 0
360274815 2
748156302 0
481635027 0
481653027 2
748315602 0
274831650 0
835160274 0
561027483 0
748361502 0
836510274 0
136027485 0
851630274 0
485316027 0
610274853 2
748561302 2
631027485 0
274861350 2
027486153 0
027486315 0
102748635 0
274865130 0
310274865 0
513468027 2
513486027 2
513648027 0
513684027 0
513846027 2
513864027 0
751436802 0
751438602 0
638027514 2
683027514 2
751483602 0
863027514 2
751634802 2
751638402 2
275164380 0
275164830 0
751683402 2
275168430 0
518346027 2
518364027 0
751843602 0
463027518 2
751863402 2
275186430 0
802753146 0
027531486 0
027531648 2
275316840 2
027531846 0
275318640 2
275341680 0
275341860 0
618027534 0
681027534 0
275348160 0
861027534 0
802753614 0
027536184 0
180275364 0
810275364 0
027536814 0
102753684 0
027538146 0
275381640 2
275384160 0
610275384 0
027538614 0
102753864 0
413680275 0
413860275 0
163802754 0
168302754 0
418360275 0
186302754 0
754316802 0
754318602 0
361802754 0
368102754 0
754381602 0
386102754 0
546138027 0
546183027 0
318027546 2
381027546 2
546813027 0
831027546 2
481360275 0
816302754 0
754831602 0
836102754 0
548613027 0
631027548 2
275613480 0
275613840 0
756143802 0
756148302 0
275618340 0
756184302 0
314802756 2
318402756 2
634180275 0
634810275 0
381402756 2
638410275 0
641380275 0
641830275 0
431802756 0
438102756 0
648130275 0
483102756 0
275681340 0
756814302 0
831402756 2
683410275 0
684130275 0
843102756 0
581346027 2
581364027 0
758143602 0
630275814 2
758163402 2
275816430 0
027583146 0
275831640 2
275834160 0
610275834 0
027583614 0
102758364 0
841360275 0
163027584 0
758431602 0
361027584 0
584613027 0
310275846 2
275861340 0
758614302 0
631402758 2
863410275 0
864130275 0
431027586 0
761345802 0
761348502 0
548027613 2
584027613 2
761384502 0
854027613 2
614358027 2
614385027 2
614538027 0
614583027 0
614835027 2
614853027 0
276153480 0
276153840 0
761543802 2
761548302 2
276158340 0
761584302 2
761834502 0
354027618 2
618435027 2
618453027 0
276185340 0
761854302 2
314580276 0
314850276 0
154802763 0
158402763 0
318450276 0
185402763 0
763415802 2
763418502 2
451802763 0
458102763 0
763481502 2
485102763 0
635148027 0
635184027 0
418027635 2
481027635 2
635814027 0
841027635 2
381450276 0
815402763 0
763841502 2
845102763 0
638514027 0
541027638 2
802764135 0
027641385 0
380276415 0
830276415 0
027641835 0
302764185 0
276431580 0
276431850 0
518027643 0
581027643 0
276438150 0
851027643 0
802764513 2
302764518 2
180276453 0
810276453 0
027645813 2
102764583 0
027648135 0
302764815 0
276483150 0
510276483 0
027648513 2
102764853 0
765134802 0
765138402 0
276514380 0
276514830 0
765183402 0
276518430 0
531480276 0
531840276 0
341802765 0
348102765 0
538140276 0
384102765 0
413802765 2
418302765 2
543180276 0
543810276 0
481302765 2
548310276 0
765813402 0
276581430 0
583140276 0
834102765 0
841302765 2
584310276 0
768134502 0
540276813 2
681435027 2
681453027 0
276815340 0
768154302 2
831450276 0
154027683 0
768341502 2
451027683 0
683514027 0
410276835 2
027684135 0
302768415 0
276843150 0
510276843 0
027684513 2
102768453 0
768513402 0
276851430 0
853140276 0
341027685 0
541302768 2
854310276 0
602781345 0
027813465 0
460278135 0
402781356 2
645027813 0
540278136 0
027814356 0
502781436 0
536027814 0
630278145 0
027814635 2
302781465 0
602781534 2
640278153 0
360278154 0
463027815 0
402781563 0
027815643 0
450278163 0
354027816 0
502781643 0
027816453 2
027816534 0
302781654 0
783145602 2
278314650 0
831546027 0
278315640 0
164502783 0
783165402 0
278341560 0
783416502 0
516027834 2
456102783 0
834615027 2
651027834 0
278351460 2
027835164 0
027835416 0
102783546 0
278356140 0
410278356 0
145027836 2
615402783 0
836415027 0
510278364 2
783651402 0
541027836 0
278413560 2
027841365 0
360278415 2
784156302 0
841635027 0
841653027 2
784315602 0
278431650 0
351602784 0
561027843 0
784361502 0
365102784 0
136027845 0
516302784 0
845316027 0
610278453 2
784561302 2
631027845 0
278461350 2
027846153 0
027846315 0
102784635 0
278465130 0
310278465 0
851346027 2
851364027 0
785143602 0
630278514 2
785163402 2
278516430 0
027853146 0
278531640 2
278534160 0
610278534 0
027853614 0
102785364 0
413602785 0
163027854 0
785431602 0
361027854 0
854613027 0
310278546 2
278561340 0
785614302 0
314027856 2
634102785 0
641302785 0
431027856 0
786134502 0
540278613 2
861435027 2
861453027 0
278615340 0
786154302 2
314502786 0
154027863 0
786341502 2
451027863 0
863514027 0
410278635 2
027864135 0
302786415 0
278643150 0
510278643 0
027864513 2
102786453 0
786513402 0
278651430 0
531402786 0
341027865 0
413027865 2
543102786 0
670281345 0
760281345 0
702813465 0
028134675 0
602813475 0
028134765 0
467028135 0
476028135 0
470281356 2
740281356 2
746028135 0
640281357 2
645702813 0
647502813 0
547028136 0
574028136 0
674502813 0
754028136 0
602813745 0
028137465 0
460281375 0
402813756 2
764502813 0
540281376 0
702814356 0
028143576 0
570281436 0
750281436 0
028143756 0
502814376 0
536702814 0
537602814 0
637028145 0
673028145 0
573602814 0
763028145 0
702814635 2
502814637 2
370281465 0
730281465 0
028146735 2
302814675 0
028147356 0
502814736 0
753602814 0
630281475 0
028147635 2
302814765 0
670281534 2
760281534 2
647028153 0
674028153 0
460281537 2
764028153 0
367028154 0
376028154 0
463702815 0
467302815 0
736028154 0
476302815 0
470281563 0
740281563 0
702815643 0
028156473 0
402815673 0
028156743 0
602815734 2
640281573 0
360281574 0
746302815 0
402815763 0
028157643 0
457028163 0
475028163 0
354702816 0
357402816 0
745028163 0
375402816 0
570281643 0
750281643 0
702816453 2
302816457 2
502816473 0
028164753 2
702816534 0
028165374 0
370281654 0
730281654 0
028165734 0
302816574 0
450281673 0
735402816 0
502816743 0
028167453 2
028167534 0
302816754 0
602817345 0
028173465 0
460281735 0
402817356 2
645028173 0
540281736 0
028174356 0
502817436 0
536028174 0
630281745 0
028174635 2
302817465 0
602817534 2
640281753 0
360281754 0
463028175 0
402817563 0
028175643 0
450281763 0
354028176 0
502817643 0
028176453 2
028176534 0
302817654 0
831456702 2
831457602 2
283146570 0
283146750 0
831475602 2
283147650 0
028315467 0
602831547 0
283156470 0
283156740 0
460283157 0
283157640 0
164570283 0
164750283 0
831654702 0
831657402 0
167450283 0
831675402 0
831745602 2
283174650 0
546028317 0
283175640 0
176450283 0
831765402 0
283415670 0
283415760 0
834165702 0
834167502 0
283417560 0
834176502 0
516702834 2
517602834 2
456170283 0
456710283 0
571602834 2
457610283 0
346157028 2
346175028 2
651702834 0
657102834 0
346715028 2
675102834 0
283471560 0
834716502 0
751602834 2
475610283 0
347615028 2
765102834 0
028351467 2
283514760 2
702835164 0
028351674 0
283517460 2
028351764 0
702835416 0
028354176 0
170283546 0
710283546 0
028354716 0
102835476 0
283561470 0
283561740 0
417028356 0
471028356 0
283567140 0
741028356 0
283571460 2
028357164 0
028357416 0
102835746 0
283576140 0
410283576 0
145702836 2
147502836 2
615470283 0
615740283 0
174502836 2
617540283 0
028364157 0
502836417 0
517028364 2
571028364 2
150283647 0
751028364 2
836514702 0
836517402 0
541702836 0
547102836 0
836571402 0
574102836 0
714502836 2
671540283 0
415028367 0
451028367 2
836751402 0
754102836 0
837145602 2
283714650 0
154602837 0
283715640 0
716450283 0
837165402 0
283741560 0
837416502 0
451602837 2
745610283 0
374615028 2
651028374 0
283751460 2
028375164 0
028375416 0
102837546 0
283756140 0
410283756 0
614502837 2
761540283 0
641502837 0
510283764 2
837651402 0
541028376 0
028413567 2
284135760 2
702841365 0
028413675 0
284137560 2
028413765 0
367028415 2
376028415 2
841563702 0
841567302 0
736028415 2
841576302 0
028416357 0
502841637 0
416537028 2
416573028 2
350284167 0
416753028 2
284173560 2
028417365 0
536028417 2
841756302 0
635028417 0
417653028 2
843156702 0
843157602 0
284316570 0
284316750 0
843175602 0
284317650 0
351670284 0
351760284 0
561702843 0
567102843 0
357160284 0
576102843 0
843615702 0
843617502 0
365170284 0
365710284 0
843671502 0
367510284 0
843715602 0
284371650 0
375160284 0
756102843 0
843761502 0
376510284 0
136702845 0
137602845 0
516370284 0
516730284 0
173602845 0
517630284 0
028453167 0
602845317 0
617028453 2
671028453 2
160284537 0
761028453 2
845613702 2
845617302 2
631702845 0
637102845 0
845671302 2
673102845 0
713602845 0
571630284 0
316028457 0
361028457 2
845761302 2
763102845 0
028461357 2
284613750 2
702846153 0
028461573 0
284617350 2
028461753 0
702846315 0
028463175 0
170284635 0
710284635 0
028463715 0
102846375 0
284651370 0
284651730 0
317028465 0
371028465 0
284657130 0
731028465 0
284671350 2
028467153 0
028467315 0
102846735 0
284675130 0
310284675 0
284713560 2
028471365 0
360284715 2
847156302 0
163502847 0
471653028 2
847315602 0
284731650 0
735160284 0
561028473 0
847361502 0
736510284 0
136028475 0
751630284 0
531602847 0
610284753 2
847561302 2
631028475 0
284761350 2
028476153 0
028476315 0
102847635 0
284765130 0
310284765 0
513467028 2
513476028 2
028513647 0
402851367 0
513746028 2
640285137 0
851436702 0
851437602 0
637028514 2
673028514 2
851473602 0
763028514 2
851634702 2
851637402 2
285164370 0
285164730 0
851673402 2
285167430 0
517346028 2
364028517 0
851743602 0
463028517 2
851763402 2
285176430 0
702853146 0
028531476 0
028531647 2
285316740 2
028531746 0
285317640 2
285341670 0
285341760 0
617028534 0
671028534 0
285347160 0
761028534 0
702853614 0
028536174 0
170285364 0
710285364 0
028536714 0
102853674 0
028537146 0
285371640 2
285374160 0
610285374 0
028537614 0
102853764 0
413670285 0
413760285 0
163702854 0
167302854 0
417360285 0
176302854 0
854316702 0
854317602 0
361702854 0
367102854 0
854371602 0
376102854 0
028546137 0
302854617 0
317028546 2
371028546 2
130285467 0
731028546 2
471360285 0
716302854 0
854731602 0
736102854 0
613028547 0
631028547 2
285613470 0
285613740 0
856143702 0
856147302 0
285617340 0
856174302 0
314702856 2
317402856 2
634170285 0
634710285 0
371402856 2
637410285 0
641370285 0
641730285 0
431702856 0
437102856 0
647130285 0
473102856 0
285671340 0
856714302 0
731402856 2
673410285 0
674130285 0
743102856 0
571346028 2
136402857 0
857143602 0
630285714 2
857163402 2
285716430 0
028573146 0
285731640 2
285734160 0
610285734 0
028573614 0
102857364 0
741360285 0
163028574 0
857431602 0
361028574 0
461302857 0
310285746 2
285761340 0
857614302 0
631402857 2
763410285 0
764130285 0
431028576 0
861345702 0
861347502 0
547028613 2
574028613 2
861374502 0
754028613 2
614357028 2
614375028 2
028614537 0
302861457 0
614735028 2
530286147 0
286153470 0
286153740 0
861543702 2
861547302 2
286157340 0
861574302 2
861734502 0
354028617 2
617435028 2
453028617 0
286175340 0
861754302 2
314570286 0
314750286 0
154702863 0
157402863 0
317450286 0
175402863 0
863415702 2
863417502 2
451702863 0
457102863 0
863471502 2
475102863 0
028635147 0
402863517 0
417028635 2
471028635 2
140286357 0
741028635 2
371450286 0
715402863 0
863741502 2
745102863 0
514028637 0
541028637 2
702864135 0
028641375 0
370286415 0
730286415 0
028641735 0
302864175 0
286431570 0
286431750 0
517028643 0
571028643 0
286437150 0
751028643 0
702864513 2
302864517 2
170286453 0
710286453 0
028645713 2
102864573 0
028647135 0
302864715 0
286473150 0
510286473 0
028647513 2
102864753 0
865134702 0
865137402 0
286514370 0
286514730 0
865173402 0
286517430 0
531470286 0
531740286 0
341702865 0
347102865 0
537140286 0
374102865 0
413702865 2
417302865 2
543170286 0
543710286 0
471302865 2
547310286 0
865713402 0
286571430 0
573140286 0
734102865 0
741302865 2
574310286 0
867134502 0
540286713 2
671435028 2
145302867 0
286715340 0
867154302 2
731450286 0
154028673 0
867341502 2
451028673 0
351402867 0
410286735 2
028674135 0
302867415 0
286743150 0
510286743 0
028674513 2
102867453 0
867513402 0
286751430 0
753140286 0
341028675 0
541302867 2
754310286 0
602871345 0
028713465 0
460287135 0
402871356 2
645028713 0
540287136 0
028714356 0
502871436 0
536028714 0
630287145 0
028714635 2
302871465 0
602871534 2
640287153 0
360287154 0
463028715 0
402871563 0
028715643 0
450287163 0
354028716 0
502871643 0
028716453 2
028716534 0
302871654 0
873145602 2
287314650 0
315460287 0
287315640 0
164502873 0
873165402 0
287341560 0
873416502 0
516028734 2
456102873 0
734615028 2
651028734 0
287351460 2
028735164 0
028735416 0
102873546 0
287356140 0
410287356 0
145028736 2
615402873 0
364150287 0
510287364 2
873651402 0
541028736 0
287413560 2
028741365 0
360287415 2
874156302 0
416350287 0
741653028 2
874315602 0
287431650 0
351602874 0
561028743 0
874361502 0
365102874 0
136028745 0
516302874 0
453160287 0
610287453 2
874561302 2
631028745 0
287461350 2
028746153 0
028746315 0
102874635 0
287465130 0
310287465 0
751346028 2
513640287 0
875143602 0
630287514 2
875163402 2
287516430 0
028753146 0
287531640 2
287534160 0
610287534 0
028753614 0
102875364 0
413602875 0
163028754 0
875431602 0
361028754 0
546130287 0
310287546 2
287561340 0
875614302 0
314028756 2
634102875 0
641302875 0
431028756 0
876134502 0
540287613 2
761435028 2
614530287 0
287615340 0
876154302 2
314502876 0
154028763 0
876341502 2
451028763 0
635140287 0
410287635 2
028764135 0
302876415 0
287643150 0
510287643 0
028764513 2
102876453 0
876513402 0
287651430 0
531402876 0
341028765 0
413028765 2
543102876 0
678031245 2
687031245 2
768031245 2
786031245 2
867031245 2
876031245 2
124657803 0
124658703 0
124675803 0
124678503 0
124685703 0
124687503 0
568031247 2
586031247 2
124765803 0
124768503 0
856031247 2
124786503 0
567031248 2
576031248 2
124865703 0
124867503 0
756031248 2
124876503 0
467803125 0
468703125 0
476803125 0
478603125 0
486703125 0
487603125 0
803125647 0
031256487 0
480312567 0
840312567 0
031256847 0
403125687 0
746803125 0
748603125 0
648031257 0
684031257 0
784603125 0
864031257 0
846703125 0
847603125 0
031258647 0
403125867 0
874603125 0
640312587 0
264578031 0
264587031 0
264758031 0
264785031 0
264857031 0
264875031 0
654780312 0
654870312 0
657480312 2
657840312 0
658470312 2
658740312 0
267458031 0
267485031 0
675480312 2
675840312 2
267845031 0
678540312 0
268457031 0
268475031 0
685470312 2
685740312 2
268745031 0
687540312 0
680312745 2
860312745 2
127465803 0
127468503 0
560312748 2
127486503 0
468031275 0
486031275 0
564803127 0
568403127 0
846031275 0
586403127 0
276458031 0
276485031 0
765480312 0
765840312 0
276845031 0
768540312 0
603127845 2
127846503 0
460312785 0
856403127 0
278645031 0
786540312 0
670312845 2
760312845 2
128465703 0
128467503 0
560312847 2
128476503 0
467031285 0
476031285 0
031285647 0
403128567 0
746031285 0
640312857 0
286457031 0
286475031 0
865470312 0
865740312 0
286745031 0
867540312 0
603128745 2
128746503 0
460312875 0
564031287 0
287645031 0
876540312 0
567803142 0
568703142 0
576803142 0
578603142 0
586703142 0
587603142 0
314265780 0
314265870 0
314267580 0
314267850 0
314268570 0
314268750 0
756803142 0
758603142 0
314276580 0
314276850 0
785603142 0
314278650 0
856703142 0
857603142 0
314286570 0
314286750 0
875603142 0
314287650 0
678031452 0
687031452 0
768031452 0
786031452 0
867031452 0
876031452 0
780314562 0
870314562 0
803145672 0
031456782 0
703145682 0
031456872 0
680314572 0
860314572 0
803145762 0
031457682 0
603145782 0
031457862 0
670314582 0
760314582 0
703145862 0
031458672 0
603145872 0
031458762 0
780314625 0
870314625 0
803146275 0
031462785 0
703146285 0
031462875 0
803146527 2
703146528 2
031465728 2
314657820 2
031465827 2
314658720 2
803146725 0
031467285 0
031467528 2
314675820 2
031467825 0
314678520 2
703146825 0
031468275 0
031468527 2
314685720 2
031468725 0
314687520 2
568031472 0
586031472 0
314726580 0
314726850 0
856031472 0
314728650 0
680314752 0
860314752 0
803147562 0
031475682 0
603147582 0
031475862 0
803147625 0
031476285 0
031476528 2
314765820 2
031476825 0
314768520 2
560314782 0
314782650 0
603147852 0
031478562 0
031478625 0
314786520 2
567031482 0
576031482 0
314826570 0
314826750 0
756031482 0
314827650 0
670314852 0
760314852 0
703148562 0
031485672 0
603148572 0
031485762 0
703148625 0
031486275 0
031486527 2
314865720 2
031486725 0
314867520 2
560314872 0
314872650 0
603148752 0
031487562 0
031487625 0
314876520 2
246780315 0
246870315 0
247680315 0
247860315 0
248670315 0
248760315 0
526478031 0
526487031 0
526748031 0
526784031 0
526847031 0
526874031 0
274680315 0
274860315 0
527648031 0
527684031 0
278460315 0
527864031 0
284670315 0
284760315 0
528647031 0
528674031 0
287460315 0
528764031 0
542678031 0
542687031 0
542768031 0
542786031 0
542867031 0
542876031 0
462780315 2
462870315 2
467280315 2
467820315 2
468270315 2
468720315 2
547268031 0
547286031 0
476280315 2
476820315 2
547826031 0
478620315 2
548267031 0
548276031 0
486270315 2
486720315 2
548726031 0
487620315 2
156247803 0
156248703 0
156274803 0
156278403 0
156284703 0
156287403 0
315642780 0
315642870 0
315647280 0
315647820 0
315648270 0
315648720 0
156724803 0
156728403 0
315674280 0
315674820 0
156782403 0
315678420 0
156824703 0
156827403 0
315684270 0
315684720 0
156872403 0
315687420 0
724680315 0
724860315 0
572648031 0
572684031 0
728460315 0
572864031 0
574268031 0
574286031 0
746280315 2
746820315 2
574826031 0
748620315 2
157624803 0
157628403 0
315764280 0
315764820 0
157682403 0
315768420 0
782460315 0
578264031 0
578426031 0
784620315 2
157862403 0
315786420 0
824670315 0
824760315 0
582647031 0
582674031 0
827460315 0
582764031 0
584267031 0
584276031 0
846270315 2
846720315 2
584726031 0
847620315 2
158624703 0
158627403 0
315864270 0
315864720 0
158672403 0
315867420 0
872460315 0
587264031 0
587426031 0
874620315 2
158762403 0
315876420 0
162457803 0
162458703 0
162475803 0
162478503 0
162485703 0
162487503 0
547803162 2
548703162 2
625748031 0
578403162 2
625847031 0
587403162 2
162745803 0
162748503 0
627548031 0
627584031 0
162784503 0
785403162 2
162845703 0
162847503 0
628547031 0
628574031 0
162874503 0
875403162 2
642578031 2
642587031 2
642758031 2
642785031 2
642857031 2
642875031 2
803164527 0
031645287 0
280316457 0
820316457 0
031645827 0
203164587 0
647258031 2
647285031 2
528031647 0
582031647 0
647825031 2
852031647 0
648257031 2
648275031 2
031648527 0
203164857 0
648725031 2
520316487 0
316524780 0
316524870 0
316527480 0
316527840 0
316528470 0
316528740 0
165427803 2
165428703 2
165472803 2
165478203 2
165482703 2
165487203 2
316572480 0
316572840 0
165742803 2
165748203 2
316578240 0
165784203 2
316582470 0
316582740 0
165842703 2
165847203 2
316587240 0
165874203 2
167245803 0
167248503 0
254803167 2
258403167 2
167284503 0
285403167 2
674258031 2
674285031 2
452803167 0
458203167 0
674825031 2
485203167 0
316752480 0
316752840 0
167542803 2
167548203 2
316758240 0
167584203 2
167824503 0
825403167 2
678425031 2
845203167 0
316785240 0
167854203 2
168245703 0
168247503 0
254703168 2
257403168 2
168274503 0
275403168 2
684257031 2
684275031 2
031684527 0
203168457 0
684725031 2
520316847 0
316852470 0
316852740 0
168542703 2
168547203 2
316857240 0
168574203 2
168724503 0
725403168 2
687425031 2
452031687 0
316875240 0
168754203 2
680317245 2
860317245 2
172465803 0
172468503 0
560317248 2
172486503 0
468031725 0
486031725 0
256480317 0
256840317 0
846031725 0
258640317 0
726458031 0
726485031 0
654803172 0
658403172 0
726845031 0
685403172 0
603172845 2
172846503 0
460317285 0
285640317 0
728645031 0
865403172 0
568031742 0
586031742 0
317426580 0
317426850 0
856031742 0
317428650 0
680317452 0
860317452 0
803174562 0
031745682 0
603174582 0
031745862 0
803174625 0
031746285 0
031746528 2
317465820 2
031746825 0
317468520 2
560317482 0
317482650 0
603174852 0
031748562 0
031748625 0
317486520 2
246803175 0
248603175 0
752648031 0
752684031 0
284603175 0
752864031 0
754268031 0
754286031 0
546280317 2
546820317 2
754826031 0
548620317 2
175624803 0
175628403 0
317564280 0
317564820 0
175682403 0
317568420 0
824603175 0
758264031 0
758426031 0
584620317 2
175862403 0
317586420 0
176245803 0
176248503 0
548031762 2
584031762 2
176284503 0
854031762 2
764258031 2
764285031 2
645280317 0
645820317 0
764825031 2
648520317 0
317652480 0
317652840 0
176542803 2
176548203 2
317658240 0
176584203 2
176824503 0
254031768 2
768425031 2
684520317 0
317685240 0
176854203 2
603178245 2
178246503 0
460317825 0
825640317 0
782645031 0
654031782 0
560317842 0
317842650 0
603178452 0
031784562 0
031784625 0
317846520 2
246031785 0
785264031 0
785426031 0
854620317 2
178562403 0
317856420 0
178624503 0
540317862 2
786425031 2
864520317 0
317865240 0
178654203 2
670318245 2
760318245 2
182465703 0
182467503 0
560318247 2
182476503 0
467031825 0
476031825 0
031825647 0
403182567 0
746031825 0
640318257 0
826457031 0
826475031 0
654703182 0
657403182 0
826745031 0
675403182 0
603182745 2
182746503 0
460318275 0
564031827 0
827645031 0
765403182 0
567031842 0
576031842 0
318426570 0
318426750 0
756031842 0
318427650 0
670318452 0
760318452 0
703184562 0
031845672 0
603184572 0
031845762 0
703184625 0
031846275 0
031846527 2
318465720 2
031846725 0
318467520 2
560318472 0
318472650 0
603184752 0
031847562 0
031847625 0
318476520 2
246703185 0
247603185 0
852647031 0
852674031 0
274603185 0
852764031 0
854267031 0
854276031 0
546270318 2
546720318 2
854726031 0
547620318 2
185624703 0
185627403 0
318564270 0
318564720 0
185672403 0
318567420 0
724603185 0
857264031 0
857426031 0
574620318 2
185762403 0
318576420 0
186245703 0
186247503 0
547031862 2
574031862 2
186274503 0
754031862 2
864257031 2
864275031 2
031864527 0
203186457 0
864725031 2
520318647 0
318652470 0
318652740 0
186542703 2
186547203 2
318657240 0
186574203 2
186724503 0
254031867 2
867425031 2
452031867 0
318675240 0
186754203 2
603187245 2
187246503 0
460318725 0
256403187 0
872645031 0
654031872 0
560318742 0
318742650 0
603187452 0
031874562 0
031874625 0
318746520 2
246031875 0
875264031 0
875426031 0
754620318 2
187562403 0
318756420 0
187624503 0
540318762 2
876425031 2
645203187 0
318765240 0
187654203 2
567803214 0
568703214 0
576803214 0
578603214 0
586703214 0
587603214 0
803214657 0
032146587 0
580321467 0
850321467 0
032146857 0
503214687 0
756803214 0
758603214 0
658032147 0
685032147 0
785603214 0
865032147 0
856703214 0
857603214 0
032148657 0
503214867 0
875603214 0
650321487 0
678032154 2
687032154 2
768032154 2
786032154 2
867032154 2
876032154 2
215647803 2
215648703 2
215674803 2
215678403 2
215684703 2
215687403 2
468032157 2
486032157 2
215764803 2
215768403 2
846032157 2
215786403 2
467032158 2
476032158 2
215864703 2
215867403 2
746032158 2
215876403 2
645780321 2
645870321 2
647580321 2
647850321 2
648570321 2
648750321 2
165478032 0
165487032 0
165748032 0
165784032 0
165847032 0
165874032 0
674580321 2
674850321 2
167548032 0
167584032 0
678450321 2
167854032 0
684570321 2
684750321 2
168547032 0
168574032 0
687450321 2
168754032 0
568032174 0
586032174 0
465803217 0
468503217 0
856032174 0
486503217 0
680321754 2
860321754 2
217564803 2
217568403 2
460321758 2
217586403 2
764580321 2
764850321 2
176548032 0
176584032 0
768450321 2
176854032 0
560321784 0
846503217 0
603217854 2
217856403 2
786450321 2
178654032 0
567032184 0
576032184 0
032184657 0
503218467 0
756032184 0
650321847 0
670321854 2
760321854 2
218564703 2
218567403 2
460321857 2
218576403 2
864570321 2
864750321 2
186547032 0
186574032 0
867450321 2
186754032 0
560321874 0
465032187 0
603218754 2
218756403 2
876450321 2
187654032 0
156780324 0
156870324 0
157680324 0
157860324 0
158670324 0
158760324 0
416578032 0
416587032 0
416758032 0
416785032 0
416857032 0
416875032 0
175680324 0
175860324 0
417658032 0
417685032 0
178560324 0
417865032 0
185670324 0
185760324 0
418657032 0
418675032 0
187560324 0
418765032 0
451678032 0
451687032 0
451768032 0
451786032 0
451867032 0
451876032 0
245617803 0
245618703 0
245671803 0
245678103 0
245681703 0
245687103 0
457168032 0
457186032 0
245761803 0
245768103 0
457816032 0
245786103 0
458167032 0
458176032 0
245861703 0
245867103 0
458716032 0
245876103 0
246157803 0
246158703 0
246175803 0
246178503 0
246185703 0
246187503 0
324651780 0
324651870 0
324657180 0
324657810 0
324658170 0
324658710 0
246715803 0
246718503 0
324675180 0
324675810 0
246781503 0
324678510 0
246815703 0
246817503 0
324685170 0
324685710 0
246871503 0
324687510 0
715680324 0
715860324 0
471658032 0
471685032 0
718560324 0
471865032 0
475168032 0
475186032 0
247561803 0
247568103 0
475816032 0
247586103 0
247615803 0
247618503 0
324765180 0
324765810 0
247681503 0
324768510 0
781560324 0
478165032 0
478516032 0
247856103 0
247861503 0
324786510 0
815670324 0
815760324 0
481657032 0
481675032 0
817560324 0
481765032 0
485167032 0
485176032 0
248561703 0
248567103 0
485716032 0
248576103 0
248615703 0
248617503 0
324865170 0
324865710 0
248671503 0
324867510 0
871560324 0
487165032 0
487516032 0
248756103 0
248761503 0
324876510 0
467803251 0
468703251 0
476803251 0
478603251 0
486703251 0
487603251 0
325164780 0
325164870 0
325167480 0
325167840 0
325168470 0
325168740 0
746803251 0
748603251 0
325176480 0
325176840 0
784603251 0
325178640 0
846703251 0
847603251 0
325186470 0
325186740 0
874603251 0
325187640 0
678032541 0
687032541 0
768032541 0
786032541 0
867032541 0
876032541 0
780325461 0
870325461 0
803254671 0
032546781 0
703254681 0
032546871 0
680325471 0
860325471 0
803254761 0
032547681 0
603254781 0
032547861 0
670325481 0
760325481 0
703254861 0
032548671 0
603254871 0
032548761 0
780325614 0
870325614 0
803256174 0
032561784 0
703256184 0
032561874 0
803256417 2
703256418 2
032564718 2
325647810 2
032564817 2
325648710 2
803256714 0
032567184 0
032567418 2
325674810 2
032567814 0
325678410 2
703256814 0
032568174 0
032568417 2
325684710 2
032568714 0
325687410 2
468032571 0
486032571 0
325716480 0
325716840 0
846032571 0
325718640 0
680325741 0
860325741 0
803257461 0
032574681 0
603257481 0
032574861 0
803257614 0
032576184 0
032576418 2
325764810 2
032576814 0
325768410 2
460325781 0
325781640 0
603257841 0
032578461 0
032578614 0
325786410 2
467032581 0
476032581 0
325816470 0
325816740 0
746032581 0
325817640 0
670325841 0
760325841 0
703258461 0
032584671 0
603258471 0
032584761 0
703258614 0
032586174 0
032586417 2
325864710 2
032586714 0
325867410 2
460325871 0
325871640 0
603258741 0
032587461 0
032587614 0
325876410 2
614578032 0
614587032 0
614758032 0
614785032 0
614857032 0
614875032 0
261547803 0
261548703 0
261574803 0
261578403 0
261584703 0
261587403 0
617458032 0
617485032 0
261754803 0
261758403 0
617845032 0
261785403 0
618457032 0
618475032 0
261854703 0
261857403 0
618745032 0
261875403 0
803264157 2
703264158 2
032641758 2
326417850 2
032641857 2
326418750 2
780326451 0
870326451 0
803264571 0
032645781 0
703264581 0
032645871 0
032647158 2
326471850 2
803264751 0
032647581 0
326478150 2
032647851 0
032648157 2
326481750 2
703264851 0
032648571 0
326487150 2
032648751 0
651478032 2
651487032 2
651748032 2
651784032 2
651847032 2
651874032 2
803265417 0
032654187 0
180326547 0
810326547 0
032654817 0
103265487 0
657148032 2
657184032 2
418032657 0
481032657 0
657814032 2
841032657 0
658147032 2
658174032 2
032658417 0
103265847 0
658714032 2
410326587 0
671458032 0
671485032 0
267154803 0
267158403 0
671845032 0
267185403 0
032674158 2
326741850 2
803267451 0
032674581 0
326748150 2
032674851 0
675148032 2
675184032 2
541803267 0
548103267 0
675814032 2
584103267 0
678145032 0
267815403 0
326784150 2
032678451 0
678514032 2
854103267 0
681457032 0
681475032 0
268154703 0
268157403 0
681745032 0
268175403 0
032684157 2
326841750 2
703268451 0
032684571 0
326847150 2
032684751 0
685147032 2
685174032 2
032685417 0
103268547 0
685714032 2
410326857 0
687145032 0
268715403 0
326874150 2
032687451 0
687514032 2
541032687 0
568032714 0
586032714 0
146580327 0
146850327 0
856032714 0
148650327 0
680327154 2
860327154 2
271564803 2
271568403 2
460327158 2
271586403 2
164580327 2
164850327 2
716548032 0
716584032 0
168450327 2
716854032 0
560327184 0
184650327 0
603271854 2
271856403 2
186450327 2
718654032 0
156803274 0
158603274 0
741658032 0
741685032 0
185603274 0
741865032 0
745168032 0
745186032 0
274561803 0
274568103 0
745816032 0
274586103 0
274615803 0
274618503 0
327465180 0
327465810 0
274681503 0
327468510 0
815603274 0
748165032 0
748516032 0
274856103 0
274861503 0
327486510 0
468032751 0
486032751 0
327516480 0
327516840 0
846032751 0
327518640 0
680327541 0
860327541 0
803275461 0
032754681 0
603275481 0
032754861 0
803275614 0
032756184 0
032756418 2
327564810 2
032756814 0
327568410 2
460327581 0
327581640 0
603275841 0
032758461 0
032758614 0
327586410 2
761458032 0
761485032 0
276154803 0
276158403 0
761845032 0
276185403 0
032764158 2
327641850 2
803276451 0
032764581 0
327648150 2
032764851 0
765148032 2
765184032 2
654180327 0
654810327 0
765814032 2
658410327 0
768145032 0
276815403 0
327684150 2
032768451 0
768514032 2
685410327 0
560327814 0
814650327 0
603278154 2
278156403 2
816450327 2
781654032 0
156032784 0
784165032 0
784516032 0
278456103 0
278461503 0
327846510 0
460327851 0
327851640 0
603278541 0
032785461 0
032785614 0
327856410 2
786145032 0
278615403 0
327864150 2
032786451 0
786514032 2
865410327 0
567032814 0
576032814 0
032814657 0
503281467 0
756032814 0
650328147 0
670328154 2
760328154 2
281564703 2
281567403 2
460328157 2
281576403 2
164570328 2
164750328 2
816547032 0
816574032 0
167450328 2
816754032 0
560328174 0
465032817 0
603281754 2
281756403 2
176450328 2
817654032 0
156703284 0
157603284 0
841657032 0
841675032 0
175603284 0
841765032 0
845167032 0
845176032 0
284561703 0
284567103 0
845716032 0
284576103 0
284615703 0
284617503 0
328465170 0
328465710 0
284671503 0
328467510 0
715603284 0
847165032 0
847516032 0
284756103 0
284761503 0
328476510 0
467032851 0
476032851 0
328516470 0
328516740 0
746032851 0
328517640 0
670328541 0
760328541 0
703285461 0
032854671 0
603285471 0
032854761 0
703285614 0
032856174 0
032856417 2
328564710 2
032856714 0
328567410 2
460328571 0
328571640 0
603285741 0
032857461 0
032857614 0
328576410 2
861457032 0
861475032 0
286154703 0
286157403 0
861745032 0
286175403 0
032864157 2
328641750 2
703286451 0
032864571 0
328647150 2
032864751 0
865147032 2
865174032 2
032865417 0
103286547 0
865714032 2
410328657 0
867145032 0
286715403 0
328674150 2
032867451 0
867514032 2
541032867 0
560328714 0
146503287 0
603287154 2
287156403 2
716450328 2
871654032 0
156032874 0
874165032 0
874516032 0
287456103 0
287461503 0
328746510 0
460328751 0
328751640 0
603287541 0
032875461 0
032875614 0
328756410 2
876145032 0
287615403 0
328764150 2
032876451 0
876514032 2
654103287 0
678034125 0
687034125 0
768034125 0
786034125 0
867034125 0
876034125 0
780341265 0
870341265 0
803412675 0
034126785 0
703412685 0
034126875 0
680341275 0
860341275 0
803412765 0
034127685 0
603412785 0
034127865 0
670341285 0
760341285 0
703412865 0
034128675 0
603412875 0
034128765 0
267803415 0
268703415 0
276803415 0
278603415 0
286703415 0
287603415 0
341562780 0
341562870 0
341567280 0
341567820 0
341568270 0
341568720 0
726803415 0
728603415 0
341576280 0
341576820 0
782603415 0
341578620 0
826703415 0
827603415 0
341586270 0
341586720 0
872603415 0
341587620 0
803416257 2
703416258 2
034162758 2
341627850 2
034162857 2
341628750 2
780341652 0
870341652 0
803416572 0
034165782 0
703416582 0
034165872 0
034167258 2
341672850 2
803416752 0
034167582 0
341678250 2
034167852 0
034168257 2
341682750 2
703416852 0
034168572 0
341687250 2
034168752 0
680341725 0
860341725 0
803417265 0
034172685 0
603417285 0
034172865 0
268034175 0
286034175 0
341756280 0
341756820 0
826034175 0
341758620 0
034176258 2
341762850 2
803417652 0
034176582 0
341768250 2
034176852 0
603417825 0
034178265 0
260341785 0
341785620 0
341786250 2
034178652 0
670341825 0
760341825 0
703418265 0
034182675 0
603418275 0
034182765 0
267034185 0
276034185 0
341856270 0
341856720 0
726034185 0
341857620 0
034186257 2
341862750 2
703418652 0
034186572 0
341867250 2
034186752 0
603418725 0
034187265 0
260341875 0
341875620 0
341876250 2
034187652 0
215678034 0
215687034 0
215768034 0
215786034 0
215867034 0
215876034 0
165780342 2
165870342 2
167580342 2
167850342 2
168570342 2
168750342 2
217568034 0
217586034 0
176580342 2
176850342 2
217856034 0
178650342 2
218567034 0
218576034 0
186570342 2
186750342 2
218756034 0
187650342 2
516780342 0
516870342 0
517680342 0
517860342 0
518670342 0
518760342 0
256178034 2
256187034 2
256718034 2
256781034 2
256817034 2
256871034 2
571680342 0
571860342 0
257618034 2
257681034 2
578160342 0
257861034 2
581670342 0
581760342 0
258617034 2
258671034 2
587160342 0
258761034 2
342615780 0
342615870 0
342617580 0
342617850 0
342618570 0
342618750 0
426517803 0
426518703 0
426571803 0
426578103 0
426581703 0
426587103 0
342671580 0
342671850 0
426751803 0
426758103 0
342678150 0
426785103 0
342681570 0
342681750 0
426851703 0
426857103 0
342687150 0
426875103 0
271568034 0
271586034 0
716580342 2
716850342 2
271856034 0
718650342 2
751680342 0
751860342 0
275618034 2
275681034 2
758160342 0
275861034 2
342761580 0
342761850 0
427651803 0
427658103 0
342768150 0
427685103 0
278156034 0
781650342 2
785160342 0
278561034 2
342786150 0
427865103 0
281567034 0
281576034 0
816570342 2
816750342 2
281756034 0
817650342 2
851670342 0
851760342 0
285617034 2
285671034 2
857160342 0
285761034 2
342861570 0
342861750 0
428651703 0
428657103 0
342867150 0
428675103 0
287156034 0
871650342 2
875160342 0
287561034 2
342876150 0
428765103 0
126780345 0
126870345 0
127680345 0
127860345 0
128670345 0
128760345 0
451627803 0
451628703 0
451672803 0
451678203 0
451682703 0
451687203 0
172680345 0
172860345 0
451762803 0
451768203 0
178260345 0
451786203 0
182670345 0
182760345 0
451862703 0
451867203 0
187260345 0
451876203 0
167803452 2
168703452 2
176803452 2
178603452 2
186703452 2
187603452 2
803452617 0
034526187 0
180345267 0
810345267 0
034526817 0
103452687 0
716803452 2
718603452 2
618034527 0
681034527 0
781603452 2
861034527 0
816703452 2
817603452 2
034528617 0
103452867 0
871603452 2
610345287 0
561278034 0
561287034 0
561728034 0
561782034 0
561827034 0
561872034 0
621780345 2
621870345 2
627180345 2
627810345 2
628170345 2
628710345 2
567128034 0
567182034 0
672180345 2
672810345 2
567812034 0
678210345 2
568127034 0
568172034 0
682170345 2
682710345 2
568712034 0
687210345 2
712680345 0
712860345 0
457162803 0
457168203 0
718260345 0
457186203 0
216803457 2
218603457 2
261803457 0
268103457 0
281603457 2
286103457 0
576128034 0
576182034 0
762180345 2
762810345 2
576812034 0
768210345 2
781260345 0
457816203 0
821603457 2
826103457 0
578612034 0
786210345 2
812670345 0
812760345 0
458162703 0
458167203 0
817260345 0
458176203 0
216703458 2
217603458 2
034582617 0
103458267 0
271603458 2
610345827 0
586127034 0
586172034 0
862170345 2
862710345 2
586712034 0
867210345 2
871260345 0
458716203 0
721603458 2
261034587 0
587612034 0
876210345 2
803461257 0
034612587 0
580346127 0
850346127 0
034612857 0
503461287 0
346152780 0
346152870 0
346157280 0
346157820 0
346158270 0
346158720 0
258034617 0
285034617 0
346175280 0
346175820 0
825034617 0
346178520 0
034618257 0
503461827 0
346185270 0
346185720 0
250346187 0
346187520 0
462157803 2
462158703 2
462175803 2
462178503 2
462185703 2
462187503 2
346251780 0
346251870 0
346257180 0
346257810 0
346258170 0
346258710 0
462715803 2
462718503 2
346275180 0
346275810 0
462781503 2
346278510 0
462815703 2
462817503 2
346285170 0
346285710 0
462871503 2
346287510 0
465127803 0
465128703 0
465172803 0
465178203 0
465182703 0
465187203 0
652178034 0
652187034 0
652718034 0
652781034 0
652817034 0
652871034 0
465712803 0
465718203 0
657218034 0
657281034 0
465781203 0
657821034 0
465812703 0
465817203 0
658217034 0
658271034 0
465871203 0
658721034 0
125803467 0
128503467 0
346715280 0
346715820 0
182503467 0
346718520 0
467215803 2
467218503 2
346725180 0
346725810 0
467281503 2
346728510 0
467512803 0
467518203 0
675218034 0
675281034 0
467581203 0
675821034 0
812503467 0
346781520 0
467821503 2
346782510 0
467851203 0
678521034 0
034681257 0
503468127 0
346815270 0
346815720 0
250346817 0
346817520 0
468215703 2
468217503 2
346825170 0
346825710 0
468271503 2
346827510 0
468512703 0
468517203 0
685217034 0
685271034 0
468571203 0
685721034 0
125034687 0
346871520 0
468721503 2
346872510 0
468751203 0
687521034 0
680347125 0
860347125 0
803471265 0
034712685 0
603471285 0
034712865 0
268034715 0
286034715 0
347156280 0
347156820 0
826034715 0
347158620 0
034716258 2
347162850 2
803471652 0
034716582 0
347168250 2
034716852 0
603471825 0
034718265 0
260347185 0
347185620 0
347186250 2
034718652 0
721568034 0
721586034 0
216580347 2
216850347 2
721856034 0
218650347 2
516803472 0
518603472 0
725618034 2
725681034 2
581603472 0
725861034 2
347261580 0
347261850 0
472651803 0
472658103 0
347268150 0
472685103 0
728156034 0
281650347 2
851603472 0
728561034 2
347286150 0
472865103 0
126803475 0
128603475 0
475162803 0
475168203 0
182603475 0
475186203 0
168034752 2
186034752 2
526180347 0
526810347 0
816034752 2
528610347 0
756128034 0
756182034 0
562180347 2
562810347 2
756812034 0
568210347 2
812603475 0
475816203 0
216034758 2
582610347 0
758612034 0
586210347 2
612580347 0
612850347 0
347615280 0
347615820 0
618250347 0
347618520 0
476215803 2
476218503 2
347625180 0
347625810 0
476281503 2
347628510 0
476512803 0
476518203 0
765218034 0
765281034 0
476581203 0
765821034 0
681250347 0
347681520 0
476821503 2
347682510 0
476851203 0
768521034 0
603478125 0
034781265 0
260347815 0
347815620 0
347816250 2
034781652 0
782156034 0
821650347 2
516034782 0
782561034 2
347826150 0
478265103 0
126034785 0
478516203 0
160347852 2
852610347 0
785612034 0
856210347 2
861250347 0
347861520 0
478621503 2
347862510 0
478651203 0
786521034 0
670348125 0
760348125 0
703481265 0
034812675 0
603481275 0
034812765 0
267034815 0
276034815 0
348156270 0
348156720 0
726034815 0
348157620 0
034816257 2
348162750 2
703481652 0
034816572 0
348167250 2
034816752 0
603481725 0
034817265 0
260348175 0
348175620 0
348176250 2
034817652 0
821567034 0
821576034 0
216570348 2
216750348 2
821756034 0
217650348 2
516703482 0
517603482 0
825617034 2
825671034 2
571603482 0
825761034 2
348261570 0
348261750 0
482651703 0
482657103 0
348267150 0
482675103 0
827156034 0
271650348 2
751603482 0
827561034 2
348276150 0
482765103 0
126703485 0
127603485 0
485162703 0
485167203 0
172603485 0
485176203 0
167034852 2
176034852 2
034852617 0
103485267 0
716034852 2
610348527 0
856127034 0
856172034 0
562170348 2
562710348 2
856712034 0
567210348 2
712603485 0
485716203 0
216034857 2
261034857 0
857612034 0
576210348 2
034861257 0
503486127 0
348615270 0
348615720 0
250348617 0
348617520 0
486215703 2
486217503 2
348625170 0
348625710 0
486271503 2
348627510 0
486512703 0
486517203 0
865217034 0
865271034 0
486571203 0
865721034 0
125034867 0
348671520 0
486721503 2
348672510 0
486751203 0
867521034 0
603487125 0
034871265 0
260348715 0
348715620 0
348716250 2
034871652 0
872156034 0
721650348 2
516034872 0
872561034 2
348726150 0
487265103 0
126034875 0
487516203 0
160348752 2
526103487 0
875612034 0
756210348 2
612503487 0
348761520 0
487621503 2
348762510 0
487651203 0
876521034 0
124678035 0
124687035 0
124768035 0
124786035 0
124867035 0
124876035 0
264780351 2
264870351 2
267480351 2
267840351 2
268470351 2
268740351 2
127468035 0
127486035 0
276480351 2
276840351 2
127846035 0
278640351 2
128467035 0
128476035 0
286470351 2
286740351 2
128746035 0
287640351 2
426780351 0
426870351 0
427680351 0
427860351 0
428670351 0
428760351 0
146278035 0
146287035 0
146728035 0
146782035 0
146827035 0
146872035 0
472680351 0
472860351 0
147628035 0
147682035 0
478260351 0
147862035 0
482670351 0
482760351 0
148627035 0
148672035 0
487260351 0
148762035 0
351624780 0
351624870 0
351627480 0
351627840 0
351628470 0
351628740 0
516427803 0
516428703 0
516472803 0
516478203 0
516482703 0
516487203 0
351672480 0
351672840 0
516742803 0
516748203 0
351678240 0
516784203 0
351682470 0
351682740 0
516842703 0
516847203 0
351687240 0
516874203 0
172468035 0
172486035 0
726480351 2
726840351 2
172846035 0
728640351 2
742680351 0
742860351 0
174628035 0
174682035 0
748260351 0
174862035 0
351762480 0
351762840 0
517642803 0
517648203 0
351768240 0
517684203 0
178246035 0
782640351 2
784260351 0
178462035 0
351786240 0
517864203 0
182467035 0
182476035 0
826470351 2
826740351 2
182746035 0
827640351 2
842670351 0
842760351 0
184627035 0
184672035 0
847260351 0
184762035 0
351862470 0
351862740 0
518642703 0
518647203 0
351867240 0
518674203 0
187246035 0
872640351 2
874260351 0
187462035 0
351876240 0
518764203 0
678035214 0
687035214 0
768035214 0
786035214 0
867035214 0
876035214 0
780352164 2
870352164 2
480352167 2
840352167 2
470352168 2
740352168 2
680352174 0
860352174 0
803521764 2
403521768 2
603521784 0
035217864 2
670352184 0
760352184 0
703521864 2
403521867 2
603521874 0
035218764 2
167803524 0
168703524 0
176803524 0
178603524 0
186703524 0
187603524 0
352461780 0
352461870 0
352467180 0
352467810 0
352468170 0
352468710 0
716803524 0
718603524 0
352476180 0
352476810 0
781603524 0
352478610 0
816703524 0
817603524 0
352486170 0
352486710 0
871603524 0
352487610 0
478035261 0
487035261 0
748035261 0
784035261 0
847035261 0
874035261 0
780352641 0
870352641 0
803526471 0
035264781 0
703526481 0
035264871 0
480352671 0
840352671 0
803526741 0
035267481 0
403526781 0
035267841 0
470352681 0
740352681 0
703526841 0
035268471 0
403526871 0
035268741 0
680352714 0
860352714 0
803527164 2
403527168 2
603527184 0
035271864 2
168035274 0
186035274 0
352746180 0
352746810 0
816035274 0
352748610 0
480352761 0
840352761 0
803527641 0
035276481 0
403527681 0
035276841 0
603527814 0
035278164 2
160352784 0
352784610 0
403527861 0
035278641 0
670352814 0
760352814 0
703528164 2
403528167 2
603528174 0
035281764 2
167035284 0
176035284 0
352846170 0
352846710 0
716035284 0
352847610 0
470352861 0
740352861 0
703528641 0
035286471 0
403528671 0
035286741 0
603528714 0
035287164 2
160352874 0
352874610 0
403528761 0
035287641 0
267803541 2
268703541 2
276803541 2
278603541 2
286703541 2
287603541 2
803541627 0
035416287 0
280354167 0
820354167 0
035416827 0
203541687 0
726803541 2
728603541 2
628035417 0
682035417 0
782603541 2
862035417 0
826703541 2
827603541 2
035418627 0
203541867 0
872603541 2
620354187 0
216780354 0
216870354 0
217680354 0
217860354 0
218670354 0
218760354 0
542617803 2
542618703 2
542671803 2
542678103 2
542681703 2
542687103 2
271680354 0
271860354 0
542761803 2
542768103 2
278160354 0
542786103 2
281670354 0
281760354 0
542861703 2
542867103 2
287160354 0
542876103 2
612780354 0
612870354 0
617280354 0
617820354 0
618270354 0
618720354 0
462178035 0
462187035 0
462718035 0
462781035 0
462817035 0
462871035 0
671280354 0
671820354 0
467218035 0
467281035 0
678120354 0
467821035 0
681270354 0
681720354 0
468217035 0
468271035 0
687120354 0
468721035 0
126803547 2
128603547 2
162803547 0
168203547 0
182603547 2
186203547 0
721680354 0
721860354 0
547261803 2
547268103 2
728160354 0
547286103 2
761280354 0
761820354 0
476218035 0
476281035 0
768120354 0
476821035 0
812603547 2
816203547 0
782160354 0
547826103 2
786120354 0
478621035 0
126703548 2
127603548 2
035481627 0
203548167 0
172603548 2
620354817 0
821670354 0
821760354 0
548261703 2
548267103 2
827160354 0
548276103 2
861270354 0
861720354 0
486217035 0
486271035 0
867120354 0
486721035 0
712603548 2
162035487 0
872160354 0
548726103 2
876120354 0
487621035 0
561247803 2
561248703 2
561274803 2
561278403 2
561284703 2
561287403 2
356142780 0
356142870 0
356147280 0
356147820 0
356148270 0
356148720 0
561724803 2
561728403 2
356174280 0
356174820 0
561782403 2
356178420 0
561824703 2
561827403 2
356184270 0
356184720 0
561872403 2
356187420 0
803562147 0
035621487 0
480356217 0
840356217 0
035621847 0
403562187 0
624178035 2
624187035 2
624718035 2
624781035 2
624817035 2
624871035 2
148035627 0
184035627 0
627418035 2
627481035 2
814035627 0
627841035 2
035628147 0
403562817 0
628417035 2
628471035 2
140356287 0
628741035 2
127803564 2
128703564 2
172803564 2
178203564 2
182703564 2
187203564 2
564217803 0
564218703 0
564271803 0
564278103 0
564281703 0
564287103 0
712803564 2
718203564 2
564721803 0
564728103 0
781203564 2
564782103 0
812703564 2
817203564 2
564821703 0
564827103 0
871203564 2
564872103 0
567124803 2
567128403 2
356714280 0
356714820 0
567182403 2
356718420 0
214803567 0
218403567 0
672418035 2
672481035 2
281403567 0
672841035 2
412803567 2
418203567 2
567421803 0
567428103 0
481203567 2
567482103 0
567812403 2
356781420 0
821403567 0
678241035 2
841203567 2
567842103 0
568124703 2
568127403 2
356814270 0
356814720 0
568172403 2
356817420 0
035682147 0
403568217 0
682417035 2
682471035 2
140356827 0
682741035 2
412703568 2
417203568 2
568421703 0
568427103 0
471203568 2
568472103 0
568712403 2
356871420 0
214035687 0
687241035 2
741203568 2
568742103 0
712468035 0
712486035 0
126480357 2
126840357 2
712846035 0
128640357 2
426803571 0
428603571 0
714628035 0
714682035 0
482603571 0
714862035 0
357162480 0
357162840 0
571642803 0
571648203 0
357168240 0
571684203 0
718246035 0
182640357 2
842603571 0
718462035 0
357186240 0
571864203 0
680357214 0
860357214 0
803572164 2
403572168 2
603572184 0
035721864 2
168035724 0
186035724 0
357246180 0
357246810 0
816035724 0
357248610 0
480357261 0
840357261 0
803572641 0
035726481 0
403572681 0
035726841 0
603572814 0
035728164 2
160357284 0
357284610 0
403572861 0
035728641 0
268035741 2
286035741 2
416280357 0
416820357 0
826035741 2
418620357 0
216803574 0
218603574 0
574261803 2
574268103 2
281603574 0
574286103 2
612803574 0
618203574 0
746218035 0
746281035 0
681203574 0
746821035 0
126035748 2
481620357 0
821603574 0
574826103 2
861203574 0
748621035 0
576124803 2
576128403 2
357614280 0
357614820 0
576182403 2
357618420 0
621480357 0
621840357 0
762418035 2
762481035 2
628140357 0
762841035 2
128035764 2
182035764 2
576421803 0
576428103 0
812035764 2
576482103 0
576812403 2
357681420 0
682140357 0
768241035 2
412035768 2
576842103 0
781246035 0
812640357 2
426035781 0
781462035 0
357816240 0
578164203 0
603578214 0
035782164 2
160357824 0
357824610 0
403578261 0
035782641 0
260357841 2
841620357 0
216035784 0
578426103 2
612035784 0
784621035 0
578612403 2
357861420 0
862140357 0
786241035 2
120357864 2
578642103 0
812467035 0
812476035 0
126470358 2
126740358 2
812746035 0
127640358 2
426703581 0
427603581 0
814627035 0
814672035 0
472603581 0
814762035 0
358162470 0
358162740 0
581642703 0
581647203 0
358167240 0
581674203 0
817246035 0
172640358 2
742603581 0
817462035 0
358176240 0
581764203 0
670358214 0
760358214 0
703582164 2
403582167 2
603582174 0
035821764 2
167035824 0
176035824 0
358246170 0
358246710 0
716035824 0
358247610 0
470358261 0
740358261 0
703582641 0
035826471 0
403582671 0
035826741 0
603582714 0
035827164 2
160358274 0
358274610 0
403582761 0
035827641 0
267035841 2
276035841 2
035841627 0
203584167 0
726035841 2
620358417 0
216703584 0
217603584 0
584261703 2
584267103 2
271603584 0
584276103 2
612703584 0
617203584 0
846217035 0
846271035 0
671203584 0
846721035 0
126035847 2
162035847 0
721603584 0
584726103 2
761203584 0
847621035 0
586124703 2
586127403 2
358614270 0
358614720 0
586172403 2
358617420 0
035862147 0
403586217 0
862417035 2
862471035 2
140358627 0
862741035 2
127035864 2
172035864 2
586421703 0
586427103 0
712035864 2
586472103 0
586712403 2
358671420 0
214035867 0
867241035 2
412035867 2
586742103 0
871246035 0
712640358 2
426035871 0
871462035 0
358716240 0
587164203 0
603587214 0
035872164 2
160358724 0
358724610 0
403587261 0
035872641 0
260358741 2
416203587 0
216035874 0
587426103 2
612035874 0
874621035 0
587612403 2
358761420 0
621403587 0
876241035 2
120358764 2
587642103 0
457803612 0
458703612 0
475803612 0
478503612 0
485703612 0
487503612 0
254780361 0
254870361 0
257480361 0
257840361 0
258470361 0
258740361 0
745803612 0
748503612 0
275480361 0
275840361 0
784503612 0
278540361 0
845703612 0
847503612 0
285470361 0
285740361 0
874503612 0
287540361 0
578036142 2
587036142 2
758036142 2
785036142 2
857036142 2
875036142 2
527803614 0
528703614 0
572803614 0
578203614 0
582703614 0
587203614 0
258036147 2
285036147 2
752803614 0
758203614 0
825036147 2
785203614 0
257036148 2
275036148 2
852703614 0
857203614 0
725036148 2
875203614 0
780361524 0
870361524 0
803615274 0
036152784 0
703615284 0
036152874 0
278036154 0
287036154 0
728036154 0
782036154 0
827036154 0
872036154 0
803615724 0
036157284 0
280361574 0
820361574 0
036157824 0
203615784 0
703615824 0
036158274 0
270361584 0
720361584 0
036158724 0
203615874 0
458036172 0
485036172 0
725480361 0
725840361 0
845036172 0
728540361 0
580361742 2
850361742 2
528036174 0
582036174 0
250361748 2
852036174 0
803617524 0
036175284 0
280361754 0
820361754 0
036175824 0
203617584 0
450361782 0
782540361 0
503617842 2
520361784 0
036178524 0
203617854 0
457036182 0
475036182 0
825470361 0
825740361 0
745036182 0
827540361 0
570361842 2
750361842 2
527036184 0
572036184 0
250361847 2
752036184 0
703618524 0
036185274 0
270361854 0
720361854 0
036185724 0
203618574 0
450361872 0
872540361 0
503618742 2
520361874 0
036187524 0
203618754 0
145780362 0
145870362 0
147580362 0
147850362 0
148570362 0
148750362 0
547803621 0
548703621 0
574803621 0
578403621 0
584703621 0
587403621 0
174580362 0
174850362 0
754803621 0
758403621 0
178450362 0
785403621 0
184570362 0
184750362 0
854703621 0
857403621 0
187450362 0
875403621 0
780362415 0
870362415 0
803624175 0
036241785 0
703624185 0
036241875 0
178036245 0
187036245 0
718036245 0
781036245 0
817036245 0
871036245 0
803624715 0
036247185 0
180362475 0
810362475 0
036247815 0
103624785 0
703624815 0
036248175 0
170362485 0
710362485 0
036248715 0
103624875 0
478036251 2
487036251 2
748036251 2
784036251 2
847036251 2
874036251 2
417803625 0
418703625 0
471803625 0
478103625 0
481703625 0
487103625 0
148036257 2
184036257 2
741803625 0
748103625 0
814036257 2
784103625 0
147036258 2
174036258 2
841703625 0
847103625 0
714036258 2
874103625 0
714580362 0
714850362 0
548036271 0
584036271 0
718450362 0
854036271 0
803627415 0
036274185 0
180362745 0
810362745 0
036274815 0
103627485 0
480362751 2
840362751 2
418036275 0
481036275 0
140362758 2
841036275 0
781450362 0
540362781 0
036278415 0
103627845 0
403627851 2
410362785 0
814570362 0
814750362 0
547036281 0
574036281 0
817450362 0
754036281 0
703628415 0
036284175 0
170362845 0
710362845 0
036284715 0
103628475 0
470362851 2
740362851 2
417036285 0
471036285 0
140362857 2
741036285 0
871450362 0
540362871 0
036287415 0
103628745 0
403628751 2
410362875 0
257803641 0
258703641 0
275803641 0
278503641 0
285703641 0
287503641 0
278036415 2
287036415 2
728036415 2
782036415 2
827036415 2
872036415 2
725803641 0
728503641 0
528036417 2
582036417 2
782503641 0
852036417 2
825703641 0
827503641 0
527036418 2
572036418 2
872503641 0
752036418 2
578036421 0
587036421 0
758036421 0
785036421 0
857036421 0
875036421 0
780364251 0
870364251 0
803642571 0
036425781 0
703642581 0
036425871 0
580364271 0
850364271 0
803642751 0
036427581 0
503642781 0
036427851 0
570364281 0
750364281 0
703642851 0
036428571 0
503642871 0
036428751 0
127803645 0
128703645 0
172803645 0
178203645 0
182703645 0
187203645 0
521780364 0
521870364 0
527180364 0
527810364 0
528170364 0
528710364 0
712803645 0
718203645 0
572180364 0
572810364 0
781203645 0
578210364 0
812703645 0
817203645 0
582170364 0
582710364 0
871203645 0
587210364 0
258036471 0
285036471 0
280364715 2
820364715 2
825036471 0
520364718 2
580364721 0
850364721 0
803647251 0
036472581 0
503647281 0
036472851 0
128036475 0
182036475 0
752180364 0
752810364 0
812036475 0
758210364 0
250364781 0
203647815 2
503647821 0
036478251 0
120364785 0
785210364 0
257036481 0
275036481 0
270364815 2
720364815 2
725036481 0
520364817 2
570364821 0
750364821 0
703648251 0
036482571 0
503648271 0
036482751 0
127036485 0
172036485 0
852170364 0
852710364 0
712036485 0
857210364 0
250364871 0
203648715 2
503648721 0
036487251 0
120364875 0
875210364 0
478036512 0
487036512 0
748036512 0
784036512 0
847036512 0
874036512 0
780365142 0
870365142 0
803651472 0
036514782 0
703651482 0
036514872 0
480365172 0
840365172 0
803651742 0
036517482 0
403651782 0
036517842 0
470365182 0
740365182 0
703651842 0
036518472 0
403651872 0
036518742 0
147803652 0
148703652 0
174803652 0
178403652 0
184703652 0
187403652 0
178036524 2
187036524 2
718036524 2
781036524 2
817036524 2
871036524 2
714803652 0
718403652 0
418036527 2
481036527 2
781403652 0
841036527 2
814703652 0
817403652 0
417036528 2
471036528 2
871403652 0
741036528 2
412780365 0
412870365 0
417280365 0
417820365 0
418270365 0
418720365 0
217803654 0
218703654 0
271803654 0
278103654 0
281703654 0
287103654 0
471280365 0
471820365 0
721803654 0
728103654 0
478120365 0
782103654 0
481270365 0
481720365 0
821703654 0
827103654 0
487120365 0
872103654 0
480365712 0
840365712 0
803657142 0
036571482 0
403657182 0
036571842 0
148036572 0
184036572 0
180365724 2
810365724 2
814036572 0
410365728 2
741280365 0
741820365 0
218036574 0
281036574 0
748120365 0
821036574 0
403657812 0
036578142 0
140365782 0
103657824 2
784120365 0
210365784 0
470365812 0
740365812 0
703658142 0
036581472 0
403658172 0
036581742 0
147036582 0
174036582 0
170365824 2
710365824 2
714036582 0
410365827 2
841270365 0
841720365 0
217036584 0
271036584 0
847120365 0
721036584 0
403658712 0
036587142 0
140365872 0
103658724 2
874120365 0
210365874 0
458036712 0
485036712 0
254803671 0
258403671 0
845036712 0
285403671 0
580367142 2
850367142 2
528036714 0
582036714 0
250367148 2
852036714 0
803671524 0
036715284 0
280367154 0
820367154 0
036715824 0
203671584 0
450367182 0
825403671 0
503671842 2
520367184 0
036718524 0
203671854 0
145803672 0
148503672 0
548036721 0
584036721 0
184503672 0
854036721 0
803672415 0
036724185 0
180367245 0
810367245 0
036724815 0
103672485 0
480367251 2
840367251 2
418036725 0
481036725 0
140367258 2
841036725 0
814503672 0
540367281 0
036728415 0
103672845 0
403672851 2
410367285 0
258036741 0
285036741 0
280367415 2
820367415 2
825036741 0
520367418 2
580367421 0
850367421 0
803674251 0
036742581 0
503674281 0
036742851 0
128036745 0
182036745 0
521803674 0
528103674 0
812036745 0
582103674 0
250367481 0
203674815 2
503674821 0
036748251 0
120367485 0
852103674 0
480367512 0
840367512 0
803675142 0
036751482 0
403675182 0
036751842 0
148036752 0
184036752 0
180367524 2
810367524 2
814036752 0
410367528 2
412803675 0
418203675 0
218036754 0
281036754 0
481203675 0
821036754 0
403675812 0
036758142 0
140367582 0
103675824 2
841203675 0
210367584 0
450367812 0
254036781 0
503678142 2
520367814 0
036781524 0
203678154 0
145036782 0
540367821 0
036782415 0
103678245 0
403678251 2
410367825 0
250367841 0
203678415 2
503678421 0
036784251 0
120367845 0
521036784 0
403678512 0
036785142 0
140367852 0
103678524 2
412036785 0
210367854 0
457036812 0
475036812 0
254703681 0
257403681 0
745036812 0
275403681 0
570368142 2
750368142 2
527036814 0
572036814 0
250368147 2
752036814 0
703681524 0
036815274 0
270368154 0
720368154 0
036815724 0
203681574 0
450368172 0
725403681 0
503681742 2
520368174 0
036817524 0
203681754 0
145703682 0
147503682 0
547036821 0
574036821 0
174503682 0
754036821 0
703682415 0
036824175 0
170368245 0
710368245 0
036824715 0
103682475 0
470368251 2
740368251 2
417036825 0
471036825 0
140368257 2
741036825 0
714503682 0
540368271 0
036827415 0
103682745 0
403682751 2
410368275 0
257036841 0
275036841 0
270368415 2
720368415 2
725036841 0
520368417 2
570368421 0
750368421 0
703684251 0
036842571 0
503684271 0
036842751 0
127036845 0
172036845 0
521703684 0
527103684 0
712036845 0
572103684 0
250368471 0
203684715 2
503684721 0
036847251 0
120368475 0
752103684 0
470368512 0
740368512 0
703685142 0
036851472 0
403685172 0
036851742 0
147036852 0
174036852 0
170368524 2
710368524 2
714036852 0
410368527 2
412703685 0
417203685 0
217036854 0
271036854 0
471203685 0
721036854 0
403685712 0
036857142 0
140368572 0
103685724 2
741203685 0
210368574 0
450368712 0
254036871 0
503687142 2
520368714 0
036871524 0
203687154 0
145036872 0
540368721 0
036872415 0
103687245 0
403687251 2
410368725 0
250368741 0
203687415 2
503687421 0
036874251 0
120368745 0
521036874 0
403687512 0
036875142 0
140368752 0
103687524 2
412036875 0
210368754 0
680371245 2
860371245 2
712465803 0
712468503 0
560371248 2
712486503 0
468037125 0
486037125 0
125648037 0
125684037 0
846037125 0
125864037 0
264580371 0
264850371 0
654803712 0
658403712 0
268450371 0
685403712 0
603712845 2
712846503 0
460371285 0
128564037 0
286450371 0
865403712 0
568037142 0
586037142 0
371426580 0
371426850 0
856037142 0
371428650 0
680371452 0
860371452 0
803714562 0
037145682 0
603714582 0
037145862 0
803714625 0
037146285 0
037146528 2
371465820 2
037146825 0
371468520 2
560371482 0
371482650 0
603714852 0
037148562 0
037148625 0
371486520 2
246803715 0
248603715 0
526480371 0
526840371 0
284603715 0
528640371 0
542680371 0
542860371 0
462803715 2
468203715 2
548260371 0
486203715 2
715624803 0
715628403 0
371564280 0
371564820 0
715682403 0
371568420 0
824603715 0
582640371 0
584260371 0
846203715 2
715862403 0
371586420 0
716245803 0
716248503 0
548037162 2
584037162 2
716284503 0
854037162 2
164258037 2
164285037 2
164528037 0
164582037 0
164825037 2
164852037 0
371652480 0
371652840 0
716542803 2
716548203 2
371658240 0
716584203 2
716824503 0
254037168 2
168425037 2
168452037 0
371685240 0
716854203 2
603718245 2
718246503 0
460371825 0
182564037 0
826450371 0
654037182 0
560371842 0
371842650 0
603718452 0
037184562 0
037184625 0
371846520 2
246037185 0
852640371 0
854260371 0
546203718 2
718562403 0
371856420 0
718624503 0
540371862 2
186425037 2
186452037 0
371865240 0
718654203 2
568037214 0
586037214 0
214658037 0
214685037 0
856037214 0
214865037 0
680372154 2
860372154 2
721564803 2
721568403 2
460372158 2
721586403 2
645803721 2
648503721 2
165480372 0
165840372 0
684503721 2
168540372 0
560372184 0
218465037 0
603721854 2
721856403 2
864503721 2
186540372 0
156803724 0
158603724 0
416580372 0
416850372 0
185603724 0
418650372 0
451680372 0
451860372 0
724561803 0
724568103 0
458160372 0
724586103 0
724615803 0
724618503 0
372465180 0
372465810 0
724681503 0
372468510 0
815603724 0
481650372 0
485160372 0
724856103 0
724861503 0
372486510 0
468037251 0
486037251 0
372516480 0
372516840 0
846037251 0
372518640 0
680372541 0
860372541 0
803725461 0
037254681 0
603725481 0
037254861 0
803725614 0
037256184 0
037256418 2
372564810 2
037256814 0
372568410 2
460372581 0
372581640 0
603725841 0
037258461 2
037258614 0
103725864 0
614580372 0
614850372 0
726154803 0
726158403 0
618450372 0
726185403 0
037264158 2
372641850 2
803726451 0
037264581 0
372648150 2
037264851 0
265148037 2
265184037 2
265418037 0
265481037 0
265814037 2
265841037 0
681450372 0
726815403 0
372684150 2
037268451 0
268514037 2
268541037 0
560372814 0
281465037 0
603728154 2
728156403 2
164503728 2
816540372 0
156037284 0
841650372 0
845160372 0
728456103 0
728461503 0
372846510 0
460372851 0
372851640 0
603728541 0
037285461 0
037285614 0
372856410 2
861450372 0
728615403 0
372864150 2
037286451 0
286514037 2
286541037 0
680374125 0
860374125 0
803741265 0
037412685 0
603741285 0
037412865 0
268037415 0
286037415 0
374156280 0
374156820 0
826037415 0
374158620 0
037416258 2
374162850 2
803741652 0
037416582 0
374168250 2
037416852 0
603741825 0
037418265 0
260374185 0
374185620 0
374186250 2
037418652 0
215680374 0
215860374 0
165803742 2
168503742 2
218560374 0
186503742 2
516803742 0
518603742 0
425618037 2
425681037 2
581603742 0
425861037 2
374261580 0
374261850 0
742651803 0
742658103 0
374268150 0
742685103 0
281560374 0
816503742 2
851603742 0
428561037 2
374286150 0
742865103 0
126803745 0
128603745 0
745162803 0
745168203 0
182603745 0
745186203 0
168037452 2
186037452 2
452618037 0
452681037 0
816037452 2
452861037 0
561280374 0
561820374 0
621803745 2
628103745 2
568120374 0
682103745 2
812603745 0
745816203 0
216037458 2
458261037 0
586120374 0
862103745 2
461258037 0
461285037 0
374615280 0
374615820 0
461825037 0
374618520 0
746215803 2
746218503 2
374625180 0
374625810 0
746281503 2
374628510 0
746512803 0
746518203 0
652180374 0
652810374 0
746581203 0
658210374 0
468125037 0
374681520 0
746821503 2
374682510 0
746851203 0
685210374 0
603748125 0
037481265 0
260374815 0
374815620 0
374816250 2
037481652 0
821560374 0
216503748 2
516037482 0
482561037 2
374826150 0
748265103 0
126037485 0
748516203 0
160374852 2
485261037 0
856120374 0
562103748 2
486125037 0
374861520 0
748621503 2
374862510 0
748651203 0
865210374 0
124680375 0
124860375 0
264803751 2
268403751 2
128460375 0
286403751 2
426803751 0
428603751 0
146280375 0
146820375 0
482603751 0
148620375 0
375162480 0
375162840 0
751642803 0
751648203 0
375168240 0
751684203 0
182460375 0
826403751 2
842603751 0
184620375 0
375186240 0
751864203 0
680375214 0
860375214 0
803752164 2
403752168 2
603752184 0
037521864 2
168037524 0
186037524 0
375246180 0
375246810 0
816037524 0
375248610 0
480375261 0
840375261 0
803752641 0
037526481 0
403752681 0
037526841 0
603752814 0
037528164 2
160375284 0
375284610 0
403752861 0
037528641 0
268037541 2
286037541 2
541628037 0
541682037 0
826037541 2
541862037 0
216803754 0
218603754 0
754261803 2
754268103 2
281603754 0
754286103 2
612803754 0
618203754 0
462180375 0
462810375 0
681203754 0
468210375 0
126037548 2
548162037 0
821603754 0
754826103 2
861203754 0
486210375 0
756124803 2
756128403 2
375614280 0
375614820 0
756182403 2
375618420 0
562148037 0
562184037 0
562418037 2
562481037 2
562814037 0
562841037 2
128037564 2
182037564 2
756421803 0
756428103 0
812037564 2
756482103 0
756812403 2
375681420 0
568214037 0
568241037 2
412037568 2
756842103 0
812460375 0
126403758 2
426037581 0
814620375 0
375816240 0
758164203 0
603758214 0
037582164 2
160375824 0
375824610 0
403758261 0
037582641 0
260375841 2
584162037 0
216037584 0
758426103 2
612037584 0
846210375 0
758612403 2
375861420 0
586214037 0
586241037 2
120375864 2
758642103 0
458037612 0
485037612 0
254803761 0
258403761 0
845037612 0
285403761 0
580376142 2
850376142 2
528037614 0
582037614 0
250376148 2
852037614 0
803761524 0
037615284 0
280376154 0
820376154 0
037615824 0
203761584 0
450376182 0
825403761 0
503761842 2
520376184 0
037618524 0
203761854 0
145803762 0
148503762 0
548037621 0
584037621 0
184503762 0
854037621 0
803762415 0
037624185 0
180376245 0
810376245 0
037624815 0
103762485 0
480376251 2
840376251 2
418037625 0
481037625 0
140376258 2
841037625 0
814503762 0
540376281 0
037628415 0
103762845 0
403762851 2
410376285 0
258037641 0
285037641 0
280376415 2
820376415 2
825037641 0
520376418 2
580376421 0
850376421 0
803764251 0
037642581 0
503764281 0
037642851 0
128037645 0
182037645 0
521803764 0
528103764 0
812037645 0
582103764 0
250376481 0
203764815 2
503764821 0
037648251 0
120376485 0
852103764 0
480376512 0
840376512 0
803765142 0
037651482 0
403765182 0
037651842 0
148037652 0
184037652 0
180376524 2
810376524 2
814037652 0
410376528 2
412803765 0
418203765 0
218037654 0
281037654 0
481203765 0
821037654 0
403765812 0
037658142 0
140376582 0
103765824 2
841203765 0
210376584 0
450376812 0
254037681 0
503768142 2
520376814 0
037681524 0
203768154 0
145037682 0
540376821 0
037682415 0
103768245 0
403768251 2
410376825 0
250376841 0
203768415 2
503768421 0
037684251 0
120376845 0
521037684 0
403768512 0
037685142 0
140376852 0
103768524 2
412037685 0
210376854 0
603781245 2
781246503 0
460378125 0
812564037 0
264503781 0
654037812 0
560378142 0
378142650 0
603781452 0
037814562 0
037814625 0
378146520 2
246037815 0
526403781 0
542603781 0
462037815 2
781562403 0
378156420 0
781624503 0
540378162 2
816425037 2
816452037 0
378165240 0
781654203 2
560378214 0
821465037 0
603782154 2
782156403 2
645037821 2
165403782 0
156037824 0
416503782 0
451603782 0
782456103 0
782461503 0
378246510 0
460378251 0
378251640 0
603782541 0
037825461 0
037825614 0
378256410 2
614503782 0
782615403 0
378264150 2
037826451 0
826514037 2
826541037 0
603784125 0
037841265 0
260378415 0
378415620 0
378416250 2
037841652 0
215603784 0
165037842 2
516037842 0
842561037 2
378426150 0
784265103 0
126037845 0
784516203 0
160378452 2
845261037 0
561203784 0
621037845 2
846125037 0
378461520 0
784621503 2
378462510 0
784651203 0
652103784 0
124603785 0
264037851 2
426037851 0
146203785 0
378516240 0
785164203 0
603785214 0
037852164 2
160378524 0
378524610 0
403785261 0
037852641 0
260378541 2
854162037 0
216037854 0
785426103 2
612037854 0
462103785 0
785612403 2
378561420 0
856214037 0
856241037 2
120378564 2
785642103 0
450378612 0
254037861 0
503786142 2
520378614 0
037861524 0
203786154 0
145037862 0
540378621 0
037862415 0
103786245 0
403786251 2
410378625 0
250378641 0
203786415 2
503786421 0
037864251 0
120378645 0
521037864 0
403786512 0
037865142 0
140378652 0
103786524 2
412037865 0
210378654 0
670381245 2
760381245 2
812465703 0
812467503 0
560381247 2
812476503 0
467038125 0
476038125 0
038125647 0
403812567 0
746038125 0
640381257 0
264570381 0
264750381 0
654703812 0
657403812 0
267450381 0
675403812 0
603812745 2
812746503 0
460381275 0
564038127 0
276450381 0
765403812 0
567038142 0
576038142 0
381426570 0
381426750 0
756038142 0
381427650 0
670381452 0
760381452 0
703814562 0
038145672 0
603814572 0
038145762 0
703814625 0
038146275 0
038146527 2
381465720 2
038146725 0
381467520 2
560381472 0
381472650 0
603814752 0
038147562 0
038147625 0
381476520 2
246703815 0
247603815 0
526470381 0
526740381 0
274603815 0
527640381 0
542670381 0
542760381 0
462703815 2
467203815 2
547260381 0
476203815 2
815624703 0
815627403 0
381564270 0
381564720 0
815672403 0
381567420 0
724603815 0
572640381 0
574260381 0
746203815 2
815762403 0
381576420 0
816245703 0
816247503 0
547038162 2
574038162 2
816274503 0
754038162 2
164257038 2
164275038 2
038164527 0
203816457 0
164725038 2
520381647 0
381652470 0
381652740 0
816542703 2
816547203 2
381657240 0
816574203 2
816724503 0
254038167 2
167425038 2
452038167 0
381675240 0
816754203 2
603817245 2
817246503 0
460381725 0
256403817 0
726450381 0
654038172 0
560381742 0
381742650 0
603817452 0
038174562 0
038174625 0
381746520 2
246038175 0
752640381 0
754260381 0
546203817 2
817562403 0
381756420 0
817624503 0
540381762 2
176425038 2
645203817 0
381765240 0
817654203 2
567038214 0
576038214 0
038214657 0
503821467 0
756038214 0
650382147 0
670382154 2
760382154 2
821564703 2
821567403 2
460382157 2
821576403 2
645703821 2
647503821 2
165470382 0
165740382 0
674503821 2
167540382 0
560382174 0
465038217 0
603821754 2
821756403 2
764503821 2
176540382 0
156703824 0
157603824 0
416570382 0
416750382 0
175603824 0
417650382 0
451670382 0
451760382 0
824561703 0
824567103 0
457160382 0
824576103 0
824615703 0
824617503 0
382465170 0
382465710 0
824671503 0
382467510 0
715603824 0
471650382 0
475160382 0
824756103 0
824761503 0
382476510 0
467038251 0
476038251 0
382516470 0
382516740 0
746038251 0
382517640 0
670382541 0
760382541 0
703825461 0
038254671 0
603825471 0
038254761 0
703825614 0
038256174 0
038256417 2
382564710 2
038256714 0
382567410 2
460382571 0
382571640 0
603825741 0
038257461 2
038257614 0
103825764 0
614570382 0
614750382 0
826154703 0
826157403 0
617450382 0
826175403 0
038264157 2
382641750 2
703826451 0
038264571 0
382647150 2
038264751 0
265147038 2
265174038 2
038265417 0
103826547 0
265714038 2
410382657 0
671450382 0
826715403 0
382674150 2
038267451 0
267514038 2
541038267 0
560382714 0
146503827 0
603827154 2
827156403 2
164503827 2
716540382 0
156038274 0
741650382 0
745160382 0
827456103 0
827461503 0
382746510 0
460382751 0
382751640 0
603827541 0
038275461 0
038275614 0
382756410 2
761450382 0
827615403 0
382764150 2
038276451 0
276514038 2
654103827 0
670384125 0
760384125 0
703841265 0
038412675 0
603841275 0
038412765 0
267038415 0
276038415 0
384156270 0
384156720 0
726038415 0
384157620 0
038416257 2
384162750 2
703841652 0
038416572 0
384167250 2
038416752 0
603841725 0
038417265 0
260384175 0
384175620 0
384176250 2
038417652 0
215670384 0
215760384 0
165703842 2
167503842 2
217560384 0
176503842 2
516703842 0
517603842 0
425617038 2
425671038 2
571603842 0
425761038 2
384261570 0
384261750 0
842651703 0
842657103 0
384267150 0
842675103 0
271560384 0
716503842 2
751603842 0
427561038 2
384276150 0
842765103 0
126703845 0
127603845 0
845162703 0
845167203 0
172603845 0
845176203 0
167038452 2
176038452 2
038452617 0
103845267 0
716038452 2
610384527 0
561270384 0
561720384 0
621703845 2
627103845 2
567120384 0
672103845 2
712603845 0
845716203 0
216038457 2
261038457 0
576120384 0
762103845 2
038461257 0
503846127 0
384615270 0
384615720 0
250384617 0
384617520 0
846215703 2
846217503 2
384625170 0
384625710 0
846271503 2
384627510 0
846512703 0
846517203 0
652170384 0
652710384 0
846571203 0
657210384 0
125038467 0
384671520 0
846721503 2
384672510 0
846751203 0
675210384 0
603847125 0
038471265 0
260384715 0
384715620 0
384716250 2
038471652 0
721560384 0
216503847 2
516038472 0
472561038 2
384726150 0
847265103 0
126038475 0
847516203 0
160384752 2
526103847 0
756120384 0
562103847 2
612503847 0
384761520 0
847621503 2
384762510 0
847651203 0
765210384 0
124670385 0
124760385 0
264703851 2
267403851 2
127460385 0
276403851 2
426703851 0
427603851 0
146270385 0
146720385 0
472603851 0
147620385 0
385162470 0
385162740 0
851642703 0
851647203 0
385167240 0
851674203 0
172460385 0
726403851 2
742603851 0
174620385 0
385176240 0
851764203 0
670385214 0
760385214 0
703852164 2
403852167 2
603852174 0
038521764 2
167038524 0
176038524 0
385246170 0
385246710 0
716038524 0
385247610 0
470385261 0
740385261 0
703852641 0
038526471 0
403852671 0
038526741 0
603852714 0
038527164 2
160385274 0
385274610 0
403852761 0
038527641 0
267038541 2
276038541 2
038541627 0
203854167 0
726038541 2
620385417 0
216703854 0
217603854 0
854261703 2
854267103 2
271603854 0
854276103 2
612703854 0
617203854 0
462170385 0
462710385 0
671203854 0
467210385 0
126038547 2
162038547 0
721603854 0
854726103 2
761203854 0
476210385 0
856124703 2
856127403 2
385614270 0
385614720 0
856172403 2
385617420 0
038562147 0
403856217 0
562417038 2
562471038 2
140385627 0
562741038 2
127038564 2
172038564 2
856421703 0
856427103 0
712038564 2
856472103 0
856712403 2
385671420 0
214038567 0
567241038 2
412038567 2
856742103 0
712460385 0
126403857 2
426038571 0
714620385 0
385716240 0
857164203 0
603857214 0
038572164 2
160385724 0
385724610 0
403857261 0
038572641 0
260385741 2
416203857 0
216038574 0
857426103 2
612038574 0
746210385 0
857612403 2
385761420 0
621403857 0
576241038 2
120385764 2
857642103 0
457038612 0
475038612 0
254703861 0
257403861 0
745038612 0
275403861 0
570386142 2
750386142 2
527038614 0
572038614 0
250386147 2
752038614 0
703861524 0
038615274 0
270386154 0
720386154 0
038615724 0
203861574 0
450386172 0
725403861 0
503861742 2
520386174 0
038617524 0
203861754 0
145703862 0
147503862 0
547038621 0
574038621 0
174503862 0
754038621 0
703862415 0
038624175 0
170386245 0
710386245 0
038624715 0
103862475 0
470386251 2
740386251 2
417038625 0
471038625 0
140386257 2
741038625 0
714503862 0
540386271 0
038627415 0
103862745 0
403862751 2
410386275 0
257038641 0
275038641 0
270386415 2
720386415 2
725038641 0
520386417 2
570386421 0
750386421 0
703864251 0
038642571 0
503864271 0
038642751 0
127038645 0
172038645 0
521703864 0
527103864 0
712038645 0
572103864 0
250386471 0
203864715 2
503864721 0
038647251 0
120386475 0
752103864 0
470386512 0
740386512 0
703865142 0
038651472 0
403865172 0
038651742 0
147038652 0
174038652 0
170386524 2
710386524 2
714038652 0
410386527 2
412703865 0
417203865 0
217038654 0
271038654 0
471203865 0
721038654 0
403865712 0
038657142 0
140386572 0
103865724 2
741203865 0
210386574 0
450386712 0
254038671 0
503867142 2
520386714 0
038671524 0
203867154 0
145038672 0
540386721 0
038672415 0
103867245 0
403867251 2
410386725 0
250386741 0
203867415 2
503867421 0
038674251 0
120386745 0
521038674 0
403867512 0
038675142 0
140386752 0
103867524 2
412038675 0
210386754 0
603871245 2
871246503 0
460387125 0
125640387 0
264503871 0
654038712 0
560387142 0
387142650 0
603871452 0
038714562 0
038714625 0
387146520 2
246038715 0
526403871 0
542603871 0
462038715 2
871562403 0
387156420 0
871624503 0
540387162 2
716425038 2
164520387 0
387165240 0
871654203 2
560387214 0
214650387 0
603872154 2
872156403 2
645038721 2
165403872 0
156038724 0
416503872 0
451603872 0
872456103 0
872461503 0
387246510 0
460387251 0
387251640 0
603872541 0
038725461 0
038725614 0
387256410 2
614503872 0
872615403 0
387264150 2
038726451 0
726514038 2
265410387 0
603874125 0
038741265 0
260387415 0
387415620 0
387416250 2
038741652 0
215603874 0
165038742 2
516038742 0
742561038 2
387426150 0
874265103 0
126038745 0
874516203 0
160387452 2
452610387 0
561203874 0
621038745 2
461250387 0
387461520 0
874621503 2
387462510 0
874651203 0
652103874 0
124603875 0
264038751 2
426038751 0
146203875 0
387516240 0
875164203 0
603875214 0
038752164 2
160387524 0
387524610 0
403875261 0
038752641 0
260387541 2
541620387 0
216038754 0
875426103 2
612038754 0
462103875 0
875612403 2
387561420 0
562140387 0
756241038 2
120387564 2
875642103 0
450387612 0
254038761 0
503876142 2
520387614 0
038761524 0
203876154 0
145038762 0
540387621 0
038762415 0
103876245 0
403876251 2
410387625 0
250387641 0
203876415 2
503876421 0
038764251 0
120387645 0
521038764 0
403876512 0
038765142 0
140387652 0
103876524 2
412038765 0
210387654 0
123567804 2
123568704 2
123576804 2
123578604 2
123586704 2
123587604 2
365780412 0
365870412 0
367580412 0
367850412 0
368570412 0
368750412 0
123756804 2
123758604 2
376580412 0
376850412 0
123785604 2
378650412 0
123856704 2
123857604 2
386570412 0
386750412 0
123875604 2
387650412 0
253678041 0
253687041 0
253768041 0
253786041 0
253867041 0
253876041 0
563780412 0
563870412 0
567380412 0
567830412 0
568370412 0
568730412 0
257368041 0
257386041 0
576380412 0
576830412 0
257836041 0
578630412 0
258367041 0
258376041 0
586370412 0
586730412 0
258736041 0
587630412 0
357804126 2
358704126 2
375804126 2
378504126 2
385704126 2
387504126 2
804126537 0
041265387 0
380412657 0
830412657 0
041265837 0
304126587 0
735804126 2
738504126 2
538041267 0
583041267 0
783504126 2
853041267 0
835704126 2
837504126 2
041268537 0
304126857 0
873504126 2
530412687 0
127356804 2
127358604 2
736580412 0
736850412 0
127385604 2
738650412 0
275368041 0
275386041 0
756380412 0
756830412 0
275836041 0
758630412 0
635804127 2
638504127 2
653804127 0
658304127 0
683504127 2
685304127 0
127835604 2
783650412 0
278536041 0
785630412 0
863504127 2
865304127 0
128356704 2
128357604 2
836570412 0
836750412 0
128375604 2
837650412 0
285367041 0
285376041 0
856370412 0
856730412 0
285736041 0
857630412 0
635704128 2
637504128 2
041286537 0
304128657 0
673504128 2
530412867 0
128735604 2
873650412 0
287536041 0
875630412 0
763504128 2
653041287 0
413256780 0
413256870 0
413257680 0
413257860 0
413258670 0
413258760 0
657804132 0
658704132 0
675804132 0
678504132 0
685704132 0
687504132 0
413275680 0
413275860 0
765804132 0
768504132 0
413278560 0
786504132 0
413285670 0
413285760 0
865704132 0
867504132 0
413287560 0
876504132 0
780413526 0
870413526 0
804135276 0
041352786 0
704135286 0
041352876 0
278041356 0
287041356 0
728041356 0
782041356 0
827041356 0
872041356 0
804135726 0
041357286 0
280413576 0
820413576 0
041357826 0
204135786 0
704135826 0
041358276 0
270413586 0
720413586 0
041358726 0
204135876 0
578041362 0
587041362 0
758041362 0
785041362 0
857041362 0
875041362 0
780413652 2
870413652 2
280413657 2
820413657 2
270413658 2
720413658 2
580413672 0
850413672 0
804136752 2
204136758 2
504136782 0
041367852 2
570413682 0
750413682 0
704136852 2
204136857 2
504136872 0
041368752 2
413725680 0
413725860 0
658041372 0
685041372 0
413728560 0
865041372 0
804137526 0
041375286 0
280413756 0
820413756 0
041375826 0
204137586 0
580413762 0
850413762 0
804137652 2
204137658 2
504137682 0
041376852 2
413782560 0
650413782 0
041378526 0
204137856 0
504137862 0
041378652 2
413825670 0
413825760 0
657041382 0
675041382 0
413827560 0
765041382 0
704138526 0
041385276 0
270413856 0
720413856 0
041385726 0
204138576 0
570413862 0
750413862 0
704138652 2
204138657 2
504138672 0
041386752 2
413872560 0
650413872 0
041387526 0
204138756 0
504138762 0
041387652 2
152367804 0
152368704 0
152376804 0
152378604 0
152386704 0
152387604 0
637804152 2
638704152 2
673804152 2
678304152 2
683704152 2
687304152 2
152736804 0
152738604 0
763804152 2
768304152 2
152783604 0
786304152 2
152836704 0
152837604 0
863704152 2
867304152 2
152873604 0
876304152 2
532678041 2
532687041 2
532768041 2
532786041 2
532867041 2
532876041 2
804153627 0
041536287 0
280415367 0
820415367 0
041536827 0
204153687 0
537268041 2
537286041 2
628041537 0
682041537 0
537826041 2
862041537 0
538267041 2
538276041 2
041538627 0
204153867 0
538726041 2
620415387 0
804156237 2
704156238 2
041562738 2
415627830 2
041562837 2
415628730 2
780415632 0
870415632 0
804156372 0
041563782 0
704156382 0
041563872 0
041567238 2
415672830 2
804156732 0
041567382 0
415678230 2
041567832 0
041568237 2
415682730 2
704156832 0
041568372 0
415687230 2
041568732 0
157236804 0
157238604 0
263804157 2
268304157 2
157283604 0
286304157 2
573268041 2
573286041 2
362804157 0
368204157 0
573826041 2
386204157 0
041576238 2
415762830 2
804157632 0
041576382 0
415768230 2
041576832 0
157823604 0
826304157 2
578326041 2
836204157 0
415786230 2
041578632 0
158236704 0
158237604 0
263704158 2
267304158 2
158273604 0
276304158 2
583267041 2
583276041 2
041583627 0
204158367 0
583726041 2
620415837 0
041586237 2
415862730 2
704158632 0
041586372 0
415867230 2
041586732 0
158723604 0
726304158 2
587326041 2
362041587 0
415876230 2
041587632 0
235780416 0
235870416 0
237580416 0
237850416 0
238570416 0
238750416 0
625378041 0
625387041 0
625738041 0
625783041 0
625837041 0
625873041 0
273580416 0
273850416 0
627538041 0
627583041 0
278350416 0
627853041 0
283570416 0
283750416 0
628537041 0
628573041 0
287350416 0
628753041 0
632578041 0
632587041 0
632758041 0
632785041 0
632857041 0
632875041 0
352780416 2
352870416 2
357280416 2
357820416 2
358270416 2
358720416 2
637258041 0
637285041 0
375280416 2
375820416 2
637825041 0
378520416 2
638257041 0
638275041 0
385270416 2
385720416 2
638725041 0
387520416 2
165237804 0
165238704 0
165273804 0
165278304 0
165283704 0
165287304 0
416532780 0
416532870 0
416537280 0
416537820 0
416538270 0
416538720 0
165723804 0
165728304 0
416573280 0
416573820 0
165782304 0
416578320 0
165823704 0
165827304 0
416583270 0
416583720 0
165872304 0
416587320 0
723580416 0
723850416 0
672538041 0
672583041 0
728350416 0
672853041 0
673258041 0
673285041 0
735280416 2
735820416 2
673825041 0
738520416 2
167523804 0
167528304 0
416753280 0
416753820 0
167582304 0
416758320 0
782350416 0
678253041 0
678325041 0
783520416 2
167852304 0
416785320 0
823570416 0
823750416 0
682537041 0
682573041 0
827350416 0
682753041 0
683257041 0
683275041 0
835270416 2
835720416 2
683725041 0
837520416 2
168523704 0
168527304 0
416853270 0
416853720 0
168572304 0
416857320 0
872350416 0
687253041 0
687325041 0
873520416 2
168752304 0
416875320 0
172356804 2
172358604 2
365804172 0
368504172 0
172385604 2
386504172 0
725368041 0
725386041 0
563804172 0
568304172 0
725836041 0
586304172 0
358041726 2
385041726 2
265380417 0
265830417 0
835041726 2
268530417 0
172835604 2
836504172 0
728536041 0
856304172 0
635041728 2
286530417 0
417325680 0
417325860 0
658041732 0
685041732 0
417328560 0
865041732 0
804173526 0
041735286 0
280417356 0
820417356 0
041735826 0
204173586 0
580417362 0
850417362 0
804173652 2
204173658 2
504173682 0
041736852 2
417382560 0
650417382 0
041738526 0
204173856 0
504173862 0
041738652 2
175236804 0
175238604 0
638041752 2
683041752 2
175283604 0
863041752 2
753268041 2
753286041 2
536280417 0
536820417 0
753826041 2
538620417 0
041756238 2
417562830 2
804175632 0
041756382 0
417568230 2
041756832 0
175823604 0
263041758 2
758326041 2
583620417 0
417586230 2
041758632 0
235804176 0
238504176 0
762538041 0
762583041 0
283504176 0
762853041 0
763258041 0
763285041 0
635280417 2
635820417 2
763825041 0
638520417 2
176523804 0
176528304 0
417653280 0
417653820 0
176582304 0
417658320 0
823504176 0
768253041 0
768325041 0
683520417 2
176852304 0
417685320 0
178235604 2
365041782 0
782536041 0
563041782 0
350417826 2
826530417 0
417832560 0
650417832 0
041783526 0
204178356 0
504178362 0
041783652 2
178523604 0
630417852 2
785326041 2
853620417 0
417856230 2
041785632 0
235041786 0
786253041 0
786325041 0
863520417 2
178652304 0
417865320 0
182356704 2
182357604 2
365704182 0
367504182 0
182375604 2
376504182 0
825367041 0
825376041 0
563704182 0
567304182 0
825736041 0
576304182 0
357041826 2
375041826 2
041826537 0
304182657 0
735041826 2
530418267 0
182735604 2
736504182 0
827536041 0
756304182 0
635041827 2
653041827 0
418325670 0
418325760 0
657041832 0
675041832 0
418327560 0
765041832 0
704183526 0
041835276 0
270418356 0
720418356 0
041835726 0
204183576 0
570418362 0
750418362 0
704183652 2
204183657 2
504183672 0
041836752 2
418372560 0
650418372 0
041837526 0
204183756 0
504183762 0
041837652 2
185236704 0
185237604 0
637041852 2
673041852 2
185273604 0
763041852 2
853267041 2
853276041 2
041853627 0
204185367 0
853726041 2
620418537 0
041856237 2
418562730 2
704185632 0
041856372 0
418567230 2
041856732 0
185723604 0
263041857 2
857326041 2
362041857 0
418576230 2
041857632 0
235704186 0
237504186 0
862537041 0
862573041 0
273504186 0
862753041 0
863257041 0
863275041 0
635270418 2
635720418 2
863725041 0
637520418 2
186523704 0
186527304 0
418653270 0
418653720 0
186572304 0
418657320 0
723504186 0
867253041 0
867325041 0
673520418 2
186752304 0
418675320 0
187235604 2
365041872 0
872536041 0
563041872 0
350418726 2
265304187 0
418732560 0
650418732 0
041873526 0
204187356 0
504187362 0
041873652 2
187523604 0
630418752 2
875326041 2
536204187 0
418756230 2
041875632 0
235041876 0
876253041 0
876325041 0
763520418 2
187652304 0
418765320 0
804213567 0
042135687 0
680421357 0
860421357 0
042135867 0
604213587 0
657804213 2
658704213 2
675804213 2
678504213 2
685704213 2
687504213 2
568042137 0
586042137 0
765804213 2
768504213 2
856042137 0
786504213 2
042138567 0
604213857 0
865704213 2
867504213 2
560421387 0
876504213 2
536780421 0
536870421 0
537680421 0
537860421 0
538670421 0
538760421 0
156378042 0
156387042 0
156738042 0
156783042 0
156837042 0
156873042 0
573680421 0
573860421 0
157638042 0
157683042 0
578360421 0
157863042 0
583670421 0
583760421 0
158637042 0
158673042 0
587360421 0
158763042 0
635780421 0
635870421 0
637580421 0
637850421 0
638570421 0
638750421 0
216537804 0
216538704 0
216573804 0
216578304 0
216583704 0
216587304 0
673580421 0
673850421 0
216753804 0
216758304 0
678350421 0
216785304 0
683570421 0
683750421 0
216853704 0
216857304 0
687350421 0
216875304 0
356804217 0
358604217 0
365804217 2
368504217 2
385604217 0
386504217 2
753680421 0
753860421 0
175638042 0
175683042 0
758360421 0
175863042 0
763580421 0
763850421 0
217653804 0
217658304 0
768350421 0
217685304 0
835604217 0
836504217 2
785360421 0
178563042 0
786350421 0
217865304 0
042183567 0
604218357 0
365704218 2
367504218 2
560421837 0
376504218 2
853670421 0
853760421 0
185637042 0
185673042 0
857360421 0
185763042 0
863570421 0
863750421 0
218653704 0
218657304 0
867350421 0
218675304 0
356042187 0
736504218 2
875360421 0
187563042 0
876350421 0
218765304 0
315678042 2
315687042 2
315768042 2
315786042 2
315867042 2
315876042 2
165780423 0
165870423 0
167580423 0
167850423 0
168570423 0
168750423 0
317568042 2
317586042 2
176580423 0
176850423 0
317856042 2
178650423 0
318567042 2
318576042 2
186570423 0
186750423 0
318756042 2
187650423 0
235167804 0
235168704 0
235176804 0
235178604 0
235186704 0
235187604 0
423561780 0
423561870 0
423567180 0
423567810 0
423568170 0
423568710 0
235716804 0
235718604 0
423576180 0
423576810 0
235781604 0
423578610 0
235816704 0
235817604 0
423586170 0
423586710 0
235871604 0
423587610 0
361578042 0
361587042 0
361758042 0
361785042 0
361857042 0
361875042 0
651780423 2
651870423 2
657180423 2
657810423 2
658170423 2
658710423 2
367158042 0
367185042 0
675180423 2
675810423 2
367815042 0
678510423 2
368157042 0
368175042 0
685170423 2
685710423 2
368715042 0
687510423 2
371568042 2
371586042 2
716580423 0
716850423 0
371856042 2
718650423 0
237516804 0
237518604 0
423756180 0
423756810 0
237581604 0
423758610 0
376158042 0
376185042 0
765180423 2
765810423 2
376815042 0
768510423 2
378156042 2
781650423 0
237851604 0
423785610 0
378615042 0
786510423 2
381567042 2
381576042 2
816570423 0
816750423 0
381756042 2
817650423 0
238516704 0
238517604 0
423856170 0
423856710 0
238571604 0
423857610 0
386157042 0
386175042 0
865170423 2
865710423 2
386715042 0
867510423 2
387156042 2
871650423 0
238751604 0
423875610 0
387615042 0
876510423 2
367804251 2
368704251 2
376804251 2
378604251 2
386704251 2
387604251 2
251637804 0
251638704 0
251673804 0
251678304 0
251683704 0
251687304 0
736804251 2
738604251 2
251763804 0
251768304 0
783604251 2
251786304 0
836704251 2
837604251 2
251863704 0
251867304 0
873604251 2
251876304 0
425316780 0
425316870 0
425317680 0
425317860 0
425318670 0
425318760 0
253617804 2
253618704 2
253671804 2
253678104 2
253681704 2
253687104 2
425371680 0
425371860 0
253761804 2
253768104 2
425378160 0
253786104 2
425381670 0
425381760 0
253861704 2
253867104 2
425387160 0
253876104 2
425613780 0
425613870 0
425617380 0
425617830 0
425618370 0
425618730 0
804256317 0
042563187 0
180425637 0
810425637 0
042563817 0
104256387 0
425671380 0
425671830 0
318042567 0
381042567 0
425678130 0
831042567 0
425681370 0
425681730 0
042568317 0
104256837 0
425687130 0
310425687 0
136804257 2
138604257 2
257163804 0
257168304 0
183604257 2
257186304 0
425731680 0
425731860 0
257361804 2
257368104 2
425738160 0
257386104 2
425761380 0
425761830 0
631804257 0
638104257 0
425768130 0
683104257 0
813604257 2
257816304 0
425783160 0
257836104 2
425786130 0
863104257 0
136704258 2
137604258 2
258163704 0
258167304 0
173604258 2
258176304 0
425831670 0
425831760 0
258361704 2
258367104 2
425837160 0
258376104 2
425861370 0
425861730 0
042586317 0
104258637 0
425867130 0
310425867 0
713604258 2
258716304 0
425873160 0
258736104 2
425876130 0
631042587 0
357804261 0
358704261 0
375804261 0
378504261 0
385704261 0
387504261 0
426153780 0
426153870 0
426157380 0
426157830 0
426158370 0
426158730 0
735804261 0
738504261 0
426175380 0
426175830 0
783504261 0
426178530 0
835704261 0
837504261 0
426185370 0
426185730 0
873504261 0
426187530 0
578042631 0
587042631 0
758042631 0
785042631 0
857042631 0
875042631 0
780426351 0
870426351 0
804263571 0
042635781 0
704263581 0
042635871 0
580426371 0
850426371 0
804263751 0
042637581 0
504263781 0
042637851 0
570426381 0
750426381 0
704263851 0
042638571 0
504263871 0
042638751 0
780426513 0
870426513 0
804265173 0
042651783 0
704265183 0
042651873 0
804265317 2
704265318 2
042653718 2
426537810 2
042653817 2
426538710 2
804265713 0
042657183 0
042657318 2
426573810 2
042657813 0
426578310 2
704265813 0
042658173 0
042658317 2
426583710 2
042658713 0
426587310 2
358042671 0
385042671 0
426715380 0
426715830 0
835042671 0
426718530 0
580426731 0
850426731 0
804267351 0
042673581 0
504267381 0
042673851 0
804267513 0
042675183 0
042675318 2
426753810 2
042675813 0
426758310 2
350426781 0
426781530 0
504267831 0
042678351 0
042678513 0
426785310 2
357042681 0
375042681 0
426815370 0
426815730 0
735042681 0
426817530 0
570426831 0
750426831 0
704268351 0
042683571 0
504268371 0
042683751 0
704268513 0
042685173 0
042685317 2
426853710 2
042685713 0
426857310 2
350426871 0
426871530 0
504268731 0
042687351 0
042687513 0
426875310 2
135680427 0
135860427 0
658042713 2
685042713 2
138560427 0
865042713 2
536804271 0
538604271 0
715638042 0
715683042 0
583604271 0
715863042 0
635804271 0
638504271 0
271653804 0
271658304 0
683504271 0
271685304 0
183560427 0
365042718 2
853604271 0
718563042 0
863504271 0
271865304 0
731568042 2
731586042 2
165804273 0
168504273 0
731856042 2
186504273 0
273516804 0
273518604 0
427356180 0
427356810 0
273581604 0
427358610 0
736158042 0
736185042 0
365180427 2
365810427 2
736815042 0
368510427 2
738156042 2
816504273 0
273851604 0
427385610 0
738615042 0
386510427 2
368042751 2
386042751 2
275163804 0
275168304 0
836042751 2
275186304 0
427531680 0
427531860 0
275361804 2
275368104 2
427538160 0
275386104 2
427561380 0
427561830 0
563180427 0
563810427 0
427568130 0
568310427 0
136042758 2
275816304 0
427583160 0
275836104 2
427586130 0
586310427 0
358042761 0
385042761 0
427615380 0
427615830 0
835042761 0
427618530 0
580427631 0
850427631 0
804276351 0
042763581 0
504276381 0
042763851 0
804276513 0
042765183 0
042765318 2
427653810 2
042765813 0
427658310 2
350427681 0
427681530 0
504276831 0
042768351 0
042768513 0
427685310 2
813560427 0
650427813 2
536042781 0
781563042 0
635042781 0
278165304 0
783156042 2
165042783 0
278351604 0
427835610 0
783615042 0
836510427 2
360427851 2
278516304 0
427853160 0
278536104 2
427856130 0
856310427 0
350427861 0
427861530 0
504278631 0
042786351 0
042786513 0
427865310 2
042813567 0
604281357 0
657042813 2
675042813 2
560428137 0
765042813 2
536704281 0
537604281 0
815637042 0
815673042 0
573604281 0
815763042 0
635704281 0
637504281 0
281653704 0
281657304 0
673504281 0
281675304 0
356042817 0
365042817 2
753604281 0
817563042 0
763504281 0
281765304 0
831567042 2
831576042 2
165704283 0
167504283 0
831756042 2
176504283 0
283516704 0
283517604 0
428356170 0
428356710 0
283571604 0
428357610 0
836157042 0
836175042 0
365170428 2
365710428 2
836715042 0
367510428 2
837156042 2
716504283 0
283751604 0
428375610 0
837615042 0
376510428 2
367042851 2
376042851 2
285163704 0
285167304 0
736042851 2
285176304 0
428531670 0
428531760 0
285361704 2
285367104 2
428537160 0
285376104 2
428561370 0
428561730 0
042856317 0
104285637 0
428567130 0
310428567 0
136042857 2
285716304 0
428573160 0
285736104 2
428576130 0
631042857 0
357042861 0
375042861 0
428615370 0
428615730 0
735042861 0
428617530 0
570428631 0
750428631 0
704286351 0
042863571 0
504286371 0
042863751 0
704286513 0
042865173 0
042865317 2
428653710 2
042865713 0
428657310 2
350428671 0
428671530 0
504286731 0
042867351 0
042867513 0
428675310 2
135604287 0
650428713 2
536042871 0
871563042 0
635042871 0
287165304 0
873156042 2
165042873 0
287351604 0
428735610 0
873615042 0
736510428 2
360428751 2
287516304 0
428753160 0
287536104 2
428756130 0
563104287 0
350428761 0
428761530 0
504287631 0
042876351 0
042876513 0
428765310 2
780431256 0
870431256 0
804312576 0
043125786 0
704312586 0
043125876 0
578043126 0
587043126 0
758043126 0
785043126 0
857043126 0
875043126 0
804312756 0
043127586 0
580431276 0
850431276 0
043127856 0
504312786 0
704312856 0
043128576 0
570431286 0
750431286 0
043128756 0
504312876 0
804315267 2
704315268 2
043152768 2
431527860 2
043152867 2
431528760 2
780431562 0
870431562 0
804315672 0
043156782 0
704315682 0
043156872 0
043157268 2
431572860 2
804315762 0
043157682 0
431578260 2
043157862 0
043158267 2
431582760 2
704315862 0
043158672 0
431587260 2
043158762 0
257804316 0
258704316 0
275804316 0
278504316 0
285704316 0
287504316 0
431652780 0
431652870 0
431657280 0
431657820 0
431658270 0
431658720 0
725804316 0
728504316 0
431675280 0
431675820 0
782504316 0
431678520 0
825704316 0
827504316 0
431685270 0
431685720 0
872504316 0
431687520 0
804317256 0
043172586 0
580431726 0
850431726 0
043172856 0
504317286 0
043175268 2
431752860 2
804317562 0
043175682 0
431758260 2
043175862 0
258043176 0
285043176 0
431765280 0
431765820 0
825043176 0
431768520 0
043178256 0
504317826 0
431785260 2
043178562 0
250431786 0
431786520 0
704318256 0
043182576 0
570431826 0
750431826 0
043182756 0
504318276 0
043185267 2
431852760 2
704318562 0
043185672 0
431857260 2
043185762 0
257043186 0
275043186 0
431865270 0
431865720 0
725043186 0
431867520 0
043187256 0
504318726 0
431875260 2
043187562 0
250431876 0
431876520 0
321567804 0
321568704 0
321576804 0
321578604 0
321586704 0
321587604 0
216578043 0
216587043 0
216758043 0
216785043 0
216857043 0
216875043 0
321756804 0
321758604 0
217658043 0
217685043 0
321785604 0
217865043 0
321856704 0
321857604 0
218657043 0
218675043 0
321875604 0
218765043 0
432516780 0
432516870 0
432517680 0
432517860 0
432518670 0
432518760 0
325617804 0
325618704 0
325671804 0
325678104 0
325681704 0
325687104 0
432571680 0
432571860 0
325761804 0
325768104 0
432578160 0
325786104 0
432581670 0
432581760 0
325861704 0
325867104 0
432587160 0
325876104 0
615780432 0
615870432 0
617580432 0
617850432 0
618570432 0
618750432 0
265178043 0
265187043 0
265718043 0
265781043 0
265817043 0
265871043 0
671580432 0
671850432 0
267518043 0
267581043 0
678150432 0
267851043 0
681570432 0
681750432 0
268517043 0
268571043 0
687150432 0
268751043 0
327156804 0
327158604 0
271658043 0
271685043 0
327185604 0
271865043 0
432751680 0
432751860 0
327561804 0
327568104 0
432758160 0
327586104 0
761580432 0
761850432 0
276518043 0
276581043 0
768150432 0
276851043 0
327815604 0
278165043 0
432785160 0
327856104 0
786150432 0
278651043 0
328156704 0
328157604 0
281657043 0
281675043 0
328175604 0
281765043 0
432851670 0
432851760 0
328561704 0
328567104 0
432857160 0
328576104 0
861570432 0
861750432 0
286517043 0
286571043 0
867150432 0
286751043 0
328715604 0
287165043 0
432875160 0
328756104 0
876150432 0
287651043 0
804351267 0
043512687 0
680435127 0
860435127 0
043512867 0
604351287 0
516278043 2
516287043 2
516728043 2
516782043 2
516827043 2
516872043 2
268043517 0
286043517 0
517628043 2
517682043 2
826043517 0
517862043 2
043518267 0
604351827 0
518627043 2
518672043 2
260435187 0
518762043 2
780435216 0
870435216 0
804352176 0
043521786 0
704352186 0
043521876 0
804352617 2
704352618 2
043526718 2
435267810 2
043526817 2
435268710 2
804352716 0
043527186 0
043527618 2
435276810 2
043527816 0
435278610 2
704352816 0
043528176 0
043528617 2
435286710 2
043528716 0
435287610 2
356127804 0
356128704 0
356172804 0
356178204 0
356182704 0
356187204 0
562178043 0
562187043 0
562718043 0
562781043 0
562817043 0
562871043 0
356712804 0
356718204 0
567218043 0
567281043 0
356781204 0
567821043 0
356812704 0
356817204 0
568217043 0
568271043 0
356871204 0
568721043 0
126804357 0
128604357 0
571628043 2
571682043 2
182604357 0
571862043 2
804357216 0
043572186 0
043572618 2
435726810 2
043572816 0
435728610 2
357612804 0
357618204 0
576218043 0
576281043 0
357681204 0
576821043 0
812604357 0
578162043 2
043578216 0
435782610 2
357861204 0
578621043 0
043581267 0
604358127 0
581627043 2
581672043 2
260435817 0
581762043 2
704358216 0
043582176 0
043582617 2
435826710 2
043582716 0
435827610 2
358612704 0
358617204 0
586217043 0
586271043 0
358671204 0
586721043 0
126043587 0
587162043 2
043587216 0
435872610 2
358761204 0
587621043 0
578043612 2
587043612 2
758043612 2
785043612 2
857043612 2
875043612 2
361527804 2
361528704 2
361572804 2
361578204 2
361582704 2
361587204 2
258043617 2
285043617 2
361752804 2
361758204 2
825043617 2
361785204 2
257043618 2
275043618 2
361852704 2
361857204 2
725043618 2
361875204 2
157804362 0
158704362 0
175804362 0
178504362 0
185704362 0
187504362 0
804362517 0
043625187 0
180436257 0
810436257 0
043625817 0
104362587 0
715804362 0
718504362 0
518043627 0
581043627 0
781504362 0
851043627 0
815704362 0
817504362 0
043628517 0
104362857 0
871504362 0
510436287 0
651278043 0
651287043 0
651728043 0
651782043 0
651827043 0
651872043 0
521780436 2
521870436 2
527180436 2
527810436 2
528170436 2
528710436 2
657128043 0
657182043 0
572180436 2
572810436 2
657812043 0
578210436 2
658127043 0
658172043 0
582170436 2
582710436 2
658712043 0
587210436 2
580436712 2
850436712 2
367152804 2
367158204 2
250436718 2
367185204 2
158043672 0
185043672 0
251804367 0
258104367 0
815043672 0
285104367 0
675128043 0
675182043 0
752180436 2
752810436 2
675812043 0
758210436 2
504367812 2
367815204 2
150436782 0
825104367 0
678512043 0
785210436 2
570436812 2
750436812 2
368152704 2
368157204 2
250436817 2
368175204 2
157043682 0
175043682 0
043682517 0
104368257 0
715043682 0
510436827 0
685127043 0
685172043 0
852170436 2
852710436 2
685712043 0
857210436 2
504368712 2
368715204 2
150436872 0
251043687 0
687512043 0
875210436 2
804371256 0
043712586 0
580437126 0
850437126 0
043712856 0
504371286 0
043715268 2
437152860 2
804371562 0
043715682 0
437158260 2
043715862 0
258043716 0
285043716 0
437165280 0
437165820 0
825043716 0
437168520 0
043718256 0
504371826 0
437185260 2
043718562 0
250437186 0
437186520 0
372156804 0
372158604 0
721658043 0
721685043 0
372185604 0
721865043 0
437251680 0
437251860 0
372561804 0
372568104 0
437258160 0
372586104 0
615804372 0
618504372 0
726518043 0
726581043 0
681504372 0
726851043 0
372815604 0
728165043 0
437285160 0
372856104 0
861504372 0
728651043 0
512680437 0
512860437 0
751628043 2
751682043 2
518260437 0
751862043 2
804375216 0
043752186 0
043752618 2
437526810 2
043752816 0
437528610 2
375612804 0
375618204 0
756218043 0
756281043 0
375681204 0
756821043 0
581260437 0
758162043 2
043758216 0
437582610 2
375861204 0
758621043 0
580437612 2
850437612 2
376152804 2
376158204 2
250437618 2
376185204 2
158043762 0
185043762 0
625180437 0
625810437 0
815043762 0
628510437 0
765128043 0
765182043 0
652180437 2
652810437 2
765812043 0
658210437 2
504376812 2
376815204 2
150437682 0
682510437 0
768512043 0
685210437 2
043781256 0
504378126 0
437815260 2
043781562 0
250437816 0
437816520 0
378215604 0
782165043 0
437825160 0
378256104 0
615043782 0
782651043 0
851260437 0
785162043 2
043785216 0
437852610 2
378561204 0
785621043 0
504378612 2
378615204 2
150437862 0
862510437 0
786512043 0
865210437 2
704381256 0
043812576 0
570438126 0
750438126 0
043812756 0
504381276 0
043815267 2
438152760 2
704381562 0
043815672 0
438157260 2
043815762 0
257043816 0
275043816 0
438165270 0
438165720 0
725043816 0
438167520 0
043817256 0
504381726 0
438175260 2
043817562 0
250438176 0
438176520 0
382156704 0
382157604 0
821657043 0
821675043 0
382175604 0
821765043 0
438251670 0
438251760 0
382561704 0
382567104 0
438257160 0
382576104 0
615704382 0
617504382 0
826517043 0
826571043 0
671504382 0
826751043 0
382715604 0
827165043 0
438275160 0
382756104 0
761504382 0
827651043 0
043851267 0
604385127 0
851627043 2
851672043 2
260438517 0
851762043 2
704385216 0
043852176 0
043852617 2
438526710 2
043852716 0
438527610 2
385612704 0
385617204 0
856217043 0
856271043 0
385671204 0
856721043 0
126043857 0
857162043 2
043857216 0
438572610 2
385761204 0
857621043 0
570438612 2
750438612 2
386152704 2
386157204 2
250438617 2
386175204 2
157043862 0
175043862 0
043862517 0
104386257 0
715043862 0
510438627 0
865127043 0
865172043 0
652170438 2
652710438 2
865712043 0
657210438 2
504386712 2
386715204 2
150438672 0
251043867 0
867512043 0
675210438 2
043871256 0
504387126 0
438715260 2
043871562 0
250438716 0
438716520 0
387215604 0
872165043 0
438725160 0
387256104 0
615043872 0
872651043 0
512604387 0
875162043 2
043875216 0
438752610 2
387561204 0
875621043 0
504387612 2
387615204 2
150438762 0
625104387 0
876512043 0
765210438 2
367804512 0
368704512 0
376804512 0
378604512 0
386704512 0
387604512 0
263780451 0
263870451 0
267380451 0
267830451 0
268370451 0
268730451 0
736804512 0
738604512 0
276380451 0
276830451 0
783604512 0
278630451 0
836704512 0
837604512 0
286370451 0
286730451 0
873604512 0
287630451 0
678045132 0
687045132 0
768045132 0
786045132 0
867045132 0
876045132 0
780451362 2
870451362 2
280451367 2
820451367 2
270451368 2
720451368 2
680451372 0
860451372 0
804513762 2
204513768 2
604513782 0
045137862 2
670451382 0
760451382 0
704513862 2
204513867 2
604513872 0
045138762 2
780451623 0
870451623 0
804516273 0
045162783 0
704516283 0
045162873 0
278045163 0
287045163 0
728045163 0
782045163 0
827045163 0
872045163 0
804516723 0
045167283 0
280451673 0
820451673 0
045167823 0
204516783 0
704516823 0
045168273 0
270451683 0
720451683 0
045168723 0
204516873 0
368045172 0
386045172 0
726380451 0
726830451 0
836045172 0
728630451 0
680451732 0
860451732 0
804517362 2
204517368 2
604517382 0
045173862 2
804517623 0
045176283 0
280451763 0
820451763 0
045176823 0
204517683 0
360451782 0
782630451 0
604517832 0
045178362 2
045178623 0
204517863 0
367045182 0
376045182 0
826370451 0
826730451 0
736045182 0
827630451 0
670451832 0
760451832 0
704518362 2
204518367 2
604518372 0
045183762 2
704518623 0
045186273 0
270451863 0
720451863 0
045186723 0
204518673 0
360451872 0
872630451 0
604518732 0
045187362 2
045187623 0
204518763 0
136780452 0
136870452 0
137680452 0
137860452 0
138670452 0
138760452 0
637804521 0
638704521 0
673804521 0
678304521 0
683704521 0
687304521 0
173680452 0
173860452 0
763804521 0
768304521 0
178360452 0
786304521 0
183670452 0
183760452 0
863704521 0
867304521 0
187360452 0
876304521 0
780452316 0
870452316 0
804523176 0
045231786 0
704523186 0
045231876 0
178045236 0
187045236 0
718045236 0
781045236 0
817045236 0
871045236 0
804523716 0
045237186 0
180452376 0
810452376 0
045237816 0
104523786 0
704523816 0
045238176 0
170452386 0
710452386 0
045238716 0
104523876 0
378045261 2
387045261 2
738045261 2
783045261 2
837045261 2
873045261 2
317804526 0
318704526 0
371804526 0
378104526 0
381704526 0
387104526 0
138045267 2
183045267 2
731804526 0
738104526 0
813045267 2
783104526 0
137045268 2
173045268 2
831704526 0
837104526 0
713045268 2
873104526 0
713680452 0
713860452 0
638045271 0
683045271 0
718360452 0
863045271 0
804527316 0
045273186 0
180452736 0
810452736 0
045273816 0
104527386 0
380452761 2
830452761 2
318045276 0
381045276 0
130452768 2
831045276 0
781360452 0
630452781 0
045278316 0
104527836 0
304527861 2
310452786 0
813670452 0
813760452 0
637045281 0
673045281 0
817360452 0
763045281 0
704528316 0
045283176 0
170452836 0
710452836 0
045283716 0
104528376 0
370452861 2
730452861 2
317045286 0
371045286 0
130452867 2
731045286 0
871360452 0
630452871 0
045287316 0
104528736 0
304528761 2
310452876 0
780453126 2
870453126 2
680453127 2
860453127 2
670453128 2
760453128 2
278045316 0
287045316 0
728045316 0
782045316 0
827045316 0
872045316 0
804531726 2
604531728 2
280453176 0
820453176 0
045317826 2
204531786 0
704531826 2
604531827 2
270453186 0
720453186 0
045318726 2
204531876 0
678045321 0
687045321 0
768045321 0
786045321 0
867045321 0
876045321 0
780453261 0
870453261 0
804532671 0
045326781 0
704532681 0
045326871 0
680453271 0
860453271 0
804532761 0
045327681 0
604532781 0
045327861 0
670453281 0
760453281 0
704532861 0
045328671 0
604532871 0
045328761 0
127804536 0
128704536 0
172804536 0
178204536 0
182704536 0
187204536 0
621780453 0
621870453 0
627180453 0
627810453 0
628170453 0
628710453 0
712804536 0
718204536 0
672180453 0
672810453 0
781204536 0
678210453 0
812704536 0
817204536 0
682170453 0
682710453 0
871204536 0
687210453 0
804537126 2
604537128 2
280453716 0
820453716 0
045371826 2
204537186 0
680453721 0
860453721 0
804537261 0
045372681 0
604537281 0
045372861 0
128045376 0
182045376 0
762180453 0
762810453 0
812045376 0
768210453 0
045378126 2
204537816 0
604537821 0
045378261 0
120453786 0
786210453 0
704538126 2
604538127 2
270453816 0
720453816 0
045381726 2
204538176 0
670453821 0
760453821 0
704538261 0
045382671 0
604538271 0
045382761 0
127045386 0
172045386 0
862170453 0
862710453 0
712045386 0
867210453 0
045387126 2
204538716 0
604538721 0
045387261 0
120453876 0
876210453 0
378045612 0
387045612 0
738045612 0
783045612 0
837045612 0
873045612 0
780456132 0
870456132 0
804561372 0
045613782 0
704561382 0
045613872 0
380456172 0
830456172 0
804561732 0
045617382 0
304561782 0
045617832 0
370456182 0
730456182 0
704561832 0
045618372 0
304561872 0
045618732 0
137804562 0
138704562 0
173804562 0
178304562 0
183704562 0
187304562 0
178045623 2
187045623 2
718045623 2
781045623 2
817045623 2
871045623 2
713804562 0
718304562 0
318045627 2
381045627 2
781304562 0
831045627 2
813704562 0
817304562 0
317045628 2
371045628 2
871304562 0
731045628 2
312780456 0
312870456 0
317280456 0
317820456 0
318270456 0
318720456 0
217804563 0
218704563 0
271804563 0
278104563 0
281704563 0
287104563 0
371280456 0
371820456 0
721804563 0
728104563 0
378120456 0
782104563 0
381270456 0
381720456 0
821704563 0
827104563 0
387120456 0
872104563 0
380456712 0
830456712 0
804567132 0
045671382 0
304567182 0
045671832 0
138045672 0
183045672 0
180456723 2
810456723 2
813045672 0
310456728 2
731280456 0
731820456 0
218045673 0
281045673 0
738120456 0
821045673 0
304567812 0
045678132 0
130456782 0
104567823 2
783120456 0
210456783 0
370456812 0
730456812 0
704568132 0
045681372 0
304568172 0
045681732 0
137045682 0
173045682 0
170456823 2
710456823 2
713045682 0
310456827 2
831270456 0
831720456 0
217045683 0
271045683 0
837120456 0
721045683 0
304568712 0
045687132 0
130456872 0
104568723 2
873120456 0
210456873 0
368045712 0
386045712 0
263804571 0
268304571 0
836045712 0
286304571 0
680457132 0
860457132 0
804571362 2
204571368 2
604571382 0
045713862 2
804571623 0
045716283 0
280457163 0
820457163 0
045716823 0
204571683 0
360457182 0
826304571 0
604571832 0
045718362 2
045718623 0
204571863 0
136804572 0
138604572 0
638045721 0
683045721 0
183604572 0
863045721 0
804572316 0
045723186 0
180457236 0
810457236 0
045723816 0
104572386 0
380457261 2
830457261 2
318045726 0
381045726 0
130457268 2
831045726 0
813604572 0
630457281 0
045728316 0
104572836 0
304572861 2
310457286 0
804573126 2
604573128 2
280457316 0
820457316 0
045731826 2
204573186 0
680457321 0
860457321 0
804573261 0
045732681 0
604573281 0
045732861 0
128045736 0
182045736 0
621804573 0
628104573 0
812045736 0
682104573 0
045738126 2
204573816 0
604573821 0
045738261 0
120457386 0
862104573 0
380457612 0
830457612 0
804576132 0
045761382 0
304576182 0
045761832 0
138045762 0
183045762 0
180457623 2
810457623 2
813045762 0
310457628 2
312804576 0
318204576 0
218045763 0
281045763 0
381204576 0
821045763 0
304576812 0
045768132 0
130457682 0
104576823 2
831204576 0
210457683 0
360457812 0
263045781 0
604578132 0
045781362 2
045781623 0
204578163 0
136045782 0
630457821 0
045782316 0
104578236 0
304578261 2
310457826 0
045783126 2
204578316 0
604578321 0
045783261 0
120457836 0
621045783 0
304578612 0
045786132 0
130457862 0
104578623 2
312045786 0
210457863 0
367045812 0
376045812 0
263704581 0
267304581 0
736045812 0
276304581 0
670458132 0
760458132 0
704581362 2
204581367 2
604581372 0
045813762 2
704581623 0
045816273 0
270458163 0
720458163 0
045816723 0
204581673 0
360458172 0
726304581 0
604581732 0
045817362 2
045817623 0
204581763 0
136704582 0
137604582 0
637045821 0
673045821 0
173604582 0
763045821 0
704582316 0
045823176 0
170458236 0
710458236 0
045823716 0
104582376 0
370458261 2
730458261 2
317045826 0
371045826 0
130458267 2
731045826 0
713604582 0
630458271 0
045827316 0
104582736 0
304582761 2
310458276 0
704583126 2
604583127 2
270458316 0
720458316 0
045831726 2
204583176 0
670458321 0
760458321 0
704583261 0
045832671 0
604583271 0
045832761 0
127045836 0
172045836 0
621704583 0
627104583 0
712045836 0
672104583 0
045837126 2
204583716 0
604583721 0
045837261 0
120458376 0
762104583 0
370458612 0
730458612 0
704586132 0
045861372 0
304586172 0
045861732 0
137045862 0
173045862 0
170458623 2
710458623 2
713045862 0
310458627 2
312704586 0
317204586 0
217045863 0
271045863 0
371204586 0
721045863 0
304586712 0
045867132 0
130458672 0
104586723 2
731204586 0
210458673 0
360458712 0
263045871 0
604587132 0
045871362 2
045871623 0
204587163 0
136045872 0
630458721 0
045872316 0
104587236 0
304587261 2
310458726 0
045873126 2
204587316 0
604587321 0
045873261 0
120458736 0
621045873 0
304587612 0
045876132 0
130458762 0
104587623 2
312045876 0
210458763 0
123578046 0
123587046 0
123758046 0
123785046 0
123857046 0
123875046 0
253780461 2
253870461 2
257380461 2
257830461 2
258370461 2
258730461 2
127358046 0
127385046 0
275380461 2
275830461 2
127835046 0
278530461 2
128357046 0
128375046 0
285370461 2
285730461 2
128735046 0
287530461 2
325780461 0
325870461 0
327580461 0
327850461 0
328570461 0
328750461 0
135278046 0
135287046 0
135728046 0
135782046 0
135827046 0
135872046 0
372580461 0
372850461 0
137528046 0
137582046 0
378250461 0
137852046 0
382570461 0
382750461 0
138527046 0
138572046 0
387250461 0
138752046 0
461523780 0
461523870 0
461527380 0
461527830 0
461528370 0
461528730 0
615327804 0
615328704 0
615372804 0
615378204 0
615382704 0
615387204 0
461572380 0
461572830 0
615732804 0
615738204 0
461578230 0
615783204 0
461582370 0
461582730 0
615832704 0
615837204 0
461587230 0
615873204 0
172358046 0
172385046 0
725380461 2
725830461 2
172835046 0
728530461 2
732580461 0
732850461 0
173528046 0
173582046 0
738250461 0
173852046 0
461752380 0
461752830 0
617532804 0
617538204 0
461758230 0
617583204 0
178235046 0
782530461 2
783250461 0
178352046 0
461785230 0
617853204 0
182357046 0
182375046 0
825370461 2
825730461 2
182735046 0
827530461 2
832570461 0
832750461 0
183527046 0
183572046 0
837250461 0
183752046 0
461852370 0
461852730 0
618532704 0
618537204 0
461857230 0
618573204 0
187235046 0
872530461 2
873250461 0
187352046 0
461875230 0
618753204 0
578046213 0
587046213 0
758046213 0
785046213 0
857046213 0
875046213 0
780462153 0
870462153 0
804621573 0
046215783 0
704621583 0
046215873 0
580462173 0
850462173 0
804621753 0
046217583 0
504621783 0
046217853 0
570462183 0
750462183 0
704621853 0
046218573 0
504621873 0
046218753 0
157804623 0
158704623 0
175804623 0
178504623 0
185704623 0
187504623 0
462351780 0
462351870 0
462357180 0
462357810 0
462358170 0
462358710 0
715804623 0
718504623 0
462375180 0
462375810 0
781504623 0
462378510 0
815704623 0
817504623 0
462385170 0
462385710 0
871504623 0
462387510 0
804625137 2
704625138 2
046251738 2
462517830 2
046251837 2
462518730 2
780462531 0
870462531 0
804625371 0
046253781 0
704625381 0
046253871 0
046257138 2
462571830 2
804625731 0
046257381 0
462578130 2
046257831 0
046258137 2
462581730 2
704625831 0
046258371 0
462587130 2
046258731 0
580462713 0
850462713 0
804627153 0
046271583 0
504627183 0
046271853 0
158046273 0
185046273 0
462735180 0
462735810 0
815046273 0
462738510 0
046275138 2
462751830 2
804627531 0
046275381 0
462758130 2
046275831 0
504627813 0
046278153 0
150462783 0
462783510 0
462785130 2
046278531 0
570462813 0
750462813 0
704628153 0
046281573 0
504628173 0
046281753 0
157046283 0
175046283 0
462835170 0
462835710 0
715046283 0
462837510 0
046285137 2
462851730 2
704628531 0
046285371 0
462857130 2
046285731 0
504628713 0
046287153 0
150462873 0
462873510 0
462875130 2
046287531 0
257804631 0
258704631 0
275804631 0
278504631 0
285704631 0
287504631 0
804631527 0
046315287 0
280463157 0
820463157 0
046315827 0
204631587 0
725804631 0
728504631 0
528046317 0
582046317 0
782504631 0
852046317 0
825704631 0
827504631 0
046318527 0
204631857 0
872504631 0
520463187 0
578046321 2
587046321 2
758046321 2
785046321 2
857046321 2
875046321 2
632517804 0
632518704 0
632571804 0
632578104 0
632581704 0
632587104 0
158046327 2
185046327 2
632751804 0
632758104 0
815046327 2
632785104 0
157046328 2
175046328 2
632851704 0
632857104 0
715046328 2
632875104 0
512780463 0
512870463 0
517280463 0
517820463 0
518270463 0
518720463 0
352178046 0
352187046 0
352718046 0
352781046 0
352817046 0
352871046 0
571280463 0
571820463 0
357218046 0
357281046 0
578120463 0
357821046 0
581270463 0
581720463 0
358217046 0
358271046 0
587120463 0
358721046 0
258046371 0
285046371 0
152804637 0
158204637 0
825046371 0
185204637 0
580463721 2
850463721 2
637251804 0
637258104 0
150463728 2
637285104 0
751280463 0
751820463 0
375218046 0
375281046 0
758120463 0
375821046 0
250463781 0
815204637 0
504637821 2
637825104 0
785120463 0
378521046 0
257046381 0
275046381 0
046381527 0
204638157 0
725046381 0
520463817 0
570463821 2
750463821 2
638251704 0
638257104 0
150463827 2
638275104 0
851270463 0
851720463 0
385217046 0
385271046 0
857120463 0
385721046 0
250463871 0
152046387 0
504638721 2
638725104 0
875120463 0
387521046 0
651237804 2
651238704 2
651273804 2
651278304 2
651283704 2
651287304 2
465132780 0
465132870 0
465137280 0
465137820 0
465138270 0
465138720 0
651723804 2
651728304 2
465173280 0
465173820 0
651782304 2
465178320 0
651823704 2
651827304 2
465183270 0
465183720 0
651872304 2
465187320 0
804652137 0
046521387 0
380465217 0
830465217 0
046521837 0
304652187 0
523178046 2
523187046 2
523718046 2
523781046 2
523817046 2
523871046 2
138046527 0
183046527 0
527318046 2
527381046 2
813046527 0
527831046 2
046528137 0
304652817 0
528317046 2
528371046 2
130465287 0
528731046 2
127804653 2
128704653 2
172804653 2
178204653 2
182704653 2
187204653 2
653217804 0
653218704 0
653271804 0
653278104 0
653281704 0
653287104 0
712804653 2
718204653 2
653721804 0
653728104 0
781204653 2
653782104 0
812704653 2
817204653 2
653821704 0
653827104 0
871204653 2
653872104 0
657123804 2
657128304 2
465713280 0
465713820 0
657182304 2
465718320 0
213804657 0
218304657 0
572318046 2
572381046 2
281304657 0
572831046 2
312804657 2
318204657 2
657321804 0
657328104 0
381204657 2
657382104 0
657812304 2
465781320 0
821304657 0
578231046 2
831204657 2
657832104 0
658123704 2
658127304 2
465813270 0
465813720 0
658172304 2
465817320 0
046582137 0
304658217 0
582317046 2
582371046 2
130465827 0
582731046 2
312704658 2
317204658 2
658321704 0
658327104 0
371204658 2
658372104 0
658712304 2
465871320 0
213046587 0
587231046 2
731204658 2
658732104 0
712358046 0
712385046 0
125380467 2
125830467 2
712835046 0
128530467 2
325804671 0
328504671 0
713528046 0
713582046 0
382504671 0
713852046 0
467152380 0
467152830 0
671532804 0
671538204 0
467158230 0
671583204 0
718235046 0
182530467 2
832504671 0
718352046 0
467185230 0
671853204 0
580467213 0
850467213 0
804672153 0
046721583 0
504672183 0
046721853 0
158046723 0
185046723 0
467235180 0
467235810 0
815046723 0
467238510 0
046725138 2
467251830 2
804672531 0
046725381 0
467258130 2
046725831 0
504672813 0
046728153 0
150467283 0
467283510 0
467285130 2
046728531 0
258046731 0
285046731 0
315280467 0
315820467 0
825046731 0
318520467 0
580467321 2
850467321 2
673251804 0
673258104 0
150467328 2
673285104 0
512804673 0
518204673 0
735218046 0
735281046 0
581204673 0
735821046 0
250467381 0
381520467 0
504673821 2
673825104 0
851204673 0
738521046 0
675123804 2
675128304 2
467513280 0
467513820 0
675182304 2
467518320 0
521380467 0
521830467 0
752318046 2
752381046 2
528130467 0
752831046 2
128046753 2
182046753 2
675321804 0
675328104 0
812046753 2
675382104 0
675812304 2
467581320 0
582130467 0
758231046 2
312046758 2
675832104 0
781235046 0
812530467 2
325046781 0
781352046 0
467815230 0
678153204 0
504678213 0
046782153 0
150467823 0
467823510 0
467825130 2
046782531 0
250467831 0
831520467 0
504678321 2
678325104 0
512046783 0
783521046 0
678512304 2
467851320 0
852130467 0
785231046 2
120467853 2
678532104 0
812357046 0
812375046 0
125370468 2
125730468 2
812735046 0
127530468 2
325704681 0
327504681 0
813527046 0
813572046 0
372504681 0
813752046 0
468152370 0
468152730 0
681532704 0
681537204 0
468157230 0
681573204 0
817235046 0
172530468 2
732504681 0
817352046 0
468175230 0
681753204 0
570468213 0
750468213 0
704682153 0
046821573 0
504682173 0
046821753 0
157046823 0
175046823 0
468235170 0
468235710 0
715046823 0
468237510 0
046825137 2
468251730 2
704682531 0
046825371 0
468257130 2
046825731 0
504682713 0
046827153 0
150468273 0
468273510 0
468275130 2
046827531 0
257046831 0
275046831 0
046831527 0
204683157 0
725046831 0
520468317 0
570468321 2
750468321 2
683251704 0
683257104 0
150468327 2
683275104 0
512704683 0
517204683 0
835217046 0
835271046 0
571204683 0
835721046 0
250468371 0
152046837 0
504683721 2
683725104 0
751204683 0
837521046 0
685123704 2
685127304 2
468513270 0
468513720 0
685172304 2
468517320 0
046852137 0
304685217 0
852317046 2
852371046 2
130468527 0
852731046 2
127046853 2
172046853 2
685321704 0
685327104 0
712046853 2
685372104 0
685712304 2
468571320 0
213046857 0
857231046 2
312046857 2
685732104 0
871235046 0
712530468 2
325046871 0
871352046 0
468715230 0
687153204 0
504687213 0
046872153 0
150468723 0
468723510 0
468725130 2
046872531 0
250468731 0
315204687 0
504687321 2
687325104 0
512046873 0
873521046 0
687512304 2
468751320 0
521304687 0
875231046 2
120468753 2
687532104 0
712356804 2
712358604 2
365804712 0
368504712 0
712385604 2
386504712 0
253680471 0
253860471 0
563804712 0
568304712 0
258360471 0
586304712 0
358047126 2
385047126 2
126538047 0
126583047 0
835047126 2
126853047 0
712835604 2
836504712 0
285360471 0
856304712 0
635047128 2
128653047 0
471325680 0
471325860 0
658047132 0
685047132 0
471328560 0
865047132 0
804713526 0
047135286 0
280471356 0
820471356 0
047135826 0
204713586 0
580471362 0
850471362 0
804713652 2
204713658 2
504713682 0
047136852 2
471382560 0
650471382 0
047138526 0
204713856 0
504713862 0
047138652 2
715236804 0
715238604 0
638047152 2
683047152 2
715283604 0
863047152 2
153268047 2
153286047 2
153628047 0
153682047 0
153826047 2
153862047 0
047156238 2
471562830 2
804715632 0
047156382 0
471568230 2
047156832 0
715823604 0
263047158 2
158326047 2
158362047 0
471586230 2
047158632 0
235804716 0
238504716 0
625380471 0
625830471 0
283504716 0
628530471 0
632580471 0
632850471 0
352804716 2
358204716 2
638250471 0
385204716 2
716523804 0
716528304 0
471653280 0
471653820 0
716582304 0
471658320 0
823504716 0
682530471 0
683250471 0
835204716 2
716852304 0
471685320 0
718235604 2
365047182 0
825360471 0
563047182 0
350471826 2
182653047 0
471832560 0
650471832 0
047183526 0
204718356 0
504718362 0
047183652 2
718523604 0
630471852 2
185326047 2
185362047 0
471856230 2
047185632 0
235047186 0
862530471 0
863250471 0
635204718 2
718652304 0
471865320 0
213568047 0
213586047 0
658047213 2
685047213 2
213856047 0
865047213 2
536804721 0
538604721 0
156380472 0
156830472 0
583604721 0
158630472 0
635804721 0
638504721 0
721653804 0
721658304 0
683504721 0
721685304 0
218356047 0
365047218 2
853604721 0
185630472 0
863504721 0
721865304 0
231568047 2
231586047 2
165804723 0
168504723 0
231856047 2
186504723 0
723516804 0
723518604 0
472356180 0
472356810 0
723581604 0
472358610 0
361580472 0
361850472 0
651804723 2
658104723 2
368150472 0
685104723 2
238156047 2
816504723 0
723851604 0
472385610 0
386150472 0
865104723 2
368047251 2
386047251 2
725163804 0
725168304 0
836047251 2
725186304 0
472531680 0
472531860 0
725361804 2
725368104 2
472538160 0
725386104 2
472561380 0
472561830 0
256318047 0
256381047 0
472568130 0
256831047 0
136047258 2
725816304 0
472583160 0
725836104 2
472586130 0
258631047 0
358047261 0
385047261 0
472615380 0
472615830 0
835047261 0
472618530 0
580472631 0
850472631 0
804726351 0
047263581 0
504726381 0
047263851 0
804726513 0
047265183 0
047265318 2
472653810 2
047265813 0
472658310 2
350472681 0
472681530 0
504726831 0
047268351 0
047268513 0
472685310 2
281356047 0
650472813 2
536047281 0
815630472 0
635047281 0
728165304 0
283156047 2
165047283 0
728351604 0
472835610 0
836150472 0
365104728 2
360472851 2
728516304 0
472853160 0
728536104 2
472856130 0
285631047 0
350472861 0
472861530 0
504728631 0
047286351 0
047286513 0
472865310 2
804731256 0
047312586 0
580473126 0
850473126 0
047312856 0
504731286 0
047315268 2
473152860 2
804731562 0
047315682 0
473158260 2
047315862 0
258047316 0
285047316 0
473165280 0
473165820 0
825047316 0
473168520 0
047318256 0
504731826 0
473185260 2
047318562 0
250473186 0
473186520 0
732156804 0
732158604 0
216580473 0
216850473 0
732185604 0
218650473 0
473251680 0
473251860 0
732561804 0
732568104 0
473258160 0
732586104 0
615804732 0
618504732 0
265180473 0
265810473 0
681504732 0
268510473 0
732815604 0
281650473 0
473285160 0
732856104 0
861504732 0
286510473 0
351268047 0
351286047 0
351628047 2
351682047 2
351826047 0
351862047 2
804735216 0
047352186 0
047352618 2
473526810 2
047352816 0
473528610 2
735612804 0
735618204 0
562180473 0
562810473 0
735681204 0
568210473 0
358126047 0
358162047 2
047358216 0
473582610 2
735861204 0
586210473 0
580473612 2
850473612 2
736152804 2
736158204 2
250473618 2
736185204 2
158047362 0
185047362 0
362518047 0
362581047 0
815047362 0
362851047 0
651280473 0
651820473 0
521804736 2
528104736 2
658120473 0
582104736 2
504736812 2
736815204 2
150473682 0
368251047 0
685120473 0
852104736 2
047381256 0
504738126 0
473815260 2
047381562 0
250473816 0
473816520 0
738215604 0
821650473 0
473825160 0
738256104 0
615047382 0
826510473 0
385126047 0
385162047 2
047385216 0
473852610 2
738561204 0
856210473 0
504738612 2
738615204 2
150473862 0
386251047 0
865120473 0
652104738 2
368047512 0
386047512 0
263804751 0
268304751 0
836047512 0
286304751 0
680475132 0
860475132 0
804751362 2
204751368 2
604751382 0
047513862 2
804751623 0
047516283 0
280475163 0
820475163 0
047516823 0
204751683 0
360475182 0
826304751 0
604751832 0
047518362 2
047518623 0
204751863 0
136804752 0
138604752 0
638047521 0
683047521 0
183604752 0
863047521 0
804752316 0
047523186 0
180475236 0
810475236 0
047523816 0
104752386 0
380475261 2
830475261 2
318047526 0
381047526 0
130475268 2
831047526 0
813604752 0
630475281 0
047528316 0
104752836 0
304752861 2
310475286 0
804753126 2
604753128 2
280475316 0
820475316 0
047531826 2
204753186 0
680475321 0
860475321 0
804753261 0
047532681 0
604753281 0
047532861 0
128047536 0
182047536 0
621804753 0
628104753 0
812047536 0
682104753 0
047538126 2
204753816 0
604753821 0
047538261 0
120475386 0
862104753 0
380475612 0
830475612 0
804756132 0
047561382 0
304756182 0
047561832 0
138047562 0
183047562 0
180475623 2
810475623 2
813047562 0
310475628 2
312804756 0
318204756 0
218047563 0
281047563 0
381204756 0
821047563 0
304756812 0
047568132 0
130475682 0
104756823 2
831204756 0
210475683 0
360475812 0
263047581 0
604758132 0
047581362 2
047581623 0
204758163 0
136047582 0
630475821 0
047582316 0
104758236 0
304758261 2
310475826 0
047583126 2
204758316 0
604758321 0
047583261 0
120475836 0
621047583 0
304758612 0
047586132 0
130475862 0
104758623 2
312047586 0
210475863 0
123580476 0
123850476 0
253804761 2
258304761 2
128350476 0
285304761 2
325804761 0
328504761 0
135280476 0
135820476 0
382504761 0
138520476 0
476152380 0
476152830 0
761532804 0
761538204 0
476158230 0
761583204 0
182350476 0
825304761 2
832504761 0
183520476 0
476185230 0
761853204 0
580476213 0
850476213 0
804762153 0
047621583 0
504762183 0
047621853 0
158047623 0
185047623 0
476235180 0
476235810 0
815047623 0
476238510 0
047625138 2
476251830 2
804762531 0
047625381 0
476258130 2
047625831 0
504762813 0
047628153 0
150476283 0
476283510 0
476285130 2
047628531 0
258047631 0
285047631 0
631528047 0
631582047 0
825047631 0
631852047 0
580476321 2
850476321 2
763251804 0
763258104 0
150476328 2
763285104 0
512804763 0
518204763 0
352180476 0
352810476 0
581204763 0
358210476 0
250476381 0
638152047 0
504763821 2
763825104 0
851204763 0
385210476 0
765123804 2
765128304 2
476513280 0
476513820 0
765182304 2
476518320 0
652138047 0
652183047 0
652318047 2
652381047 2
652813047 0
652831047 2
128047653 2
182047653 2
765321804 0
765328104 0
812047653 2
765382104 0
765812304 2
476581320 0
658213047 0
658231047 2
312047658 2
765832104 0
812350476 0
125304768 2
325047681 0
813520476 0
476815230 0
768153204 0
504768213 0
047682153 0
150476823 0
476823510 0
476825130 2
047682531 0
250476831 0
683152047 0
504768321 2
768325104 0
512047683 0
835210476 0
768512304 2
476851320 0
685213047 0
685231047 2
120476853 2
768532104 0
781235604 2
365047812 0
253604781 0
563047812 0
350478126 2
812653047 0
478132560 0
650478132 0
047813526 0
204781356 0
504781362 0
047813652 2
781523604 0
630478152 2
815326047 2
815362047 0
478156230 2
047815632 0
235047816 0
625304781 0
632504781 0
352047816 2
781652304 0
478165320 0
821356047 0
650478213 2
536047821 0
156304782 0
635047821 0
782165304 0
823156047 2
165047823 0
782351604 0
478235610 0
361504782 0
651047823 2
360478251 2
782516304 0
478253160 0
782536104 2
478256130 0
825631047 0
350478261 0
478261530 0
504782631 0
047826351 0
047826513 0
478265310 2
047831256 0
504783126 0
478315260 2
047831562 0
250478316 0
478316520 0
783215604 0
216504783 0
478325160 0
783256104 0
615047832 0
265104783 0
835126047 0
835162047 2
047835216 0
478352610 2
783561204 0
562104783 0
504783612 2
783615204 2
150478362 0
836251047 0
651204783 0
521047836 2
360478512 0
263047851 0
604785132 0
047851362 2
047851623 0
204785163 0
136047852 0
630478521 0
047852316 0
104785236 0
304785261 2
310478526 0
047853126 2
204785316 0
604785321 0
047853261 0
120478536 0
621047853 0
304785612 0
047856132 0
130478562 0
104785623 2
312047856 0
210478563 0
123504786 0
253047861 2
325047861 0
135204786 0
478615230 0
786153204 0
504786213 0
047862153 0
150478623 0
478623510 0
478625130 2
047862531 0
250478631 0
863152047 0
504786321 2
786325104 0
512047863 0
352104786 0
786512304 2
478651320 0
865213047 0
865231047 2
120478653 2
786532104 0
812356704 2
812357604 2
365704812 0
367504812 0
812375604 2
376504812 0
253670481 0
253760481 0
563704812 0
567304812 0
257360481 0
576304812 0
357048126 2
375048126 2
048126537 0
304812657 0
735048126 2
530481267 0
812735604 2
736504812 0
275360481 0
756304812 0
635048127 2
653048127 0
481325670 0
481325760 0
657048132 0
675048132 0
481327560 0
765048132 0
704813526 0
048135276 0
270481356 0
720481356 0
048135726 0
204813576 0
570481362 0
750481362 0
704813652 2
204813657 2
504813672 0
048136752 2
481372560 0
650481372 0
048137526 0
204813756 0
504813762 0
048137652 2
815236704 0
815237604 0
637048152 2
673048152 2
815273604 0
763048152 2
153267048 2
153276048 2
048153627 0
204815367 0
153726048 2
620481537 0
048156237 2
481562730 2
704815632 0
048156372 0
481567230 2
048156732 0
815723604 0
263048157 2
157326048 2
362048157 0
481576230 2
048157632 0
235704816 0
237504816 0
625370481 0
625730481 0
273504816 0
627530481 0
632570481 0
632750481 0
352704816 2
357204816 2
637250481 0
375204816 2
816523704 0
816527304 0
481653270 0
481653720 0
816572304 0
481657320 0
723504816 0
672530481 0
673250481 0
735204816 2
816752304 0
481675320 0
817235604 2
365048172 0
725360481 0
563048172 0
350481726 2
265304817 0
481732560 0
650481732 0
048173526 0
204817356 0
504817362 0
048173652 2
817523604 0
630481752 2
175326048 2
536204817 0
481756230 2
048175632 0
235048176 0
762530481 0
763250481 0
635204817 2
817652304 0
481765320 0
048213567 0
604821357 0
657048213 2
675048213 2
560482137 0
765048213 2
536704821 0
537604821 0
156370482 0
156730482 0
573604821 0
157630482 0
635704821 0
637504821 0
821653704 0
821657304 0
673504821 0
821675304 0
356048217 0
365048217 2
753604821 0
175630482 0
763504821 0
821765304 0
231567048 2
231576048 2
165704823 0
167504823 0
231756048 2
176504823 0
823516704 0
823517604 0
482356170 0
482356710 0
823571604 0
482357610 0
361570482 0
361750482 0
651704823 2
657104823 2
367150482 0
675104823 2
237156048 2
716504823 0
823751604 0
482375610 0
376150482 0
765104823 2
367048251 2
376048251 2
825163704 0
825167304 0
736048251 2
825176304 0
482531670 0
482531760 0
825361704 2
825367104 2
482537160 0
825376104 2
482561370 0
482561730 0
048256317 0
104825637 0
482567130 0
310482567 0
136048257 2
825716304 0
482573160 0
825736104 2
482576130 0
631048257 0
357048261 0
375048261 0
482615370 0
482615730 0
735048261 0
482617530 0
570482631 0
750482631 0
704826351 0
048263571 0
504826371 0
048263751 0
704826513 0
048265173 0
048265317 2
482653710 2
048265713 0
482657310 2
350482671 0
482671530 0
504826731 0
048267351 0
048267513 0
482675310 2
135604827 0
650482713 2
536048271 0
715630482 0
635048271 0
827165304 0
273156048 2
165048273 0
827351604 0
482735610 0
736150482 0
365104827 2
360482751 2
827516304 0
482753160 0
827536104 2
482756130 0
563104827 0
350482761 0
482761530 0
504827631 0
048276351 0
048276513 0
482765310 2
704831256 0
048312576 0
570483126 0
750483126 0
048312756 0
504831276 0
048315267 2
483152760 2
704831562 0
048315672 0
483157260 2
048315762 0
257048316 0
275048316 0
483165270 0
483165720 0
725048316 0
483167520 0
048317256 0
504831726 0
483175260 2
048317562 0
250483176 0
483176520 0
832156704 0
832157604 0
216570483 0
216750483 0
832175604 0
217650483 0
483251670 0
483251760 0
832561704 0
832567104 0
483257160 0
832576104 0
615704832 0
617504832 0
265170483 0
265710483 0
671504832 0
267510483 0
832715604 0
271650483 0
483275160 0
832756104 0
761504832 0
276510483 0
048351267 0
604835127 0
351627048 2
351672048 2
260483517 0
351762048 2
704835216 0
048352176 0
048352617 2
483526710 2
048352716 0
483527610 2
835612704 0
835617204 0
562170483 0
562710483 0
835671204 0
567210483 0
126048357 0
357162048 2
048357216 0
483572610 2
835761204 0
576210483 0
570483612 2
750483612 2
836152704 2
836157204 2
250483617 2
836175204 2
157048362 0
175048362 0
048362517 0
104836257 0
715048362 0
510483627 0
651270483 0
651720483 0
521704836 2
527104836 2
657120483 0
572104836 2
504836712 2
836715204 2
150483672 0
251048367 0
675120483 0
752104836 2
048371256 0
504837126 0
483715260 2
048371562 0
250483716 0
483716520 0
837215604 0
721650483 0
483725160 0
837256104 0
615048372 0
726510483 0
512604837 0
375162048 2
048375216 0
483752610 2
837561204 0
756210483 0
504837612 2
837615204 2
150483762 0
625104837 0
765120483 0
652104837 2
367048512 0
376048512 0
263704851 0
267304851 0
736048512 0
276304851 0
670485132 0
760485132 0
704851362 2
204851367 2
604851372 0
048513762 2
704851623 0
048516273 0
270485163 0
720485163 0
048516723 0
204851673 0
360485172 0
726304851 0
604851732 0
048517362 2
048517623 0
204851763 0
136704852 0
137604852 0
637048521 0
673048521 0
173604852 0
763048521 0
704852316 0
048523176 0
170485236 0
710485236 0
048523716 0
104852376 0
370485261 2
730485261 2
317048526 0
371048526 0
130485267 2
731048526 0
713604852 0
630485271 0
048527316 0
104852736 0
304852761 2
310485276 0
704853126 2
604853127 2
270485316 0
720485316 0
048531726 2
204853176 0
670485321 0
760485321 0
704853261 0
048532671 0
604853271 0
048532761 0
127048536 0
172048536 0
621704853 0
627104853 0
712048536 0
672104853 0
048537126 2
204853716 0
604853721 0
048537261 0
120485376 0
762104853 0
370485612 0
730485612 0
704856132 0
048561372 0
304856172 0
048561732 0
137048562 0
173048562 0
170485623 2
710485623 2
713048562 0
310485627 2
312704856 0
317204856 0
217048563 0
271048563 0
371204856 0
721048563 0
304856712 0
048567132 0
130485672 0
104856723 2
731204856 0
210485673 0
360485712 0
263048571 0
604857132 0
048571362 2
048571623 0
204857163 0
136048572 0
630485721 0
048572316 0
104857236 0
304857261 2
310485726 0
048573126 2
204857316 0
604857321 0
048573261 0
120485736 0
621048573 0
304857612 0
048576132 0
130485762 0
104857623 2
312048576 0
210485763 0
123570486 0
123750486 0
253704861 2
257304861 2
127350486 0
275304861 2
325704861 0
327504861 0
135270486 0
135720486 0
372504861 0
137520486 0
486152370 0
486152730 0
861532704 0
861537204 0
486157230 0
861573204 0
172350486 0
725304861 2
732504861 0
173520486 0
486175230 0
861753204 0
570486213 0
750486213 0
704862153 0
048621573 0
504862173 0
048621753 0
157048623 0
175048623 0
486235170 0
486235710 0
715048623 0
486237510 0
048625137 2
486251730 2
704862531 0
048625371 0
486257130 2
048625731 0
504862713 0
048627153 0
150486273 0
486273510 0
486275130 2
048627531 0
257048631 0
275048631 0
048631527 0
204863157 0
725048631 0
520486317 0
570486321 2
750486321 2
863251704 0
863257104 0
150486327 2
863275104 0
512704863 0
517204863 0
352170486 0
352710486 0
571204863 0
357210486 0
250486371 0
152048637 0
504863721 2
863725104 0
751204863 0
375210486 0
865123704 2
865127304 2
486513270 0
486513720 0
865172304 2
486517320 0
048652137 0
304865217 0
652317048 2
652371048 2
130486527 0
652731048 2
127048653 2
172048653 2
865321704 0
865327104 0
712048653 2
865372104 0
865712304 2
486571320 0
213048657 0
657231048 2
312048657 2
865732104 0
712350486 0
125304867 2
325048671 0
713520486 0
486715230 0
867153204 0
504867213 0
048672153 0
150486723 0
486723510 0
486725130 2
048672531 0
250486731 0
315204867 0
504867321 2
867325104 0
512048673 0
735210486 0
867512304 2
486751320 0
521304867 0
675231048 2
120486753 2
867532104 0
871235604 2
365048712 0
253604871 0
563048712 0
350487126 2
126530487 0
487132560 0
650487132 0
048713526 0
204871356 0
504871362 0
048713652 2
871523604 0
630487152 2
715326048 2
153620487 0
487156230 2
048715632 0
235048716 0
625304871 0
632504871 0
352048716 2
871652304 0
487165320 0
213560487 0
650487213 2
536048721 0
156304872 0
635048721 0
872165304 0
723156048 2
165048723 0
872351604 0
487235610 0
361504872 0
651048723 2
360487251 2
872516304 0
487253160 0
872536104 2
487256130 0
256310487 0
350487261 0
487261530 0
504872631 0
048726351 0
048726513 0
487265310 2
048731256 0
504873126 0
487315260 2
048731562 0
250487316 0
487316520 0
873215604 0
216504873 0
487325160 0
873256104 0
615048732 0
265104873 0
351260487 0
735162048 2
048735216 0
487352610 2
873561204 0
562104873 0
504873612 2
873615204 2
150487362 0
362510487 0
651204873 0
521048736 2
360487512 0
263048751 0
604875132 0
048751362 2
048751623 0
204875163 0
136048752 0
630487521 0
048752316 0
104875236 0
304875261 2
310487526 0
048753126 2
204875316 0
604875321 0
048753261 0
120487536 0
621048753 0
304875612 0
048756132 0
130487562 0
104875623 2
312048756 0
210487563 0
123504876 0
253048761 2
325048761 0
135204876 0
487615230 0
876153204 0
504876213 0
048762153 0
150487623 0
487623510 0
487625130 2
048762531 0
250487631 0
631520487 0
504876321 2
876325104 0
512048763 0
352104876 0
876512304 2
487651320 0
652130487 0
765231048 2
120487653 2
876532104 0
805123467 0
051234687 0
680512347 0
860512347 0
051234867 0
605123487 0
647805123 0
648705123 0
674805123 0
678405123 0
684705123 0
687405123 0
468051237 0
486051237 0
764805123 0
768405123 0
846051237 0
786405123 0
051238467 0
605123847 0
864705123 0
867405123 0
460512387 0
876405123 0
436780512 0
436870512 0
437680512 0
437860512 0
438670512 0
438760512 0
246378051 0
246387051 0
246738051 0
246783051 0
246837051 0
246873051 0
473680512 0
473860512 0
247638051 0
247683051 0
478360512 0
247863051 0
483670512 0
483760512 0
248637051 0
248673051 0
487360512 0
248763051 0
478051263 2
487051263 2
748051263 2
784051263 2
847051263 2
874051263 2
126437805 0
126438705 0
126473805 0
126478305 0
126483705 0
126487305 0
348051267 2
384051267 2
126743805 0
126748305 0
834051267 2
126784305 0
347051268 2
374051268 2
126843705 0
126847305 0
734051268 2
126874305 0
346805127 0
348605127 0
648051273 0
684051273 0
384605127 0
864051273 0
743680512 0
743860512 0
274638051 0
274683051 0
748360512 0
274863051 0
480512763 2
840512763 2
127643805 0
127648305 0
340512768 2
127684305 0
834605127 0
640512783 0
784360512 0
278463051 0
405127863 2
127864305 0
051283467 0
605128347 0
647051283 0
674051283 0
460512837 0
764051283 0
843670512 0
843760512 0
284637051 0
284673051 0
847360512 0
284763051 0
470512863 2
740512863 2
128643705 0
128647305 0
340512867 2
128674305 0
346051287 0
640512873 0
874360512 0
287463051 0
405128763 2
128764305 0
324678051 0
324687051 0
324768051 0
324786051 0
324867051 0
324876051 0
264780513 0
264870513 0
267480513 0
267840513 0
268470513 0
268740513 0
327468051 0
327486051 0
276480513 0
276840513 0
327846051 0
278640513 0
328467051 0
328476051 0
286470513 0
286740513 0
328746051 0
287640513 0
134267805 0
134268705 0
134276805 0
134278605 0
134286705 0
134287605 0
513462780 0
513462870 0
513467280 0
513467820 0
513468270 0
513468720 0
134726805 0
134728605 0
513476280 0
513476820 0
134782605 0
513478620 0
134826705 0
134827605 0
513486270 0
513486720 0
134872605 0
513487620 0
362478051 0
362487051 0
362748051 0
362784051 0
362847051 0
362874051 0
642780513 2
642870513 2
647280513 2
647820513 2
648270513 2
648720513 2
367248051 0
367284051 0
674280513 2
674820513 2
367824051 0
678420513 2
368247051 0
368274051 0
684270513 2
684720513 2
368724051 0
687420513 2
372468051 0
372486051 0
726480513 0
726840513 0
372846051 0
728640513 0
137426805 0
137428605 0
513746280 0
513746820 0
137482605 0
513748620 0
376248051 0
376284051 0
764280513 2
764820513 2
376824051 0
768420513 2
378246051 0
782640513 0
137842605 0
513784620 0
378624051 0
786420513 2
382467051 0
382476051 0
826470513 0
826740513 0
382746051 0
827640513 0
138426705 0
138427605 0
513846270 0
513846720 0
138472605 0
513847620 0
386247051 0
386274051 0
864270513 2
864720513 2
386724051 0
867420513 2
387246051 0
872640513 0
138742605 0
513874620 0
387624051 0
876420513 2
367805142 2
368705142 2
376805142 2
378605142 2
386705142 2
387605142 2
142637805 0
142638705 0
142673805 0
142678305 0
142683705 0
142687305 0
736805142 2
738605142 2
142763805 0
142768305 0
783605142 2
142786305 0
836705142 2
837605142 2
142863705 0
142867305 0
873605142 2
142876305 0
514326780 0
514326870 0
514327680 0
514327860 0
514328670 0
514328760 0
143627805 2
143628705 2
143672805 2
143678205 2
143682705 2
143687205 2
514372680 0
514372860 0
143762805 2
143768205 2
514378260 0
143786205 2
514382670 0
514382760 0
143862705 2
143867205 2
514387260 0
143876205 2
462378051 2
462387051 2
462738051 2
462783051 2
462837051 2
462873051 2
805146327 0
051463287 0
280514637 0
820514637 0
051463827 0
205146387 0
467238051 2
467283051 2
328051467 0
382051467 0
467823051 2
832051467 0
468237051 2
468273051 2
051468327 0
205146837 0
468723051 2
320514687 0
236805147 2
238605147 2
147263805 0
147268305 0
283605147 2
147286305 0
514732680 0
514732860 0
147362805 2
147368205 2
514738260 0
147386205 2
476238051 2
476283051 2
632805147 0
638205147 0
476823051 2
683205147 0
823605147 2
147826305 0
514783260 0
147836205 2
478623051 2
863205147 0
236705148 2
237605148 2
148263705 0
148267305 0
273605148 2
148276305 0
514832670 0
514832760 0
148362705 2
148367205 2
514837260 0
148376205 2
486237051 2
486273051 2
051486327 0
205148637 0
486723051 2
320514867 0
723605148 2
148726305 0
514873260 0
148736205 2
487623051 2
632051487 0
347805162 0
348705162 0
374805162 0
378405162 0
384705162 0
387405162 0
516243780 0
516243870 0
516247380 0
516247830 0
516248370 0
516248730 0
734805162 0
738405162 0
516274380 0
516274830 0
783405162 0
516278430 0
834705162 0
837405162 0
516284370 0
516284730 0
873405162 0
516287430 0
478051632 0
487051632 0
748051632 0
784051632 0
847051632 0
874051632 0
780516342 0
870516342 0
805163472 0
051634782 0
705163482 0
051634872 0
480516372 0
840516372 0
805163742 0
051637482 0
405163782 0
051637842 0
470516382 0
740516382 0
705163842 0
051638472 0
405163872 0
051638742 0
780516423 0
870516423 0
805164273 0
051642783 0
705164283 0
051642873 0
805164327 2
705164328 2
051643728 2
516437820 2
051643827 2
516438720 2
805164723 0
051647283 0
051647328 2
516473820 2
051647823 0
516478320 2
705164823 0
051648273 0
051648327 2
516483720 2
051648723 0
516487320 2
348051672 0
384051672 0
516724380 0
516724830 0
834051672 0
516728430 0
480516732 0
840516732 0
805167342 0
051673482 0
405167382 0
051673842 0
805167423 0
051674283 0
051674328 2
516743820 2
051674823 0
516748320 2
340516782 0
516782430 0
405167832 0
051678342 0
051678423 0
516784320 2
347051682 0
374051682 0
516824370 0
516824730 0
734051682 0
516827430 0
470516832 0
740516832 0
705168342 0
051683472 0
405168372 0
051683742 0
705168423 0
051684273 0
051684327 2
516843720 2
051684723 0
516847320 2
340516872 0
516872430 0
405168732 0
051687342 0
051687423 0
516874320 2
234680517 0
234860517 0
648051723 0
684051723 0
238460517 0
864051723 0
436805172 0
438605172 0
724638051 0
724683051 0
483605172 0
724863051 0
480517263 2
840517263 2
172643805 0
172648305 0
340517268 2
172684305 0
283460517 0
640517283 0
843605172 0
728463051 0
405172863 2
172864305 0
732468051 0
732486051 0
264805173 0
268405173 0
732846051 0
286405173 0
173426805 0
173428605 0
517346280 0
517346820 0
173482605 0
517348620 0
736248051 0
736284051 0
364280517 2
364820517 2
736824051 0
368420517 2
738246051 0
826405173 0
173842605 0
517384620 0
738624051 0
386420517 2
368051742 2
386051742 2
174263805 0
174268305 0
836051742 2
174286305 0
517432680 0
517432860 0
174362805 2
174368205 2
517438260 0
174386205 2
746238051 2
746283051 2
463280517 0
463820517 0
746823051 2
468320517 0
236051748 2
174826305 0
517483260 0
174836205 2
748623051 2
486320517 0
348051762 0
384051762 0
517624380 0
517624830 0
834051762 0
517628430 0
480517632 0
840517632 0
805176342 0
051763482 0
405176382 0
051763842 0
805176423 0
051764283 0
051764328 2
517643820 2
051764823 0
517648320 2
340517682 0
517682430 0
405176832 0
051768342 0
051768423 0
517684320 2
823460517 0
640517823 0
436051782 0
782463051 0
405178263 2
178264305 0
783246051 0
264051783 0
178342605 0
517834620 0
783624051 0
836420517 2
360517842 2
178426305 0
517843260 0
178436205 2
784623051 2
846320517 0
340517862 0
517862430 0
405178632 0
051786342 0
051786423 0
517864320 2
051823467 0
605182347 0
647051823 0
674051823 0
460518237 0
764051823 0
436705182 0
437605182 0
824637051 0
824673051 0
473605182 0
824763051 0
470518263 2
740518263 2
182643705 0
182647305 0
340518267 2
182674305 0
346051827 0
640518273 0
743605182 0
827463051 0
405182763 2
182764305 0
832467051 0
832476051 0
264705183 0
267405183 0
832746051 0
276405183 0
183426705 0
183427605 0
518346270 0
518346720 0
183472605 0
518347620 0
836247051 0
836274051 0
364270518 2
364720518 2
836724051 0
367420518 2
837246051 0
726405183 0
183742605 0
518374620 0
837624051 0
376420518 2
367051842 2
376051842 2
184263705 0
184267305 0
736051842 2
184276305 0
518432670 0
518432760 0
184362705 2
184367205 2
518437260 0
184376205 2
846237051 2
846273051 2
051846327 0
205184637 0
846723051 2
320518467 0
236051847 2
184726305 0
518473260 0
184736205 2
847623051 2
632051847 0
347051862 0
374051862 0
518624370 0
518624730 0
734051862 0
518627430 0
470518632 0
740518632 0
705186342 0
051863472 0
405186372 0
051863742 0
705186423 0
051864273 0
051864327 2
518643720 2
051864723 0
518647320 2
340518672 0
518672430 0
405186732 0
051867342 0
051867423 0
518674320 2
234605187 0
640518723 0
436051872 0
872463051 0
405187263 2
187264305 0
873246051 0
264051873 0
187342605 0
518734620 0
873624051 0
736420518 2
360518742 2
187426305 0
518743260 0
187436205 2
874623051 2
463205187 0
340518762 0
518762430 0
405187632 0
051876342 0
051876423 0
518764320 2
213467805 0
213468705 0
213476805 0
213478605 0
213486705 0
213487605 0
478052136 2
487052136 2
748052136 2
784052136 2
847052136 2
874052136 2
213746805 0
213748605 0
648052137 2
684052137 2
213784605 0
864052137 2
213846705 0
213847605 0
647052138 2
674052138 2
213874605 0
764052138 2
143678052 0
143687052 0
143768052 0
143786052 0
143867052 0
143876052 0
463780521 0
463870521 0
467380521 0
467830521 0
468370521 0
468730521 0
147368052 0
147386052 0
476380521 0
476830521 0
147836052 0
478630521 0
148367052 0
148376052 0
486370521 0
486730521 0
148736052 0
487630521 0
347805216 0
348705216 0
374805216 0
378405216 0
384705216 0
387405216 0
805216437 0
052164387 0
380521647 0
830521647 0
052164837 0
305216487 0
734805216 0
738405216 0
438052167 0
483052167 0
783405216 0
843052167 0
834705216 0
837405216 0
052168437 0
305216847 0
873405216 0
430521687 0
217346805 0
217348605 0
480521736 2
840521736 2
217384605 0
640521738 2
174368052 0
174386052 0
746380521 0
746830521 0
174836052 0
748630521 0
348052176 0
384052176 0
643805217 0
648305217 0
834052176 0
684305217 0
217834605 0
405217836 2
178436052 0
784630521 0
340521786 0
864305217 0
218346705 0
218347605 0
470521836 2
740521836 2
218374605 0
640521837 2
184367052 0
184376052 0
846370521 0
846730521 0
184736052 0
847630521 0
347052186 0
374052186 0
052186437 0
305218647 0
734052186 0
430521867 0
218734605 0
405218736 2
187436052 0
874630521 0
340521876 0
643052187 0
523146780 0
523146870 0
523147680 0
523147860 0
523148670 0
523148760 0
647805231 0
648705231 0
674805231 0
678405231 0
684705231 0
687405231 0
523174680 0
523174860 0
764805231 0
768405231 0
523178460 0
786405231 0
523184670 0
523184760 0
864705231 0
867405231 0
523187460 0
876405231 0
780523416 0
870523416 0
805234176 0
052341786 0
705234186 0
052341876 0
178052346 0
187052346 0
718052346 0
781052346 0
817052346 0
871052346 0
805234716 0
052347186 0
180523476 0
810523476 0
052347816 0
105234786 0
705234816 0
052348176 0
170523486 0
710523486 0
052348716 0
105234876 0
478052361 0
487052361 0
748052361 0
784052361 0
847052361 0
874052361 0
780523641 2
870523641 2
180523647 2
810523647 2
170523648 2
710523648 2
480523671 0
840523671 0
805236741 2
105236748 2
405236781 0
052367841 2
470523681 0
740523681 0
705236841 2
105236847 2
405236871 0
052368741 2
523714680 0
523714860 0
648052371 0
684052371 0
523718460 0
864052371 0
805237416 0
052374186 0
180523746 0
810523746 0
052374816 0
105237486 0
480523761 0
840523761 0
805237641 2
105237648 2
405237681 0
052376841 2
523781460 0
640523781 0
052378416 0
105237846 0
405237861 0
052378641 2
523814670 0
523814760 0
647052381 0
674052381 0
523817460 0
764052381 0
705238416 0
052384176 0
170523846 0
710523846 0
052384716 0
105238476 0
470523861 0
740523861 0
705238641 2
105238647 2
405238671 0
052386741 2
523871460 0
640523871 0
052387416 0
105238746 0
405238761 0
052387641 2
241367805 0
241368705 0
241376805 0
241378605 0
241386705 0
241387605 0
637805241 2
638705241 2
673805241 2
678305241 2
683705241 2
687305241 2
241736805 0
241738605 0
763805241 2
768305241 2
241783605 0
786305241 2
241836705 0
241837605 0
863705241 2
867305241 2
241873605 0
876305241 2
431678052 2
431687052 2
431768052 2
431786052 2
431867052 2
431876052 2
805243617 0
052436187 0
180524367 0
810524367 0
052436817 0
105243687 0
437168052 2
437186052 2
618052437 0
681052437 0
437816052 2
861052437 0
438167052 2
438176052 2
052438617 0
105243867 0
438716052 2
610524387 0
524613780 0
524613870 0
524617380 0
524617830 0
524618370 0
524618730 0
246317805 2
246318705 2
246371805 2
246378105 2
246381705 2
246387105 2
524671380 0
524671830 0
246731805 2
246738105 2
524678130 0
246783105 2
524681370 0
524681730 0
246831705 2
246837105 2
524687130 0
246873105 2
247136805 0
247138605 0
163805247 2
168305247 2
247183605 0
186305247 2
473168052 2
473186052 2
361805247 0
368105247 0
473816052 2
386105247 0
524761380 0
524761830 0
247631805 2
247638105 2
524768130 0
247683105 2
247813605 0
816305247 2
478316052 2
836105247 0
524786130 0
247863105 2
248136705 0
248137605 0
163705248 2
167305248 2
248173605 0
176305248 2
483167052 2
483176052 2
052483617 0
105248367 0
483716052 2
610524837 0
524861370 0
524861730 0
248631705 2
248637105 2
524867130 0
248673105 2
248713605 0
716305248 2
487316052 2
361052487 0
524876130 0
248763105 2
134780526 0
134870526 0
137480526 0
137840526 0
138470526 0
138740526 0
614378052 0
614387052 0
614738052 0
614783052 0
614837052 0
614873052 0
173480526 0
173840526 0
617438052 0
617483052 0
178340526 0
617843052 0
183470526 0
183740526 0
618437052 0
618473052 0
187340526 0
618743052 0
631478052 0
631487052 0
631748052 0
631784052 0
631847052 0
631874052 0
263417805 0
263418705 0
263471805 0
263478105 0
263481705 0
263487105 0
637148052 0
637184052 0
263741805 0
263748105 0
637814052 0
263784105 0
638147052 0
638174052 0
263841705 0
263847105 0
638714052 0
263874105 0
264137805 0
264138705 0
264173805 0
264178305 0
264183705 0
264187305 0
526431780 0
526431870 0
526437180 0
526437810 0
526438170 0
526438710 0
264713805 0
264718305 0
526473180 0
526473810 0
264781305 0
526478310 0
264813705 0
264817305 0
526483170 0
526483710 0
264871305 0
526487310 0
713480526 0
713840526 0
671438052 0
671483052 0
718340526 0
671843052 0
673148052 0
673184052 0
267341805 0
267348105 0
673814052 0
267384105 0
267413805 0
267418305 0
526743180 0
526743810 0
267481305 0
526748310 0
781340526 0
678143052 0
678314052 0
267834105 0
267841305 0
526784310 0
813470526 0
813740526 0
681437052 0
681473052 0
817340526 0
681743052 0
683147052 0
683174052 0
268341705 0
268347105 0
683714052 0
268374105 0
268413705 0
268417305 0
526843170 0
526843710 0
268471305 0
526847310 0
871340526 0
687143052 0
687314052 0
268734105 0
268741305 0
526874310 0
271346805 0
271348605 0
480527136 2
840527136 2
271384605 0
640527138 2
714368052 0
714386052 0
463805271 0
468305271 0
714836052 0
486305271 0
348052716 0
384052716 0
164380527 0
164830527 0
834052716 0
168430527 0
271834605 0
405271836 2
718436052 0
846305271 0
340527186 0
186430527 0
527314680 0
527314860 0
648052731 0
684052731 0
527318460 0
864052731 0
805273416 0
052734186 0
180527346 0
810527346 0
052734816 0
105273486 0
480527361 0
840527361 0
805273641 2
105273648 2
405273681 0
052736841 2
527381460 0
640527381 0
052738416 0
105273846 0
405273861 0
052738641 2
274136805 0
274138605 0
638052741 2
683052741 2
274183605 0
863052741 2
743168052 2
743186052 2
436180527 0
436810527 0
743816052 2
438610527 0
527461380 0
527461830 0
274631805 2
274638105 2
527468130 0
274683105 2
274813605 0
163052748 2
748316052 2
483610527 0
527486130 0
274863105 2
134805276 0
138405276 0
761438052 0
761483052 0
183405276 0
761843052 0
763148052 0
763184052 0
276341805 0
276348105 0
763814052 0
276384105 0
276413805 0
276418305 0
527643180 0
527643810 0
276481305 0
527648310 0
813405276 0
768143052 0
768314052 0
276834105 0
276841305 0
527684310 0
278134605 0
405278136 2
781436052 0
463052781 0
340527816 0
816430527 0
527831460 0
640527831 0
052783416 0
105278346 0
405278361 0
052783641 2
278413605 0
630527841 2
784316052 2
843610527 0
527846130 0
278463105 2
134052786 0
786143052 0
786314052 0
278634105 0
278641305 0
527864310 0
281346705 0
281347605 0
470528136 2
740528136 2
281374605 0
640528137 2
814367052 0
814376052 0
463705281 0
467305281 0
814736052 0
476305281 0
347052816 0
374052816 0
052816437 0
305281647 0
734052816 0
430528167 0
281734605 0
405281736 2
817436052 0
746305281 0
340528176 0
643052817 0
528314670 0
528314760 0
647052831 0
674052831 0
528317460 0
764052831 0
705283416 0
052834176 0
170528346 0
710528346 0
052834716 0
105283476 0
470528361 0
740528361 0
705283641 2
105283647 2
405283671 0
052836741 2
528371460 0
640528371 0
052837416 0
105283746 0
405283761 0
052837641 2
284136705 0
284137605 0
637052841 2
673052841 2
284173605 0
763052841 2
843167052 2
843176052 2
052843617 0
105284367 0
843716052 2
610528437 0
528461370 0
528461730 0
284631705 2
284637105 2
528467130 0
284673105 2
284713605 0
163052847 2
847316052 2
361052847 0
528476130 0
284763105 2
134705286 0
137405286 0
861437052 0
861473052 0
173405286 0
861743052 0
863147052 0
863174052 0
286341705 0
286347105 0
863714052 0
286374105 0
286413705 0
286417305 0
528643170 0
528643710 0
286471305 0
528647310 0
713405286 0
867143052 0
867314052 0
286734105 0
286741305 0
528674310 0
287134605 0
405287136 2
871436052 0
463052871 0
340528716 0
164305287 0
528731460 0
640528731 0
052873416 0
105287346 0
405287361 0
052873641 2
287413605 0
630528741 2
874316052 2
436105287 0
528746130 0
287463105 2
134052876 0
876143052 0
876314052 0
287634105 0
287641305 0
528764310 0
246780531 2
246870531 2
247680531 2
247860531 2
248670531 2
248760531 2
126478053 0
126487053 0
126748053 0
126784053 0
126847053 0
126874053 0
274680531 2
274860531 2
127648053 0
127684053 0
278460531 2
127864053 0
284670531 2
284760531 2
128647053 0
128674053 0
287460531 2
128764053 0
531426780 0
531426870 0
531427680 0
531427860 0
531428670 0
531428760 0
314627805 0
314628705 0
314672805 0
314678205 0
314682705 0
314687205 0
531472680 0
531472860 0
314762805 0
314768205 0
531478260 0
314786205 0
531482670 0
531482760 0
314862705 0
314867205 0
531487260 0
314876205 0
624780531 0
624870531 0
627480531 0
627840531 0
628470531 0
628740531 0
164278053 0
164287053 0
164728053 0
164782053 0
164827053 0
164872053 0
672480531 0
672840531 0
167428053 0
167482053 0
678240531 0
167842053 0
682470531 0
682740531 0
168427053 0
168472053 0
687240531 0
168742053 0
724680531 2
724860531 2
172648053 0
172684053 0
728460531 2
172864053 0
531742680 0
531742860 0
317462805 0
317468205 0
531748260 0
317486205 0
762480531 0
762840531 0
176428053 0
176482053 0
768240531 0
176842053 0
782460531 2
178264053 0
531784260 0
317846205 0
786240531 0
178642053 0
824670531 2
824760531 2
182647053 0
182674053 0
827460531 2
182764053 0
531842670 0
531842760 0
318462705 0
318467205 0
531847260 0
318476205 0
862470531 0
862740531 0
186427053 0
186472053 0
867240531 0
186742053 0
872460531 2
187264053 0
531874260 0
318746205 0
876240531 0
187642053 0
780532146 0
870532146 0
805321476 0
053214786 0
705321486 0
053214876 0
478053216 0
487053216 0
748053216 0
784053216 0
847053216 0
874053216 0
805321746 0
053217486 0
480532176 0
840532176 0
053217846 0
405321786 0
705321846 0
053218476 0
470532186 0
740532186 0
053218746 0
405321876 0
805324167 2
705324168 2
053241768 2
532417860 2
053241867 2
532418760 2
780532461 0
870532461 0
805324671 0
053246781 0
705324681 0
053246871 0
053247168 2
532471860 2
805324761 0
053247681 0
532478160 2
053247861 0
053248167 2
532481760 2
705324861 0
053248671 0
532487160 2
053248761 0
147805326 0
148705326 0
174805326 0
178405326 0
184705326 0
187405326 0
532641780 0
532641870 0
532647180 0
532647810 0
532648170 0
532648710 0
714805326 0
718405326 0
532674180 0
532674810 0
781405326 0
532678410 0
814705326 0
817405326 0
532684170 0
532684710 0
871405326 0
532687410 0
805327146 0
053271486 0
480532716 0
840532716 0
053271846 0
405327186 0
053274168 2
532741860 2
805327461 0
053274681 0
532748160 2
053274861 0
148053276 0
184053276 0
532764180 0
532764810 0
814053276 0
532768410 0
053278146 0
405327816 0
532784160 2
053278461 0
140532786 0
532786410 0
705328146 0
053281476 0
470532816 0
740532816 0
053281746 0
405328176 0
053284167 2
532841760 2
705328461 0
053284671 0
532847160 2
053284761 0
147053286 0
174053286 0
532864170 0
532864710 0
714053286 0
532867410 0
053287146 0
405328716 0
532874160 2
053287461 0
140532876 0
532876410 0
341267805 2
341268705 2
341276805 2
341278605 2
341286705 2
341287605 2
534162780 0
534162870 0
534167280 0
534167820 0
534168270 0
534168720 0
341726805 2
341728605 2
534176280 0
534176820 0
341782605 2
534178620 0
341826705 2
341827605 2
534186270 0
534186720 0
341872605 2
534187620 0
805342167 0
053421687 0
680534217 0
860534217 0
053421867 0
605342187 0
534261780 0
534261870 0
534267180 0
534267810 0
534268170 0
534268710 0
168053427 0
186053427 0
534276180 0
534276810 0
816053427 0
534278610 0
053428167 0
605342817 0
534286170 0
534286710 0
160534287 0
534287610 0
127805346 2
128705346 2
172805346 2
178205346 2
182705346 2
187205346 2
346217805 0
346218705 0
346271805 0
346278105 0
346281705 0
346287105 0
712805346 2
718205346 2
346721805 0
346728105 0
781205346 2
346782105 0
812705346 2
817205346 2
346821705 0
346827105 0
871205346 2
346872105 0
347126805 2
347128605 2
534716280 0
534716820 0
347182605 2
534718620 0
216805347 0
218605347 0
534726180 0
534726810 0
281605347 0
534728610 0
612805347 2
618205347 2
347621805 0
347628105 0
681205347 2
347682105 0
347812605 2
534781620 0
821605347 0
534782610 0
861205347 2
347862105 0
348126705 2
348127605 2
534816270 0
534816720 0
348172605 2
534817620 0
053482167 0
605348217 0
534826170 0
534826710 0
160534827 0
534827610 0
612705348 2
617205348 2
348621705 0
348627105 0
671205348 2
348672105 0
348712605 2
534871620 0
216053487 0
534872610 0
761205348 2
348762105 0
247805361 0
248705361 0
274805361 0
278405361 0
284705361 0
287405361 0
805361427 0
053614287 0
280536147 0
820536147 0
053614827 0
205361487 0
724805361 0
728405361 0
428053617 0
482053617 0
782405361 0
842053617 0
824705361 0
827405361 0
053618427 0
205361847 0
872405361 0
420536187 0
478053621 2
487053621 2
748053621 2
784053621 2
847053621 2
874053621 2
362417805 0
362418705 0
362471805 0
362478105 0
362481705 0
362487105 0
148053627 2
184053627 2
362741805 0
362748105 0
814053627 2
362784105 0
147053628 2
174053628 2
362841705 0
362847105 0
714053628 2
362874105 0
412780536 0
412870536 0
417280536 0
417820536 0
418270536 0
418720536 0
642178053 0
642187053 0
642718053 0
642781053 0
642817053 0
642871053 0
471280536 0
471820536 0
647218053 0
647281053 0
478120536 0
647821053 0
481270536 0
481720536 0
648217053 0
648271053 0
487120536 0
648721053 0
248053671 0
284053671 0
142805367 0
148205367 0
824053671 0
184205367 0
480536721 2
840536721 2
367241805 0
367248105 0
140536728 2
367284105 0
741280536 0
741820536 0
674218053 0
674281053 0
748120536 0
674821053 0
240536781 0
814205367 0
405367821 2
367824105 0
784120536 0
678421053 0
247053681 0
274053681 0
053681427 0
205368147 0
724053681 0
420536817 0
470536821 2
740536821 2
368241705 0
368247105 0
140536827 2
368274105 0
841270536 0
841720536 0
684217053 0
684271053 0
847120536 0
684721053 0
240536871 0
142053687 0
405368721 2
368724105 0
874120536 0
687421053 0
124680537 2
124860537 2
712648053 0
712684053 0
128460537 2
712864053 0
537142680 0
537142860 0
371462805 0
371468205 0
537148260 0
371486205 0
624805371 0
628405371 0
716428053 0
716482053 0
682405371 0
716842053 0
182460537 2
718264053 0
537184260 0
371846205 0
862405371 0
718642053 0
805372146 0
053721486 0
480537216 0
840537216 0
053721846 0
405372186 0
053724168 2
537241860 2
805372461 0
053724681 0
537248160 2
053724861 0
148053726 0
184053726 0
537264180 0
537264810 0
814053726 0
537268410 0
053728146 0
405372816 0
537284160 2
053728461 0
140537286 0
537286410 0
374126805 2
374128605 2
537416280 0
537416820 0
374182605 2
537418620 0
421680537 0
421860537 0
537426180 0
537426810 0
428160537 0
537428610 0
128053746 2
182053746 2
374621805 0
374628105 0
812053746 2
374682105 0
374812605 2
537481620 0
482160537 0
537482610 0
612053748 2
374862105 0
248053761 0
284053761 0
614280537 0
614820537 0
824053761 0
618420537 0
480537621 2
840537621 2
376241805 0
376248105 0
140537628 2
376284105 0
412805376 0
418205376 0
764218053 0
764281053 0
481205376 0
764821053 0
240537681 0
681420537 0
405376821 2
376824105 0
841205376 0
768421053 0
812460537 2
781264053 0
537814260 0
378146205 0
624053781 0
781642053 0
053782146 0
405378216 0
537824160 2
053782461 0
140537826 0
537826410 0
378412605 2
537841620 0
842160537 0
537842610 0
120537846 2
378462105 0
240537861 0
861420537 0
405378621 2
378624105 0
412053786 0
786421053 0
124670538 2
124760538 2
812647053 0
812674053 0
127460538 2
812764053 0
538142670 0
538142760 0
381462705 0
381467205 0
538147260 0
381476205 0
624705381 0
627405381 0
816427053 0
816472053 0
672405381 0
816742053 0
172460538 2
817264053 0
538174260 0
381746205 0
762405381 0
817642053 0
705382146 0
053821476 0
470538216 0
740538216 0
053821746 0
405382176 0
053824167 2
538241760 2
705382461 0
053824671 0
538247160 2
053824761 0
147053826 0
174053826 0
538264170 0
538264710 0
714053826 0
538267410 0
053827146 0
405382716 0
538274160 2
053827461 0
140538276 0
538276410 0
384126705 2
384127605 2
538416270 0
538416720 0
384172605 2
538417620 0
053842167 0
605384217 0
538426170 0
538426710 0
160538427 0
538427610 0
127053846 2
172053846 2
384621705 0
384627105 0
712053846 2
384672105 0
384712605 2
538471620 0
216053847 0
538472610 0
612053847 2
384762105 0
247053861 0
274053861 0
053861427 0
205386147 0
724053861 0
420538617 0
470538621 2
740538621 2
386241705 0
386247105 0
140538627 2
386274105 0
412705386 0
417205386 0
864217053 0
864271053 0
471205386 0
864721053 0
240538671 0
142053867 0
405386721 2
386724105 0
741205386 0
867421053 0
712460538 2
871264053 0
538714260 0
387146205 0
624053871 0
871642053 0
053872146 0
405387216 0
538724160 2
053872461 0
140538726 0
538726410 0
387412605 2
538741620 0
421605387 0
538742610 0
120538746 2
387462105 0
240538761 0
614205387 0
405387621 2
387624105 0
412053876 0
876421053 0
236780541 0
236870541 0
237680541 0
237860541 0
238670541 0
238760541 0
637805412 0
638705412 0
673805412 0
678305412 0
683705412 0
687305412 0
273680541 0
273860541 0
763805412 0
768305412 0
278360541 0
786305412 0
283670541 0
283760541 0
863705412 0
867305412 0
287360541 0
876305412 0
780541326 0
870541326 0
805413276 0
054132786 0
705413286 0
054132876 0
278054136 0
287054136 0
728054136 0
782054136 0
827054136 0
872054136 0
805413726 0
054137286 0
280541376 0
820541376 0
054137826 0
205413786 0
705413826 0
054138276 0
270541386 0
720541386 0
054138726 0
205413876 0
378054162 0
387054162 0
738054162 0
783054162 0
837054162 0
873054162 0
780541632 2
870541632 2
280541637 2
820541637 2
270541638 2
720541638 2
380541672 0
830541672 0
805416732 2
205416738 2
305416782 0
054167832 2
370541682 0
730541682 0
705416832 2
205416837 2
305416872 0
054168732 2
723680541 0
723860541 0
638054172 0
683054172 0
728360541 0
863054172 0
805417326 0
054173286 0
280541736 0
820541736 0
054173826 0
205417386 0
380541762 0
830541762 0
805417632 2
205417638 2
305417682 0
054176832 2
782360541 0
630541782 0
054178326 0
205417836 0
305417862 0
054178632 2
823670541 0
823760541 0
637054182 0
673054182 0
827360541 0
763054182 0
705418326 0
054183276 0
270541836 0
720541836 0
054183726 0
205418376 0
370541862 0
730541862 0
705418632 2
205418637 2
305418672 0
054186732 2
872360541 0
630541872 0
054187326 0
205418736 0
305418762 0
054187632 2
367805421 0
368705421 0
376805421 0
378605421 0
386705421 0
387605421 0
163780542 0
163870542 0
167380542 0
167830542 0
168370542 0
168730542 0
736805421 0
738605421 0
176380542 0
176830542 0
783605421 0
178630542 0
836705421 0
837605421 0
186370542 0
186730542 0
873605421 0
187630542 0
678054231 0
687054231 0
768054231 0
786054231 0
867054231 0
876054231 0
780542361 2
870542361 2
180542367 2
810542367 2
170542368 2
710542368 2
680542371 0
860542371 0
805423761 2
105423768 2
605423781 0
054237861 2
670542381 0
760542381 0
705423861 2
105423867 2
605423871 0
054238761 2
780542613 0
870542613 0
805426173 0
054261783 0
705426183 0
054261873 0
178054263 0
187054263 0
718054263 0
781054263 0
817054263 0
871054263 0
805426713 0
054267183 0
180542673 0
810542673 0
054267813 0
105426783 0
705426813 0
054268173 0
170542683 0
710542683 0
054268713 0
105426873 0
368054271 0
386054271 0
716380542 0
716830542 0
836054271 0
718630542 0
680542731 0
860542731 0
805427361 2
105427368 2
605427381 0
054273861 2
805427613 0
054276183 0
180542763 0
810542763 0
054276813 0
105427683 0
360542781 0
781630542 0
605427831 0
054278361 2
054278613 0
105427863 0
367054281 0
376054281 0
816370542 0
816730542 0
736054281 0
817630542 0
670542831 0
760542831 0
705428361 2
105428367 2
605428371 0
054283761 2
705428613 0
054286173 0
170542863 0
710542863 0
054286713 0
105428673 0
360542871 0
871630542 0
605428731 0
054287361 2
054287613 0
105428763 0
678054312 0
687054312 0
768054312 0
786054312 0
867054312 0
876054312 0
780543162 0
870543162 0
805431672 0
054316782 0
705431682 0
054316872 0
680543172 0
860543172 0
805431762 0
054317682 0
605431782 0
054317862 0
670543182 0
760543182 0
705431862 0
054318672 0
605431872 0
054318762 0
780543216 2
870543216 2
680543217 2
860543217 2
670543218 2
760543218 2
178054326 0
187054326 0
718054326 0
781054326 0
817054326 0
871054326 0
805432716 2
605432718 2
180543276 0
810543276 0
054327816 2
105432786 0
705432816 2
605432817 2
170543286 0
710543286 0
054328716 2
105432876 0
612780543 0
612870543 0
617280543 0
617820543 0
618270543 0
618720543 0
217805436 0
218705436 0
271805436 0
278105436 0
281705436 0
287105436 0
671280543 0
671820543 0
721805436 0
728105436 0
678120543 0
782105436 0
681270543 0
681720543 0
821705436 0
827105436 0
687120543 0
872105436 0
680543712 0
860543712 0
805437162 0
054371682 0
605437182 0
054371862 0
805437216 2
605437218 2
180543726 0
810543726 0
054372816 2
105437286 0
761280543 0
761820543 0
218054376 0
281054376 0
768120543 0
821054376 0
605437812 0
054378162 0
054378216 2
105437826 0
786120543 0
210543786 0
670543812 0
760543812 0
705438162 0
054381672 0
605438172 0
054381762 0
705438216 2
605438217 2
170543826 0
710543826 0
054382716 2
105438276 0
861270543 0
861720543 0
217054386 0
271054386 0
867120543 0
721054386 0
605438712 0
054387162 0
054387216 2
105438726 0
876120543 0
210543876 0
780546123 2
870546123 2
380546127 2
830546127 2
370546128 2
730546128 2
278054613 0
287054613 0
728054613 0
782054613 0
827054613 0
872054613 0
805461723 2
305461728 2
280546173 0
820546173 0
054617823 2
205461783 0
705461823 2
305461827 2
270546183 0
720546183 0
054618723 2
205461873 0
378054621 0
387054621 0
738054621 0
783054621 0
837054621 0
873054621 0
780546231 0
870546231 0
805462371 0
054623781 0
705462381 0
054623871 0
380546271 0
830546271 0
805462731 0
054627381 0
305462781 0
054627831 0
370546281 0
730546281 0
705462831 0
054628371 0
305462871 0
054628731 0
127805463 0
128705463 0
172805463 0
178205463 0
182705463 0
187205463 0
321780546 0
321870546 0
327180546 0
327810546 0
328170546 0
328710546 0
712805463 0
718205463 0
372180546 0
372810546 0
781205463 0
378210546 0
812705463 0
817205463 0
382170546 0
382710546 0
871205463 0
387210546 0
805467123 2
305467128 2
280546713 0
820546713 0
054671823 2
205467183 0
380546721 0
830546721 0
805467231 0
054672381 0
305467281 0
054672831 0
128054673 0
182054673 0
732180546 0
732810546 0
812054673 0
738210546 0
054678123 2
205467813 0
305467821 0
054678231 0
120546783 0
783210546 0
705468123 2
305468127 2
270546813 0
720546813 0
054681723 2
205468173 0
370546821 0
730546821 0
705468231 0
054682371 0
305468271 0
054682731 0
127054683 0
172054683 0
832170546 0
832710546 0
712054683 0
837210546 0
054687123 2
205468713 0
305468721 0
054687231 0
120546873 0
873210546 0
236805471 0
238605471 0
638054712 0
683054712 0
283605471 0
863054712 0
805471326 0
054713286 0
280547136 0
820547136 0
054713826 0
205471386 0
380547162 0
830547162 0
805471632 2
205471638 2
305471682 0
054716832 2
823605471 0
630547182 0
054718326 0
205471836 0
305471862 0
054718632 2
368054721 0
386054721 0
163805472 0
168305472 0
836054721 0
186305472 0
680547231 0
860547231 0
805472361 2
105472368 2
605472381 0
054723861 2
805472613 0
054726183 0
180547263 0
810547263 0
054726813 0
105472683 0
360547281 0
816305472 0
605472831 0
054728361 2
054728613 0
105472863 0
680547312 0
860547312 0
805473162 0
054731682 0
605473182 0
054731862 0
805473216 2
605473218 2
180547326 0
810547326 0
054732816 2
105473286 0
612805473 0
618205473 0
218054736 0
281054736 0
681205473 0
821054736 0
605473812 0
054738162 0
054738216 2
105473826 0
861205473 0
210547386 0
805476123 2
305476128 2
280547613 0
820547613 0
054761823 2
205476183 0
380547621 0
830547621 0
805476231 0
054762381 0
305476281 0
054762831 0
128054763 0
182054763 0
321805476 0
328105476 0
812054763 0
382105476 0
054768123 2
205476813 0
305476821 0
054768231 0
120547683 0
832105476 0
236054781 0
630547812 0
054781326 0
205478136 0
305478162 0
054781632 2
360547821 0
163054782 0
605478231 0
054782361 2
054782613 0
105478263 0
605478312 0
054783162 0
054783216 2
105478326 0
612054783 0
210547836 0
054786123 2
205478613 0
305478621 0
054786231 0
120547863 0
321054786 0
236705481 0
237605481 0
637054812 0
673054812 0
273605481 0
763054812 0
705481326 0
054813276 0
270548136 0
720548136 0
054813726 0
205481376 0
370548162 0
730548162 0
705481632 2
205481637 2
305481672 0
054816732 2
723605481 0
630548172 0
054817326 0
205481736 0
305481762 0
054817632 2
367054821 0
376054821 0
163705482 0
167305482 0
736054821 0
176305482 0
670548231 0
760548231 0
705482361 2
105482367 2
605482371 0
054823761 2
705482613 0
054826173 0
170548263 0
710548263 0
054826713 0
105482673 0
360548271 0
716305482 0
605482731 0
054827361 2
054827613 0
105482763 0
670548312 0
760548312 0
705483162 0
054831672 0
605483172 0
054831762 0
705483216 2
605483217 2
170548326 0
710548326 0
054832716 2
105483276 0
612705483 0
617205483 0
217054836 0
271054836 0
671205483 0
721054836 0
605483712 0
054837162 0
054837216 2
105483726 0
761205483 0
210548376 0
705486123 2
305486127 2
270548613 0
720548613 0
054861723 2
205486173 0
370548621 0
730548621 0
705486231 0
054862371 0
305486271 0
054862731 0
127054863 0
172054863 0
321705486 0
327105486 0
712054863 0
372105486 0
054867123 2
205486713 0
305486721 0
054867231 0
120548673 0
732105486 0
236054871 0
630548712 0
054871326 0
205487136 0
305487162 0
054871632 2
360548721 0
163054872 0
605487231 0
054872361 2
054872613 0
105487263 0
605487312 0
054873162 0
054873216 2
105487326 0
612054873 0
210548736 0
054876123 2
205487613 0
305487621 0
054876231 0
120548763 0
321054876 0
478056123 0
487056123 0
748056123 0
784056123 0
847056123 0
874056123 0
780561243 0
870561243 0
805612473 0
056124783 0
705612483 0
056124873 0
480561273 0
840561273 0
805612743 0
056127483 0
405612783 0
056127843 0
470561283 0
740561283 0
705612843 0
056128473 0
405612873 0
056128743 0
247805613 0
248705613 0
274805613 0
278405613 0
284705613 0
287405613 0
561342780 0
561342870 0
561347280 0
561347820 0
561348270 0
561348720 0
724805613 0
728405613 0
561374280 0
561374820 0
782405613 0
561378420 0
824705613 0
827405613 0
561384270 0
561384720 0
872405613 0
561387420 0
805614237 2
705614238 2
056142738 2
561427830 2
056142837 2
561428730 2
780561432 0
870561432 0
805614372 0
056143782 0
705614382 0
056143872 0
056147238 2
561472830 2
805614732 0
056147382 0
561478230 2
056147832 0
056148237 2
561482730 2
705614832 0
056148372 0
561487230 2
056148732 0
480561723 0
840561723 0
805617243 0
056172483 0
405617283 0
056172843 0
248056173 0
284056173 0
561734280 0
561734820 0
824056173 0
561738420 0
056174238 2
561742830 2
805617432 0
056174382 0
561748230 2
056174832 0
405617823 0
056178243 0
240561783 0
561783420 0
561784230 2
056178432 0
470561823 0
740561823 0
705618243 0
056182473 0
405618273 0
056182743 0
247056183 0
274056183 0
561834270 0
561834720 0
724056183 0
561837420 0
056184237 2
561842730 2
705618432 0
056184372 0
561847230 2
056184732 0
405618723 0
056187243 0
240561873 0
561873420 0
561874230 2
056187432 0
213478056 0
213487056 0
213748056 0
213784056 0
213847056 0
213874056 0
143780562 2
143870562 2
147380562 2
147830562 2
148370562 2
148730562 2
217348056 0
217384056 0
174380562 2
174830562 2
217834056 0
178430562 2
218347056 0
218374056 0
184370562 2
184730562 2
218734056 0
187430562 2
314780562 0
314870562 0
317480562 0
317840562 0
318470562 0
318740562 0
234178056 2
234187056 2
234718056 2
234781056 2
234817056 2
234871056 2
371480562 0
371840562 0
237418056 2
237481056 2
378140562 0
237841056 2
381470562 0
381740562 0
238417056 2
238471056 2
387140562 0
238741056 2
562413780 0
562413870 0
562417380 0
562417830 0
562418370 0
562418730 0
624317805 0
624318705 0
624371805 0
624378105 0
624381705 0
624387105 0
562471380 0
562471830 0
624731805 0
624738105 0
562478130 0
624783105 0
562481370 0
562481730 0
624831705 0
624837105 0
562487130 0
624873105 0
271348056 0
271384056 0
714380562 2
714830562 2
271834056 0
718430562 2
731480562 0
731840562 0
273418056 2
273481056 2
738140562 0
273841056 2
562741380 0
562741830 0
627431805 0
627438105 0
562748130 0
627483105 0
278134056 0
781430562 2
783140562 0
278341056 2
562784130 0
627843105 0
281347056 0
281374056 0
814370562 2
814730562 2
281734056 0
817430562 2
831470562 0
831740562 0
283417056 2
283471056 2
837140562 0
283741056 2
562841370 0
562841730 0
628431705 0
628437105 0
562847130 0
628473105 0
287134056 0
871430562 2
873140562 0
287341056 2
562874130 0
628743105 0
478056312 2
487056312 2
748056312 2
784056312 2
847056312 2
874056312 2
631427805 0
631428705 0
631472805 0
631478205 0
631482705 0
631487205 0
248056317 2
284056317 2
631742805 0
631748205 0
824056317 2
631784205 0
247056318 2
274056318 2
631842705 0
631847205 0
724056318 2
631874205 0
147805632 0
148705632 0
174805632 0
178405632 0
184705632 0
187405632 0
805632417 0
056324187 0
180563247 0
810563247 0
056324817 0
105632487 0
714805632 0
718405632 0
418056327 0
481056327 0
781405632 0
841056327 0
814705632 0
817405632 0
056328417 0
105632847 0
871405632 0
410563287 0
341278056 0
341287056 0
341728056 0
341782056 0
341827056 0
341872056 0
421780563 0
421870563 0
427180563 0
427810563 0
428170563 0
428710563 0
347128056 0
347182056 0
472180563 0
472810563 0
347812056 0
478210563 0
348127056 0
348172056 0
482170563 0
482710563 0
348712056 0
487210563 0
480563712 2
840563712 2
637142805 0
637148205 0
240563718 2
637184205 0
148056372 0
184056372 0
241805637 0
248105637 0
814056372 0
284105637 0
374128056 0
374182056 0
742180563 0
742810563 0
374812056 0
748210563 0
405637812 2
637814205 0
140563782 0
824105637 0
378412056 0
784210563 0
470563812 2
740563812 2
638142705 0
638147205 0
240563817 2
638174205 0
147056382 0
174056382 0
056382417 0
105638247 0
714056382 0
410563827 0
384127056 0
384172056 0
842170563 0
842710563 0
384712056 0
847210563 0
405638712 2
638714205 0
140563872 0
241056387 0
387412056 0
874210563 0
805641237 0
056412387 0
380564127 0
830564127 0
056412837 0
305641287 0
413278056 2
413287056 2
413728056 2
413782056 2
413827056 2
413872056 2
238056417 0
283056417 0
417328056 2
417382056 2
823056417 0
417832056 2
056418237 0
305641827 0
418327056 2
418372056 2
230564187 0
418732056 2
780564213 0
870564213 0
805642173 0
056421783 0
705642183 0
056421873 0
805642317 2
705642318 2
056423718 2
564237810 2
056423817 2
564238710 2
805642713 0
056427183 0
056427318 2
564273810 2
056427813 0
564278310 2
705642813 0
056428173 0
056428317 2
564283710 2
056428713 0
564287310 2
643127805 0
643128705 0
643172805 0
643178205 0
643182705 0
643187205 0
217805643 2
218705643 2
271805643 2
278105643 2
281705643 2
287105643 2
643712805 0
643718205 0
721805643 2
728105643 2
643781205 0
782105643 2
643812705 0
643817205 0
821705643 2
827105643 2
643871205 0
872105643 2
123805647 0
128305647 0
471328056 2
471382056 2
182305647 0
471832056 2
805647213 0
056472183 0
056472318 2
564723810 2
056472813 0
564728310 2
647312805 0
647318205 0
321805647 2
328105647 2
647381205 0
382105647 2
812305647 0
478132056 2
056478213 0
564782310 2
647831205 0
832105647 2
056481237 0
305648127 0
481327056 2
481372056 2
230564817 0
481732056 2
705648213 0
056482173 0
056482317 2
564823710 2
056482713 0
564827310 2
648312705 0
648317205 0
321705648 2
327105648 2
648371205 0
372105648 2
123056487 0
487132056 2
056487213 0
564872310 2
648731205 0
732105648 2
480567123 0
840567123 0
805671243 0
056712483 0
405671283 0
056712843 0
248056713 0
284056713 0
567134280 0
567134820 0
824056713 0
567138420 0
056714238 2
567142830 2
805671432 0
056714382 0
567148230 2
056714832 0
405671823 0
056718243 0
240567183 0
567183420 0
567184230 2
056718432 0
721348056 0
721384056 0
214380567 2
214830567 2
721834056 0
218430567 2
314805672 0
318405672 0
723418056 2
723481056 2
381405672 0
723841056 2
567241380 0
567241830 0
672431805 0
672438105 0
567248130 0
672483105 0
728134056 0
281430567 2
831405672 0
728341056 2
567284130 0
672843105 0
480567312 2
840567312 2
673142805 0
673148205 0
240567318 2
673184205 0
148056732 0
184056732 0
324180567 0
324810567 0
814056732 0
328410567 0
734128056 0
734182056 0
421805673 0
428105673 0
734812056 0
482105673 0
405673812 2
673814205 0
140567382 0
382410567 0
738412056 0
842105673 0
412380567 0
412830567 0
741328056 2
741382056 2
418230567 0
741832056 2
805674213 0
056742183 0
056742318 2
567423810 2
056742813 0
567428310 2
674312805 0
674318205 0
218056743 2
281056743 2
674381205 0
821056743 2
481230567 0
748132056 2
056748213 0
567482310 2
674831205 0
321056748 2
405678123 0
056781243 0
240567813 0
567813420 0
567814230 2
056781432 0
782134056 0
821430567 2
314056782 0
782341056 2
567824130 0
678243105 0
405678312 2
678314205 0
140567832 0
832410567 0
783412056 0
421056783 0
841230567 0
784132056 2
056784213 0
567842310 2
678431205 0
210567843 2
470568123 0
740568123 0
705681243 0
056812473 0
405681273 0
056812743 0
247056813 0
274056813 0
568134270 0
568134720 0
724056813 0
568137420 0
056814237 2
568142730 2
705681432 0
056814372 0
568147230 2
056814732 0
405681723 0
056817243 0
240568173 0
568173420 0
568174230 2
056817432 0
821347056 0
821374056 0
214370568 2
214730568 2
821734056 0
217430568 2
314705682 0
317405682 0
823417056 2
823471056 2
371405682 0
823741056 2
568241370 0
568241730 0
682431705 0
682437105 0
568247130 0
682473105 0
827134056 0
271430568 2
731405682 0
827341056 2
568274130 0
682743105 0
470568312 2
740568312 2
683142705 0
683147205 0
240568317 2
683174205 0
147056832 0
174056832 0
056832417 0
105683247 0
714056832 0
410568327 0
834127056 0
834172056 0
421705683 0
427105683 0
834712056 0
472105683 0
405683712 2
683714205 0
140568372 0
241056837 0
837412056 0
742105683 0
056841237 0
305684127 0
841327056 2
841372056 2
230568417 0
841732056 2
705684213 0
056842173 0
056842317 2
568423710 2
056842713 0
568427310 2
684312705 0
684317205 0
217056843 2
271056843 2
684371205 0
721056843 2
123056847 0
847132056 2
056847213 0
568472310 2
684731205 0
321056847 2
405687123 0
056871243 0
240568713 0
568713420 0
568714230 2
056871432 0
872134056 0
721430568 2
314056872 0
872341056 2
568724130 0
687243105 0
405687312 2
687314205 0
140568732 0
324105687 0
873412056 0
421056873 0
412305687 0
874132056 2
056874213 0
568742310 2
687431205 0
210568743 2
123468057 0
123486057 0
648057123 0
684057123 0
123846057 0
864057123 0
436805712 0
438605712 0
246380571 0
246830571 0
483605712 0
248630571 0
480571263 2
840571263 2
712643805 0
712648305 0
340571268 2
712684305 0
128346057 0
640571283 0
843605712 0
284630571 0
405712863 2
712864305 0
324680571 0
324860571 0
264805713 0
268405713 0
328460571 0
286405713 0
713426805 0
713428605 0
571346280 0
571346820 0
713482605 0
571348620 0
362480571 0
362840571 0
642805713 2
648205713 2
368240571 0
684205713 2
382460571 0
826405713 0
713842605 0
571384620 0
386240571 0
864205713 2
368057142 2
386057142 2
714263805 0
714268305 0
836057142 2
714286305 0
571432680 0
571432860 0
714362805 2
714368205 2
571438260 0
714386205 2
146238057 2
146283057 2
146328057 0
146382057 0
146823057 2
146832057 0
236057148 2
714826305 0
571483260 0
714836205 2
148623057 2
148632057 0
348057162 0
384057162 0
571624380 0
571624830 0
834057162 0
571628430 0
480571632 0
840571632 0
805716342 0
057163482 0
405716382 0
057163842 0
805716423 0
057164283 0
057164328 2
571643820 2
057164823 0
571648320 2
340571682 0
571682430 0
405716832 0
057168342 0
057168423 0
571684320 2
182346057 0
640571823 0
436057182 0
824630571 0
405718263 2
718264305 0
832460571 0
264057183 0
718342605 0
571834620 0
836240571 0
364205718 2
360571842 2
718426305 0
571843260 0
718436205 2
184623057 2
184632057 0
340571862 0
571862430 0
405718632 0
057186342 0
057186423 0
571864320 2
721346805 0
721348605 0
480572136 2
840572136 2
721384605 0
640572138 2
143680572 0
143860572 0
463805721 0
468305721 0
148360572 0
486305721 0
348057216 0
384057216 0
216438057 0
216483057 0
834057216 0
216843057 0
721834605 0
405721836 2
184360572 0
846305721 0
340572186 0
218643057 0
572314680 0
572314860 0
648057231 0
684057231 0
572318460 0
864057231 0
805723416 0
057234186 0
180572346 0
810572346 0
057234816 0
105723486 0
480572361 0
840572361 0
805723641 2
105723648 2
405723681 0
057236841 2
572381460 0
640572381 0
057238416 0
105723846 0
405723861 0
057238641 2
724136805 0
724138605 0
638057241 2
683057241 2
724183605 0
863057241 2
243168057 2
243186057 2
243618057 0
243681057 0
243816057 2
243861057 0
572461380 0
572461830 0
724631805 2
724638105 2
572468130 0
724683105 2
724813605 0
163057248 2
248316057 2
248361057 0
572486130 0
724863105 2
134805726 0
138405726 0
614380572 0
614830572 0
183405726 0
618430572 0
631480572 0
631840572 0
726341805 0
726348105 0
638140572 0
726384105 0
726413805 0
726418305 0
572643180 0
572643810 0
726481305 0
572648310 0
813405726 0
681430572 0
683140572 0
726834105 0
726841305 0
572684310 0
728134605 0
405728136 2
814360572 0
463057281 0
340572816 0
281643057 0
572831460 0
640572831 0
057283416 0
105728346 0
405728361 0
057283641 2
728413605 0
630572841 2
284316057 2
284361057 0
572846130 0
728463105 2
134057286 0
861430572 0
863140572 0
728634105 0
728641305 0
572864310 0
246805731 2
248605731 2
126480573 0
126840573 0
284605731 2
128640573 0
573142680 0
573142860 0
731462805 0
731468205 0
573148260 0
731486205 0
624805731 0
628405731 0
164280573 0
164820573 0
682405731 0
168420573 0
824605731 2
182640573 0
573184260 0
731846205 0
862405731 0
186420573 0
805732146 0
057321486 0
480573216 0
840573216 0
057321846 0
405732186 0
057324168 2
573241860 2
805732461 0
057324681 0
573248160 2
057324861 0
148057326 0
184057326 0
573264180 0
573264810 0
814057326 0
573268410 0
057328146 0
405732816 0
573284160 2
057328461 0
140573286 0
573286410 0
734126805 2
734128605 2
573416280 0
573416820 0
734182605 2
573418620 0
342168057 0
342186057 0
573426180 0
573426810 0
342816057 0
573428610 0
128057346 2
182057346 2
734621805 0
734628105 0
812057346 2
734682105 0
734812605 2
573481620 0
348216057 0
573482610 0
612057348 2
734862105 0
248057361 0
284057361 0
361428057 0
361482057 0
824057361 0
361842057 0
480573621 2
840573621 2
736241805 0
736248105 0
140573628 2
736284105 0
412805736 0
418205736 0
642180573 0
642810573 0
481205736 0
648210573 0
240573681 0
368142057 0
405736821 2
736824105 0
841205736 0
684210573 0
124605738 2
812640573 0
573814260 0
738146205 0
624057381 0
816420573 0
057382146 0
405738216 0
573824160 2
057382461 0
140573826 0
573826410 0
738412605 2
573841620 0
384216057 0
573842610 0
120573846 2
738462105 0
240573861 0
386142057 0
405738621 2
738624105 0
412057386 0
864210573 0
236805741 0
238605741 0
638057412 0
683057412 0
283605741 0
863057412 0
805741326 0
057413286 0
280574136 0
820574136 0
057413826 0
205741386 0
380574162 0
830574162 0
805741632 2
205741638 2
305741682 0
057416832 2
823605741 0
630574182 0
057418326 0
205741836 0
305741862 0
057418632 2
368057421 0
386057421 0
163805742 0
168305742 0
836057421 0
186305742 0
680574231 0
860574231 0
805742361 2
105742368 2
605742381 0
057423861 2
805742613 0
057426183 0
180574263 0
810574263 0
057426813 0
105742683 0
360574281 0
816305742 0
605742831 0
057428361 2
057428613 0
105742863 0
680574312 0
860574312 0
805743162 0
057431682 0
605743182 0
057431862 0
805743216 2
605743218 2
180574326 0
810574326 0
057432816 2
105743286 0
612805743 0
618205743 0
218057436 0
281057436 0
681205743 0
821057436 0
605743812 0
057438162 0
057438216 2
105743826 0
861205743 0
210574386 0
805746123 2
305746128 2
280574613 0
820574613 0
057461823 2
205746183 0
380574621 0
830574621 0
805746231 0
057462381 0
305746281 0
057462831 0
128057463 0
182057463 0
321805746 0
328105746 0
812057463 0
382105746 0
057468123 2
205746813 0
305746821 0
057468231 0
120574683 0
832105746 0
236057481 0
630574812 0
057481326 0
205748136 0
305748162 0
057481632 2
360574821 0
163057482 0
605748231 0
057482361 2
057482613 0
105748263 0
605748312 0
057483162 0
057483216 2
105748326 0
612057483 0
210574836 0
057486123 2
205748613 0
305748621 0
057486231 0
120574863 0
321057486 0
480576123 0
840576123 0
805761243 0
057612483 0
405761283 0
057612843 0
248057613 0
284057613 0
576134280 0
576134820 0
824057613 0
576138420 0
057614238 2
576142830 2
805761432 0
057614382 0
576148230 2
057614832 0
405761823 0
057618243 0
240576183 0
576183420 0
576184230 2
057618432 0
213480576 0
213840576 0
143805762 2
148305762 2
218340576 0
184305762 2
314805762 0
318405762 0
623418057 2
623481057 2
381405762 0
623841057 2
576241380 0
576241830 0
762431805 0
762438105 0
576248130 0
762483105 0
281340576 0
814305762 2
831405762 0
628341057 2
576284130 0
762843105 0
480576312 2
840576312 2
763142805 0
763148205 0
240576318 2
763184205 0
148057632 0
184057632 0
632418057 0
632481057 0
814057632 0
632841057 0
341280576 0
341820576 0
421805763 0
428105763 0
348120576 0
482105763 0
405763812 2
763814205 0
140576382 0
638241057 0
384120576 0
842105763 0
641238057 0
641283057 0
641328057 2
641382057 2
641823057 0
641832057 2
805764213 0
057642183 0
057642318 2
576423810 2
057642813 0
576428310 2
764312805 0
764318205 0
218057643 2
281057643 2
764381205 0
821057643 2
648123057 0
648132057 2
057648213 0
576482310 2
764831205 0
321057648 2
405768123 0
057681243 0
240576813 0
576813420 0
576814230 2
057681432 0
821340576 0
214305768 2
314057682 0
682341057 2
576824130 0
768243105 0
405768312 2
768314205 0
140576832 0
683241057 0
834120576 0
421057683 0
684123057 0
684132057 2
057684213 0
576842310 2
768431205 0
210576843 2
812346057 0
640578123 0
436057812 0
246305781 0
405781263 2
781264305 0
324605781 0
264057813 0
781342605 0
578134620 0
362405781 0
642057813 2
360578142 2
781426305 0
578143260 0
781436205 2
814623057 2
814632057 0
340578162 0
578162430 0
405781632 0
057816342 0
057816423 0
578164320 2
782134605 0
405782136 2
143605782 0
463057821 0
340578216 0
821643057 0
578231460 0
640578231 0
057823416 0
105782346 0
405782361 0
057823641 2
782413605 0
630578241 2
824316057 2
824361057 0
578246130 0
782463105 2
134057826 0
614305782 0
631405782 0
782634105 0
782641305 0
578264310 0
246057831 2
126405783 0
578314260 0
783146205 0
624057831 0
164205783 0
057832146 0
405783216 0
578324160 2
057832461 0
140578326 0
578326410 0
783412605 2
578341620 0
834216057 0
578342610 0
120578346 2
783462105 0
240578361 0
836142057 0
405783621 2
783624105 0
412057836 0
642105783 0
236057841 0
630578412 0
057841326 0
205784136 0
305784162 0
057841632 2
360578421 0
163057842 0
605784231 0
057842361 2
057842613 0
105784263 0
605784312 0
057843162 0
057843216 2
105784326 0
612057843 0
210578436 0
057846123 2
205784613 0
305784621 0
057846231 0
120578463 0
321057846 0
405786123 0
057861243 0
240578613 0
578613420 0
578614230 2
057861432 0
213405786 0
143057862 2
314057862 0
862341057 2
578624130 0
786243105 0
405786312 2
786314205 0
140578632 0
863241057 0
341205786 0
421057863 0
864123057 0
864132057 2
057864213 0
578642310 2
786431205 0
210578643 2
058123467 0
605812347 0
647058123 0
674058123 0
460581237 0
764058123 0
436705812 0
437605812 0
246370581 0
246730581 0
473605812 0
247630581 0
470581263 2
740581263 2
812643705 0
812647305 0
340581267 2
812674305 0
346058127 0
640581273 0
743605812 0
274630581 0
405812763 2
812764305 0
324670581 0
324760581 0
264705813 0
267405813 0
327460581 0
276405813 0
813426705 0
813427605 0
581346270 0
581346720 0
813472605 0
581347620 0
362470581 0
362740581 0
642705813 2
647205813 2
367240581 0
674205813 2
372460581 0
726405813 0
813742605 0
581374620 0
376240581 0
764205813 2
367058142 2
376058142 2
814263705 0
814267305 0
736058142 2
814276305 0
581432670 0
581432760 0
814362705 2
814367205 2
581437260 0
814376205 2
146237058 2
146273058 2
058146327 0
205814637 0
146723058 2
320581467 0
236058147 2
814726305 0
581473260 0
814736205 2
147623058 2
632058147 0
347058162 0
374058162 0
581624370 0
581624730 0
734058162 0
581627430 0
470581632 0
740581632 0
705816342 0
058163472 0
405816372 0
058163742 0
705816423 0
058164273 0
058164327 2
581643720 2
058164723 0
581647320 2
340581672 0
581672430 0
405816732 0
058167342 0
058167423 0
581674320 2
234605817 0
640581723 0
436058172 0
724630581 0
405817263 2
817264305 0
732460581 0
264058173 0
817342605 0
581734620 0
736240581 0
364205817 2
360581742 2
817426305 0
581743260 0
817436205 2
174623058 2
463205817 0
340581762 0
581762430 0
405817632 0
058176342 0
058176423 0
581764320 2
821346705 0
821347605 0
470582136 2
740582136 2
821374605 0
640582137 2
143670582 0
143760582 0
463705821 0
467305821 0
147360582 0
476305821 0
347058216 0
374058216 0
058216437 0
305821647 0
734058216 0
430582167 0
821734605 0
405821736 2
174360582 0
746305821 0
340582176 0
643058217 0
582314670 0
582314760 0
647058231 0
674058231 0
582317460 0
764058231 0
705823416 0
058234176 0
170582346 0
710582346 0
058234716 0
105823476 0
470582361 0
740582361 0
705823641 2
105823647 2
405823671 0
058236741 2
582371460 0
640582371 0
058237416 0
105823746 0
405823761 0
058237641 2
824136705 0
824137605 0
637058241 2
673058241 2
824173605 0
763058241 2
243167058 2
243176058 2
058243617 0
105824367 0
243716058 2
610582437 0
582461370 0
582461730 0
824631705 2
824637105 2
582467130 0
824673105 2
824713605 0
163058247 2
247316058 2
361058247 0
582476130 0
824763105 2
134705826 0
137405826 0
614370582 0
614730582 0
173405826 0
617430582 0
631470582 0
631740582 0
826341705 0
826347105 0
637140582 0
826374105 0
826413705 0
826417305 0
582643170 0
582643710 0
826471305 0
582647310 0
713405826 0
671430582 0
673140582 0
826734105 0
826741305 0
582674310 0
827134605 0
405827136 2
714360582 0
463058271 0
340582716 0
164305827 0
582731460 0
640582731 0
058273416 0
105827346 0
405827361 0
058273641 2
827413605 0
630582741 2
274316058 2
436105827 0
582746130 0
827463105 2
134058276 0
761430582 0
763140582 0
827634105 0
827641305 0
582764310 0
246705831 2
247605831 2
126470583 0
126740583 0
274605831 2
127640583 0
583142670 0
583142760 0
831462705 0
831467205 0
583147260 0
831476205 0
624705831 0
627405831 0
164270583 0
164720583 0
672405831 0
167420583 0
724605831 2
172640583 0
583174260 0
831746205 0
762405831 0
176420583 0
705832146 0
058321476 0
470583216 0
740583216 0
058321746 0
405832176 0
058324167 2
583241760 2
705832461 0
058324671 0
583247160 2
058324761 0
147058326 0
174058326 0
583264170 0
583264710 0
714058326 0
583267410 0
058327146 0
405832716 0
583274160 2
058327461 0
140583276 0
583276410 0
834126705 2
834127605 2
583416270 0
583416720 0
834172605 2
583417620 0
058342167 0
605834217 0
583426170 0
583426710 0
160583427 0
583427610 0
127058346 2
172058346 2
834621705 0
834627105 0
712058346 2
834672105 0
834712605 2
583471620 0
216058347 0
583472610 0
612058347 2
834762105 0
247058361 0
274058361 0
058361427 0
205836147 0
724058361 0
420583617 0
470583621 2
740583621 2
836241705 0
836247105 0
140583627 2
836274105 0
412705836 0
417205836 0
642170583 0
642710583 0
471205836 0
647210583 0
240583671 0
142058367 0
405836721 2
836724105 0
741205836 0
674210583 0
124605837 2
712640583 0
583714260 0
837146205 0
624058371 0
716420583 0
058372146 0
405837216 0
583724160 2
058372461 0
140583726 0
583726410 0
837412605 2
583741620 0
421605837 0
583742610 0
120583746 2
837462105 0
240583761 0
614205837 0
405837621 2
837624105 0
412058376 0
764210583 0
236705841 0
237605841 0
637058412 0
673058412 0
273605841 0
763058412 0
705841326 0
058413276 0
270584136 0
720584136 0
058413726 0
205841376 0
370584162 0
730584162 0
705841632 2
205841637 2
305841672 0
058416732 2
723605841 0
630584172 0
058417326 0
205841736 0
305841762 0
058417632 2
367058421 0
376058421 0
163705842 0
167305842 0
736058421 0
176305842 0
670584231 0
760584231 0
705842361 2
105842367 2
605842371 0
058423761 2
705842613 0
058426173 0
170584263 0
710584263 0
058426713 0
105842673 0
360584271 0
716305842 0
605842731 0
058427361 2
058427613 0
105842763 0
670584312 0
760584312 0
705843162 0
058431672 0
605843172 0
058431762 0
705843216 2
605843217 2
170584326 0
710584326 0
058432716 2
105843276 0
612705843 0
617205843 0
217058436 0
271058436 0
671205843 0
721058436 0
605843712 0
058437162 0
058437216 2
105843726 0
761205843 0
210584376 0
705846123 2
305846127 2
270584613 0
720584613 0
058461723 2
205846173 0
370584621 0
730584621 0
705846231 0
058462371 0
305846271 0
058462731 0
127058463 0
172058463 0
321705846 0
327105846 0
712058463 0
372105846 0
058467123 2
205846713 0
305846721 0
058467231 0
120584673 0
732105846 0
236058471 0
630584712 0
058471326 0
205847136 0
305847162 0
058471632 2
360584721 0
163058472 0
605847231 0
058472361 2
058472613 0
105847263 0
605847312 0
058473162 0
058473216 2
105847326 0
612058473 0
210584736 0
058476123 2
205847613 0
305847621 0
058476231 0
120584763 0
321058476 0
470586123 0
740586123 0
705861243 0
058612473 0
405861273 0
058612743 0
247058613 0
274058613 0
586134270 0
586134720 0
724058613 0
586137420 0
058614237 2
586142730 2
705861432 0
058614372 0
586147230 2
058614732 0
405861723 0
058617243 0
240586173 0
586173420 0
586174230 2
058617432 0
213470586 0
213740586 0
143705862 2
147305862 2
217340586 0
174305862 2
314705862 0
317405862 0
623417058 2
623471058 2
371405862 0
623741058 2
586241370 0
586241730 0
862431705 0
862437105 0
586247130 0
862473105 0
271340586 0
714305862 2
731405862 0
627341058 2
586274130 0
862743105 0
470586312 2
740586312 2
863142705 0
863147205 0
240586317 2
863174205 0
147058632 0
174058632 0
058632417 0
105863247 0
714058632 0
410586327 0
341270586 0
341720586 0
421705863 0
427105863 0
347120586 0
472105863 0
405863712 2
863714205 0
140586372 0
241058637 0
374120586 0
742105863 0
058641237 0
305864127 0
641327058 2
641372058 2
230586417 0
641732058 2
705864213 0
058642173 0
058642317 2
586423710 2
058642713 0
586427310 2
864312705 0
864317205 0
217058643 2
271058643 2
864371205 0
721058643 2
123058647 0
647132058 2
058647213 0
586472310 2
864731205 0
321058647 2
405867123 0
058671243 0
240586713 0
586713420 0
586714230 2
058671432 0
721340586 0
214305867 2
314058672 0
672341058 2
586724130 0
867243105 0
405867312 2
867314205 0
140586732 0
324105867 0
734120586 0
421058673 0
412305867 0
674132058 2
058674213 0
586742310 2
867431205 0
210586743 2
123460587 0
640587123 0
436058712 0
246305871 0
405871263 2
871264305 0
324605871 0
264058713 0
871342605 0
587134620 0
362405871 0
642058713 2
360587142 2
871426305 0
587143260 0
871436205 2
714623058 2
146320587 0
340587162 0
587162430 0
405871632 0
058716342 0
058716423 0
587164320 2
872134605 0
405872136 2
143605872 0
463058721 0
340587216 0
216430587 0
587231460 0
640587231 0
058723416 0
105872346 0
405872361 0
058723641 2
872413605 0
630587241 2
724316058 2
243610587 0
587246130 0
872463105 2
134058726 0
614305872 0
631405872 0
872634105 0
872641305 0
587264310 0
246058731 2
126405873 0
587314260 0
873146205 0
624058731 0
164205873 0
058732146 0
405873216 0
587324160 2
058732461 0
140587326 0
587326410 0
873412605 2
587341620 0
342160587 0
587342610 0
120587346 2
873462105 0
240587361 0
361420587 0
405873621 2
873624105 0
412058736 0
642105873 0
236058741 0
630587412 0
058741326 0
205874136 0
305874162 0
058741632 2
360587421 0
163058742 0
605874231 0
058742361 2
058742613 0
105874263 0
605874312 0
058743162 0
058743216 2
105874326 0
612058743 0
210587436 0
058746123 2
205874613 0
305874621 0
058746231 0
120587463 0
321058746 0
405876123 0
058761243 0
240587613 0
587613420 0
587614230 2
058761432 0
213405876 0
143058762 2
314058762 0
762341058 2
587624130 0
876243105 0
405876312 2
876314205 0
140587632 0
632410587 0
341205876 0
421058763 0
641230587 0
764132058 2
058764213 0
587642310 2
876431205 0
210587643 2
345780612 0
345870612 0
347580612 0
347850612 0
348570612 0
348750612 0
235478061 0
235487061 0
235748061 0
235784061 0
235847061 0
235874061 0
374580612 0
374850612 0
237548061 0
237584061 0
378450612 0
237854061 0
384570612 0
384750612 0
238547061 0
238574061 0
387450612 0
238754061 0
806124357 0
061243587 0
580612437 0
850612437 0
061243857 0
506124387 0
537806124 2
538706124 2
573806124 2
578306124 2
583706124 2
587306124 2
358061247 0
385061247 0
753806124 2
758306124 2
835061247 0
785306124 2
061248357 0
506124837 0
853706124 2
857306124 2
350612487 0
875306124 2
125347806 0
125348706 0
125374806 0
125378406 0
125384706 0
125387406 0
543780612 0
543870612 0
547380612 0
547830612 0
548370612 0
548730612 0
125734806 0
125738406 0
574380612 0
574830612 0
125783406 0
578430612 0
125834706 0
125837406 0
584370612 0
584730612 0
125873406 0
587430612 0
734580612 0
734850612 0
273548061 0
273584061 0
738450612 0
273854061 0
435806127 0
438506127 0
453806127 2
458306127 2
483506127 0
485306127 2
127534806 0
127538406 0
754380612 0
754830612 0
127583406 0
758430612 0
783450612 0
278354061 0
843506127 0
845306127 2
127853406 0
785430612 0
834570612 0
834750612 0
283547061 0
283574061 0
837450612 0
283754061 0
061284357 0
506128437 0
453706128 2
457306128 2
350612847 0
475306128 2
128534706 0
128537406 0
854370612 0
854730612 0
128573406 0
857430612 0
873450612 0
287354061 0
435061287 0
745306128 2
128753406 0
875430612 0
457806132 2
458706132 2
475806132 2
478506132 2
485706132 2
487506132 2
132547806 0
132548706 0
132574806 0
132578406 0
132584706 0
132587406 0
745806132 2
748506132 2
132754806 0
132758406 0
784506132 2
132785406 0
845706132 2
847506132 2
132854706 0
132857406 0
874506132 2
132875406 0
806134257 2
706134258 2
061342758 2
613427850 2
061342857 2
613428750 2
780613452 0
870613452 0
806134572 0
061345782 0
706134582 0
061345872 0
061347258 2
613472850 2
806134752 0
061347582 0
613478250 2
061347852 0
061348257 2
613482750 2
706134852 0
061348572 0
613487250 2
061348752 0
352478061 2
352487061 2
352748061 2
352784061 2
352847061 2
352874061 2
806135427 0
061354287 0
280613547 0
820613547 0
061354827 0
206135487 0
357248061 2
357284061 2
428061357 0
482061357 0
357824061 2
842061357 0
358247061 2
358274061 2
061358427 0
206135847 0
358724061 2
420613587 0
245806137 2
248506137 2
137254806 0
137258406 0
284506137 2
137285406 0
061374258 2
613742850 2
806137452 0
061374582 0
613748250 2
061374852 0
375248061 2
375284061 2
542806137 0
548206137 0
375824061 2
584206137 0
824506137 2
137825406 0
613784250 2
061378452 0
378524061 2
854206137 0
245706138 2
247506138 2
138254706 0
138257406 0
274506138 2
138275406 0
061384257 2
613842750 2
706138452 0
061384572 0
613847250 2
061384752 0
385247061 2
385274061 2
061385427 0
206138547 0
385724061 2
420613857 0
724506138 2
138725406 0
613874250 2
061387452 0
387524061 2
542061387 0
423578061 2
423587061 2
423758061 2
423785061 2
423857061 2
423875061 2
253780614 0
253870614 0
257380614 0
257830614 0
258370614 0
258730614 0
427358061 2
427385061 2
275380614 0
275830614 0
427835061 2
278530614 0
428357061 2
428375061 2
285370614 0
285730614 0
428735061 2
287530614 0
143257806 0
143258706 0
143275806 0
143278506 0
143285706 0
143287506 0
614352780 0
614352870 0
614357280 0
614357820 0
614358270 0
614358720 0
143725806 0
143728506 0
614375280 0
614375820 0
143782506 0
614378520 0
143825706 0
143827506 0
614385270 0
614385720 0
143872506 0
614387520 0
452378061 0
452387061 0
452738061 0
452783061 0
452837061 0
452873061 0
532780614 2
532870614 2
537280614 2
537820614 2
538270614 2
538720614 2
457238061 0
457283061 0
573280614 2
573820614 2
457823061 0
578320614 2
458237061 0
458273061 0
583270614 2
583720614 2
458723061 0
587320614 2
472358061 2
472385061 2
725380614 0
725830614 0
472835061 2
728530614 0
147325806 0
147328506 0
614735280 0
614735820 0
147382506 0
614738520 0
475238061 0
475283061 0
753280614 2
753820614 2
475823061 0
758320614 2
478235061 2
782530614 0
147832506 0
614783520 0
478523061 0
785320614 2
482357061 2
482375061 2
825370614 0
825730614 0
482735061 2
827530614 0
148325706 0
148327506 0
614835270 0
614835720 0
148372506 0
614837520 0
485237061 0
485273061 0
853270614 2
853720614 2
485723061 0
857320614 2
487235061 2
872530614 0
148732506 0
614873520 0
487523061 0
875320614 2
615234780 0
615234870 0
615237480 0
615237840 0
615238470 0
615238740 0
437806152 0
438706152 0
473806152 0
478306152 0
483706152 0
487306152 0
615273480 0
615273840 0
743806152 0
748306152 0
615278340 0
784306152 0
615283470 0
615283740 0
843706152 0
847306152 0
615287340 0
874306152 0
780615324 0
870615324 0
806153274 0
061532784 0
706153284 0
061532874 0
806153427 2
706153428 2
061534728 2
615347820 2
061534827 2
615348720 2
806153724 0
061537284 0
061537428 2
615374820 2
061537824 0
615378420 2
706153824 0
061538274 0
061538427 2
615384720 2
061538724 0
615387420 2
378061542 0
387061542 0
738061542 0
783061542 0
837061542 0
873061542 0
780615432 0
870615432 0
806154372 0
061543782 0
706154382 0
061543872 0
380615472 0
830615472 0
806154732 0
061547382 0
306154782 0
061547832 0
370615482 0
730615482 0
706154832 0
061548372 0
306154872 0
061548732 0
615723480 0
615723840 0
438061572 0
483061572 0
615728340 0
843061572 0
806157324 0
061573284 0
061573428 2
615734820 2
061573824 0
615738420 2
380615742 0
830615742 0
806157432 0
061574382 0
306157482 0
061574832 0
615782340 0
430615782 0
061578324 0
615783420 2
306157842 0
061578432 0
615823470 0
615823740 0
437061582 0
473061582 0
615827340 0
743061582 0
706158324 0
061583274 0
061583427 2
615834720 2
061583724 0
615837420 2
370615842 0
730615842 0
706158432 0
061584372 0
306158472 0
061584732 0
615872340 0
430615872 0
061587324 0
615873420 2
306158742 0
061587432 0
345806172 0
348506172 0
723548061 0
723584061 0
384506172 0
723854061 0
243580617 0
243850617 0
538061724 2
583061724 2
248350617 0
853061724 2
172534806 0
172538406 0
543806172 0
548306172 0
172583406 0
584306172 0
834506172 0
728354061 0
284350617 0
453061728 2
172853406 0
854306172 0
458061732 2
485061732 2
173254806 0
173258406 0
845061732 2
173285406 0
061734258 2
617342850 2
806173452 0
061734582 0
617348250 2
061734852 0
735248061 2
735284061 2
354280617 0
354820617 0
735824061 2
358420617 0
245061738 2
173825406 0
617384250 2
061738452 0
738524061 2
385420617 0
742358061 2
742385061 2
253806174 0
258306174 0
742835061 2
285306174 0
174325806 0
174328506 0
617435280 0
617435820 0
174382506 0
617438520 0
745238061 0
745283061 0
453280617 2
453820617 2
745823061 0
458320617 2
748235061 2
825306174 0
174832506 0
617483520 0
748523061 0
485320617 2
617523480 0
617523840 0
438061752 0
483061752 0
617528340 0
843061752 0
806175324 0
061753284 0
061753428 2
617534820 2
061753824 0
617538420 2
380617542 0
830617542 0
806175432 0
061754382 0
306175482 0
061754832 0
617582340 0
430617582 0
061758324 0
617583420 2
306175842 0
061758432 0
345061782 0
782354061 0
824350617 0
530617824 2
178253406 0
543061782 0
450617832 2
178325406 0
617834250 2
061783452 0
783524061 2
835420617 0
784235061 2
253061784 0
178432506 0
617843520 0
784523061 0
845320617 2
617852340 0
430617852 0
061785324 0
617853420 2
306178542 0
061785432 0
345706182 0
347506182 0
823547061 0
823574061 0
374506182 0
823754061 0
061824357 0
506182437 0
537061824 2
573061824 2
350618247 0
753061824 2
182534706 0
182537406 0
543706182 0
547306182 0
182573406 0
574306182 0
734506182 0
827354061 0
435061827 0
453061827 2
182753406 0
754306182 0
457061832 2
475061832 2
183254706 0
183257406 0
745061832 2
183275406 0
061834257 2
618342750 2
706183452 0
061834572 0
618347250 2
061834752 0
835247061 2
835274061 2
061835427 0
206183547 0
835724061 2
420618357 0
245061837 2
183725406 0
618374250 2
061837452 0
837524061 2
542061837 0
842357061 2
842375061 2
253706184 0
257306184 0
842735061 2
275306184 0
184325706 0
184327506 0
618435270 0
618435720 0
184372506 0
618437520 0
845237061 0
845273061 0
453270618 2
453720618 2
845723061 0
457320618 2
847235061 2
725306184 0
184732506 0
618473520 0
847523061 0
475320618 2
618523470 0
618523740 0
437061852 0
473061852 0
618527340 0
743061852 0
706185324 0
061853274 0
061853427 2
618534720 2
061853724 0
618537420 2
370618542 0
730618542 0
706185432 0
061854372 0
306185472 0
061854732 0
618572340 0
430618572 0
061857324 0
618573420 2
306185742 0
061857432 0
345061872 0
872354061 0
243506187 0
530618724 2
187253406 0
543061872 0
450618732 2
187325406 0
618734250 2
061873452 0
873524061 2
354206187 0
874235061 2
253061874 0
187432506 0
618743520 0
874523061 0
745320618 2
618752340 0
430618752 0
061875324 0
618753420 2
306187542 0
061875432 0
134578062 0
134587062 0
134758062 0
134785062 0
134857062 0
134875062 0
354780621 0
354870621 0
357480621 0
357840621 0
358470621 0
358740621 0
137458062 0
137485062 0
375480621 0
375840621 0
137845062 0
378540621 0
138457062 0
138475062 0
385470621 0
385740621 0
138745062 0
387540621 0
214357806 0
214358706 0
214375806 0
214378506 0
214385706 0
214387506 0
453780621 0
453870621 0
457380621 0
457830621 0
458370621 0
458730621 0
214735806 0
214738506 0
475380621 0
475830621 0
214783506 0
478530621 0
214835706 0
214837506 0
485370621 0
485730621 0
214873506 0
487530621 0
806215347 0
062153487 0
480621537 0
840621537 0
062153847 0
406215387 0
437806215 2
438706215 2
473806215 2
478306215 2
483706215 2
487306215 2
348062157 0
384062157 0
743806215 2
748306215 2
834062157 0
784306215 2
062158347 0
406215837 0
843706215 2
847306215 2
340621587 0
874306215 2
173458062 0
173485062 0
735480621 0
735840621 0
173845062 0
738540621 0
217435806 0
217438506 0
745380621 0
745830621 0
217483506 0
748530621 0
534806217 0
538406217 0
543806217 2
548306217 2
583406217 0
584306217 2
178345062 0
783540621 0
217843506 0
784530621 0
853406217 0
854306217 2
183457062 0
183475062 0
835470621 0
835740621 0
183745062 0
837540621 0
218435706 0
218437506 0
845370621 0
845730621 0
218473506 0
847530621 0
062185347 0
406218537 0
543706218 2
547306218 2
340621857 0
574306218 2
187345062 0
873540621 0
218743506 0
874530621 0
534062187 0
754306218 2
231457806 0
231458706 0
231475806 0
231478506 0
231485706 0
231487506 0
547806231 2
548706231 2
574806231 2
578406231 2
584706231 2
587406231 2
231745806 0
231748506 0
754806231 2
758406231 2
231784506 0
785406231 2
231845706 0
231847506 0
854706231 2
857406231 2
231874506 0
875406231 2
623415780 0
623415870 0
623417580 0
623417850 0
623418570 0
623418750 0
806234517 0
062345187 0
180623457 0
810623457 0
062345817 0
106234587 0
623471580 0
623471850 0
518062347 0
581062347 0
623478150 0
851062347 0
623481570 0
623481750 0
062348517 0
106234857 0
623487150 0
510623487 0
623514780 0
623514870 0
623517480 0
623517840 0
623518470 0
623518740 0
235417806 2
235418706 2
235471806 2
235478106 2
235481706 2
235487106 2
623571480 0
623571840 0
235741806 2
235748106 2
623578140 0
235784106 2
623581470 0
623581740 0
235841706 2
235847106 2
623587140 0
235874106 2
237145806 0
237148506 0
154806237 2
158406237 2
237184506 0
185406237 2
623741580 0
623741850 0
451806237 0
458106237 0
623748150 0
485106237 0
623751480 0
623751840 0
237541806 2
237548106 2
623758140 0
237584106 2
237814506 0
815406237 2
623784150 0
845106237 0
623785140 0
237854106 2
238145706 0
238147506 0
154706238 2
157406238 2
238174506 0
175406238 2
623841570 0
623841750 0
062384517 0
106238457 0
623847150 0
510623847 0
623851470 0
623851740 0
238541706 2
238547106 2
623857140 0
238574106 2
238714506 0
715406238 2
623874150 0
451062387 0
623875140 0
238754106 2
624135780 0
624135870 0
624137580 0
624137850 0
624138570 0
624138750 0
537806241 0
538706241 0
573806241 0
578306241 0
583706241 0
587306241 0
624173580 0
624173850 0
753806241 0
758306241 0
624178350 0
785306241 0
624183570 0
624183750 0
853706241 0
857306241 0
624187350 0
875306241 0
780624315 0
870624315 0
806243175 0
062431785 0
706243185 0
062431875 0
806243517 2
706243518 2
062435718 2
624357810 2
062435817 2
624358710 2
806243715 0
062437185 0
062437518 2
624375810 2
062437815 0
624378510 2
706243815 0
062438175 0
062438517 2
624385710 2
062438715 0
624387510 2
378062451 0
387062451 0
738062451 0
783062451 0
837062451 0
873062451 0
780624531 0
870624531 0
806245371 0
062453781 0
706245381 0
062453871 0
380624571 0
830624571 0
806245731 0
062457381 0
306245781 0
062457831 0
370624581 0
730624581 0
706245831 0
062458371 0
306245871 0
062458731 0
624713580 0
624713850 0
538062471 0
583062471 0
624718350 0
853062471 0
806247315 0
062473185 0
062473518 2
624735810 2
062473815 0
624738510 2
380624751 0
830624751 0
806247531 0
062475381 0
306247581 0
062475831 0
624781350 0
530624781 0
062478315 0
624783510 2
306247851 0
062478531 0
624813570 0
624813750 0
537062481 0
573062481 0
624817350 0
753062481 0
706248315 0
062483175 0
062483517 2
624835710 2
062483715 0
624837510 2
370624851 0
730624851 0
706248531 0
062485371 0
306248571 0
062485731 0
624871350 0
530624871 0
062487315 0
624873510 2
306248751 0
062487531 0
513478062 0
513487062 0
513748062 0
513784062 0
513847062 0
513874062 0
143780625 0
143870625 0
147380625 0
147830625 0
148370625 0
148730625 0
517348062 0
517384062 0
174380625 0
174830625 0
517834062 0
178430625 0
518347062 0
518374062 0
184370625 0
184730625 0
518734062 0
187430625 0
253147806 0
253148706 0
253174806 0
253178406 0
253184706 0
253187406 0
625341780 0
625341870 0
625347180 0
625347810 0
625348170 0
625348710 0
253714806 0
253718406 0
625374180 0
625374810 0
253781406 0
625378410 0
253814706 0
253817406 0
625384170 0
625384710 0
253871406 0
625387410 0
541378062 0
541387062 0
541738062 0
541783062 0
541837062 0
541873062 0
431780625 2
431870625 2
437180625 2
437810625 2
438170625 2
438710625 2
547138062 0
547183062 0
473180625 2
473810625 2
547813062 0
478310625 2
548137062 0
548173062 0
483170625 2
483710625 2
548713062 0
487310625 2
571348062 0
571384062 0
714380625 0
714830625 0
571834062 0
718430625 0
257314806 0
257318406 0
625734180 0
625734810 0
257381406 0
625738410 0
574138062 0
574183062 0
743180625 2
743810625 2
574813062 0
748310625 2
578134062 0
781430625 0
257831406 0
625783410 0
578413062 0
784310625 2
581347062 0
581374062 0
814370625 0
814730625 0
581734062 0
817430625 0
258314706 0
258317406 0
625834170 0
625834710 0
258371406 0
625837410 0
584137062 0
584173062 0
843170625 2
843710625 2
584713062 0
847310625 2
587134062 0
871430625 0
258731406 0
625873410 0
587413062 0
874310625 2
713458062 0
713485062 0
354806271 0
358406271 0
713845062 0
385406271 0
271435806 0
271438506 0
453806271 0
458306271 0
271483506 0
485306271 0
153480627 0
153840627 0
438062715 2
483062715 2
158340627 0
843062715 2
718345062 0
835406271 0
271843506 0
845306271 0
185340627 0
543062718 2
273145806 0
273148506 0
548062731 2
584062731 2
273184506 0
854062731 2
627341580 0
627341850 0
345180627 0
345810627 0
627348150 0
348510627 0
627351480 0
627351840 0
273541806 2
273548106 2
627358140 0
273584106 2
273814506 0
154062738 2
627384150 0
384510627 0
627385140 0
273854106 2
627413580 0
627413850 0
538062741 0
583062741 0
627418350 0
853062741 0
806274315 0
062743185 0
062743518 2
627435810 2
062743815 0
627438510 2
380627451 0
830627451 0
806274531 0
062745381 0
306274581 0
062745831 0
627481350 0
530627481 0
062748315 0
627483510 2
306274851 0
062748531 0
751348062 0
751384062 0
143806275 0
148306275 0
751834062 0
184306275 0
275314806 0
275318406 0
627534180 0
627534810 0
275381406 0
627538410 0
754138062 0
754183062 0
543180627 2
543810627 2
754813062 0
548310627 2
758134062 0
814306275 0
275831406 0
627583410 0
758413062 0
584310627 2
781345062 0
354062781 0
278143506 0
453062781 0
815340627 0
430627815 2
278314506 0
540627831 2
627834150 0
834510627 0
627835140 0
278354106 2
627841350 0
530627841 0
062784315 0
627843510 2
306278451 0
062784531 0
785134062 0
143062785 0
278531406 0
627853410 0
785413062 0
854310627 2
813457062 0
813475062 0
354706281 0
357406281 0
813745062 0
375406281 0
281435706 0
281437506 0
453706281 0
457306281 0
281473506 0
475306281 0
062815347 0
406281537 0
437062815 2
473062815 2
340628157 0
743062815 2
817345062 0
735406281 0
281743506 0
745306281 0
534062817 0
543062817 2
283145706 0
283147506 0
547062831 2
574062831 2
283174506 0
754062831 2
628341570 0
628341750 0
062834517 0
106283457 0
628347150 0
510628347 0
628351470 0
628351740 0
283541706 2
283547106 2
628357140 0
283574106 2
283714506 0
154062837 2
628374150 0
451062837 0
628375140 0
283754106 2
628413570 0
628413750 0
537062841 0
573062841 0
628417350 0
753062841 0
706284315 0
062843175 0
062843517 2
628435710 2
062843715 0
628437510 2
370628451 0
730628451 0
706284531 0
062845371 0
306284571 0
062845731 0
628471350 0
530628471 0
062847315 0
628473510 2
306284751 0
062847531 0
851347062 0
851374062 0
143706285 0
147306285 0
851734062 0
174306285 0
285314706 0
285317406 0
628534170 0
628534710 0
285371406 0
628537410 0
854137062 0
854173062 0
543170628 2
543710628 2
854713062 0
547310628 2
857134062 0
714306285 0
285731406 0
628573410 0
857413062 0
574310628 2
871345062 0
354062871 0
287143506 0
453062871 0
153406287 0
430628715 2
287314506 0
540628731 2
628734150 0
345106287 0
628735140 0
287354106 2
628741350 0
530628741 0
062874315 0
628743510 2
306287451 0
062874531 0
875134062 0
143062875 0
287531406 0
628753410 0
875413062 0
754310628 2
245780631 0
245870631 0
247580631 0
247850631 0
248570631 0
248750631 0
547806312 0
548706312 0
574806312 0
578406312 0
584706312 0
587406312 0
274580631 0
274850631 0
754806312 0
758406312 0
278450631 0
785406312 0
284570631 0
284750631 0
854706312 0
857406312 0
287450631 0
875406312 0
780631425 0
870631425 0
806314275 0
063142785 0
706314285 0
063142875 0
278063145 0
287063145 0
728063145 0
782063145 0
827063145 0
872063145 0
806314725 0
063147285 0
280631475 0
820631475 0
063147825 0
206314785 0
706314825 0
063148275 0
270631485 0
720631485 0
063148725 0
206314875 0
478063152 0
487063152 0
748063152 0
784063152 0
847063152 0
874063152 0
780631542 2
870631542 2
280631547 2
820631547 2
270631548 2
720631548 2
480631572 0
840631572 0
806315742 2
206315748 2
406315782 0
063157842 2
470631582 0
740631582 0
706315842 2
206315847 2
406315872 0
063158742 2
724580631 0
724850631 0
548063172 0
584063172 0
728450631 0
854063172 0
806317425 0
063174285 0
280631745 0
820631745 0
063174825 0
206317485 0
480631752 0
840631752 0
806317542 2
206317548 2
406317582 0
063175842 2
782450631 0
540631782 0
063178425 0
206317845 0
406317852 0
063178542 2
824570631 0
824750631 0
547063182 0
574063182 0
827450631 0
754063182 0
706318425 0
063184275 0
270631845 0
720631845 0
063184725 0
206318475 0
470631852 0
740631852 0
706318542 2
206318547 2
406318572 0
063185742 2
872450631 0
540631872 0
063187425 0
206318745 0
406318752 0
063187542 2
457806321 0
458706321 0
475806321 0
478506321 0
485706321 0
487506321 0
154780632 0
154870632 0
157480632 0
157840632 0
158470632 0
158740632 0
745806321 0
748506321 0
175480632 0
175840632 0
784506321 0
178540632 0
845706321 0
847506321 0
185470632 0
185740632 0
874506321 0
187540632 0
578063241 0
587063241 0
758063241 0
785063241 0
857063241 0
875063241 0
780632451 2
870632451 2
180632457 2
810632457 2
170632458 2
710632458 2
580632471 0
850632471 0
806324751 2
106324758 2
506324781 0
063247851 2
570632481 0
750632481 0
706324851 2
106324857 2
506324871 0
063248751 2
780632514 0
870632514 0
806325174 0
063251784 0
706325184 0
063251874 0
178063254 0
187063254 0
718063254 0
781063254 0
817063254 0
871063254 0
806325714 0
063257184 0
180632574 0
810632574 0
063257814 0
106325784 0
706325814 0
063258174 0
170632584 0
710632584 0
063258714 0
106325874 0
458063271 0
485063271 0
715480632 0
715840632 0
845063271 0
718540632 0
580632741 0
850632741 0
806327451 2
106327458 2
506327481 0
063274851 2
806327514 0
063275184 0
180632754 0
810632754 0
063275814 0
106327584 0
450632781 0
781540632 0
506327841 0
063278451 2
063278514 0
106327854 0
457063281 0
475063281 0
815470632 0
815740632 0
745063281 0
817540632 0
570632841 0
750632841 0
706328451 2
106328457 2
506328471 0
063284751 2
706328514 0
063285174 0
170632854 0
710632854 0
063285714 0
106328574 0
450632871 0
871540632 0
506328741 0
063287451 2
063287514 0
106328754 0
578063412 0
587063412 0
758063412 0
785063412 0
857063412 0
875063412 0
780634152 0
870634152 0
806341572 0
063415782 0
706341582 0
063415872 0
580634172 0
850634172 0
806341752 0
063417582 0
506341782 0
063417852 0
570634182 0
750634182 0
706341852 0
063418572 0
506341872 0
063418752 0
780634215 2
870634215 2
580634217 2
850634217 2
570634218 2
750634218 2
178063425 0
187063425 0
718063425 0
781063425 0
817063425 0
871063425 0
806342715 2
506342718 2
180634275 0
810634275 0
063427815 2
106342785 0
706342815 2
506342817 2
170634285 0
710634285 0
063428715 2
106342875 0
512780634 0
512870634 0
517280634 0
517820634 0
518270634 0
518720634 0
217806345 0
218706345 0
271806345 0
278106345 0
281706345 0
287106345 0
571280634 0
571820634 0
721806345 0
728106345 0
578120634 0
782106345 0
581270634 0
581720634 0
821706345 0
827106345 0
587120634 0
872106345 0
580634712 0
850634712 0
806347152 0
063471582 0
506347182 0
063471852 0
806347215 2
506347218 2
180634725 0
810634725 0
063472815 2
106347285 0
751280634 0
751820634 0
218063475 0
281063475 0
758120634 0
821063475 0
506347812 0
063478152 0
063478215 2
106347825 0
785120634 0
210634785 0
570634812 0
750634812 0
706348152 0
063481572 0
506348172 0
063481752 0
706348215 2
506348217 2
170634825 0
710634825 0
063482715 2
106348275 0
851270634 0
851720634 0
217063485 0
271063485 0
857120634 0
721063485 0
506348712 0
063487152 0
063487215 2
106348725 0
875120634 0
210634875 0
780635124 2
870635124 2
480635127 2
840635127 2
470635128 2
740635128 2
278063514 0
287063514 0
728063514 0
782063514 0
827063514 0
872063514 0
806351724 2
406351728 2
280635174 0
820635174 0
063517824 2
206351784 0
706351824 2
406351827 2
270635184 0
720635184 0
063518724 2
206351874 0
478063521 0
487063521 0
748063521 0
784063521 0
847063521 0
874063521 0
780635241 0
870635241 0
806352471 0
063524781 0
706352481 0
063524871 0
480635271 0
840635271 0
806352741 0
063527481 0
406352781 0
063527841 0
470635281 0
740635281 0
706352841 0
063528471 0
406352871 0
063528741 0
127806354 0
128706354 0
172806354 0
178206354 0
182706354 0
187206354 0
421780635 0
421870635 0
427180635 0
427810635 0
428170635 0
428710635 0
712806354 0
718206354 0
472180635 0
472810635 0
781206354 0
478210635 0
812706354 0
817206354 0
482170635 0
482710635 0
871206354 0
487210635 0
806357124 2
406357128 2
280635714 0
820635714 0
063571824 2
206357184 0
480635721 0
840635721 0
806357241 0
063572481 0
406357281 0
063572841 0
128063574 0
182063574 0
742180635 0
742810635 0
812063574 0
748210635 0
063578124 2
206357814 0
406357821 0
063578241 0
120635784 0
784210635 0
706358124 2
406358127 2
270635814 0
720635814 0
063581724 2
206358174 0
470635821 0
740635821 0
706358241 0
063582471 0
406358271 0
063582741 0
127063584 0
172063584 0
842170635 0
842710635 0
712063584 0
847210635 0
063587124 2
206358714 0
406358721 0
063587241 0
120635874 0
874210635 0
245806371 0
248506371 0
548063712 0
584063712 0
284506371 0
854063712 0
806371425 0
063714285 0
280637145 0
820637145 0
063714825 0
206371485 0
480637152 0
840637152 0
806371542 2
206371548 2
406371582 0
063715842 2
824506371 0
540637182 0
063718425 0
206371845 0
406371852 0
063718542 2
458063721 0
485063721 0
154806372 0
158406372 0
845063721 0
185406372 0
580637241 0
850637241 0
806372451 2
106372458 2
506372481 0
063724851 2
806372514 0
063725184 0
180637254 0
810637254 0
063725814 0
106372584 0
450637281 0
815406372 0
506372841 0
063728451 2
063728514 0
106372854 0
580637412 0
850637412 0
806374152 0
063741582 0
506374182 0
063741852 0
806374215 2
506374218 2
180637425 0
810637425 0
063742815 2
106374285 0
512806374 0
518206374 0
218063745 0
281063745 0
581206374 0
821063745 0
506374812 0
063748152 0
063748215 2
106374825 0
851206374 0
210637485 0
806375124 2
406375128 2
280637514 0
820637514 0
063751824 2
206375184 0
480637521 0
840637521 0
806375241 0
063752481 0
406375281 0
063752841 0
128063754 0
182063754 0
421806375 0
428106375 0
812063754 0
482106375 0
063758124 2
206375814 0
406375821 0
063758241 0
120637584 0
842106375 0
245063781 0
540637812 0
063781425 0
206378145 0
406378152 0
063781542 2
450637821 0
154063782 0
506378241 0
063782451 2
063782514 0
106378254 0
506378412 0
063784152 0
063784215 2
106378425 0
512063784 0
210637845 0
063785124 2
206378514 0
406378521 0
063785241 0
120637854 0
421063785 0
245706381 0
247506381 0
547063812 0
574063812 0
274506381 0
754063812 0
706381425 0
063814275 0
270638145 0
720638145 0
063814725 0
206381475 0
470638152 0
740638152 0
706381542 2
206381547 2
406381572 0
063815742 2
724506381 0
540638172 0
063817425 0
206381745 0
406381752 0
063817542 2
457063821 0
475063821 0
154706382 0
157406382 0
745063821 0
175406382 0
570638241 0
750638241 0
706382451 2
106382457 2
506382471 0
063824751 2
706382514 0
063825174 0
170638254 0
710638254 0
063825714 0
106382574 0
450638271 0
715406382 0
506382741 0
063827451 2
063827514 0
106382754 0
570638412 0
750638412 0
706384152 0
063841572 0
506384172 0
063841752 0
706384215 2
506384217 2
170638425 0
710638425 0
063842715 2
106384275 0
512706384 0
517206384 0
217063845 0
271063845 0
571206384 0
721063845 0
506384712 0
063847152 0
063847215 2
106384725 0
751206384 0
210638475 0
706385124 2
406385127 2
270638514 0
720638514 0
063851724 2
206385174 0
470638521 0
740638521 0
706385241 0
063852471 0
406385271 0
063852741 0
127063854 0
172063854 0
421706385 0
427106385 0
712063854 0
472106385 0
063857124 2
206385714 0
406385721 0
063857241 0
120638574 0
742106385 0
245063871 0
540638712 0
063871425 0
206387145 0
406387152 0
063871542 2
450638721 0
154063872 0
506387241 0
063872451 2
063872514 0
106387254 0
506387412 0
063874152 0
063874215 2
106387425 0
512063874 0
210638745 0
063875124 2
206387514 0
406387521 0
063875241 0
120638754 0
421063875 0
412357806 0
412358706 0
412375806 0
412378506 0
412385706 0
412387506 0
125378064 0
125387064 0
125738064 0
125783064 0
125837064 0
125873064 0
412735806 0
412738506 0
127538064 0
127583064 0
412783506 0
127853064 0
412835706 0
412837506 0
128537064 0
128573064 0
412873506 0
128753064 0
641325780 0
641325870 0
641327580 0
641327850 0
641328570 0
641328750 0
413527806 0
413528706 0
413572806 0
413578206 0
413582706 0
413587206 0
641372580 0
641372850 0
413752806 0
413758206 0
641378250 0
413785206 0
641382570 0
641382750 0
413852706 0
413857206 0
641387250 0
413875206 0
523780641 0
523870641 0
527380641 0
527830641 0
528370641 0
528730641 0
153278064 0
153287064 0
153728064 0
153782064 0
153827064 0
153872064 0
572380641 0
572830641 0
157328064 0
157382064 0
578230641 0
157832064 0
582370641 0
582730641 0
158327064 0
158372064 0
587230641 0
158732064 0
417235806 0
417238506 0
172538064 0
172583064 0
417283506 0
172853064 0
641732580 0
641732850 0
417352806 0
417358206 0
641738250 0
417385206 0
752380641 0
752830641 0
175328064 0
175382064 0
758230641 0
175832064 0
417823506 0
178253064 0
641783250 0
417835206 0
785230641 0
178532064 0
418235706 0
418237506 0
182537064 0
182573064 0
418273506 0
182753064 0
641832570 0
641832750 0
418352706 0
418357206 0
641837250 0
418375206 0
852370641 0
852730641 0
185327064 0
185372064 0
857230641 0
185732064 0
418723506 0
187253064 0
641873250 0
418735206 0
875230641 0
187532064 0
780642135 2
870642135 2
580642137 2
850642137 2
570642138 2
750642138 2
378064215 0
387064215 0
738064215 0
783064215 0
837064215 0
873064215 0
806421735 2
506421738 2
380642175 0
830642175 0
064217835 2
306421785 0
706421835 2
506421837 2
370642185 0
730642185 0
064218735 2
306421875 0
578064231 0
587064231 0
758064231 0
785064231 0
857064231 0
875064231 0
780642351 0
870642351 0
806423571 0
064235781 0
706423581 0
064235871 0
580642371 0
850642371 0
806423751 0
064237581 0
506423781 0
064237851 0
570642381 0
750642381 0
706423851 0
064238571 0
506423871 0
064238751 0
137806425 0
138706425 0
173806425 0
178306425 0
183706425 0
187306425 0
642531780 0
642531870 0
642537180 0
642537810 0
642538170 0
642538710 0
713806425 0
718306425 0
642573180 0
642573810 0
781306425 0
642578310 0
813706425 0
817306425 0
642583170 0
642583710 0
871306425 0
642587310 0
806427135 2
506427138 2
380642715 0
830642715 0
064271835 2
306427185 0
580642731 0
850642731 0
806427351 0
064273581 0
506427381 0
064273851 0
138064275 0
183064275 0
642753180 0
642753810 0
813064275 0
642758310 0
064278135 2
306427815 0
506427831 0
064278351 0
130642785 0
642785310 0
706428135 2
506428137 2
370642815 0
730642815 0
064281735 2
306428175 0
570642831 0
750642831 0
706428351 0
064283571 0
506428371 0
064283751 0
137064285 0
173064285 0
642853170 0
642853710 0
713064285 0
642857310 0
064287135 2
306428715 0
506428731 0
064287351 0
130642875 0
642875310 0
431257806 2
431258706 2
431275806 2
431278506 2
431285706 2
431287506 2
643152780 0
643152870 0
643157280 0
643157820 0
643158270 0
643158720 0
431725806 2
431728506 2
643175280 0
643175820 0
431782506 2
643178520 0
431825706 2
431827506 2
643185270 0
643185720 0
431872506 2
643187520 0
806432157 0
064321587 0
580643217 0
850643217 0
064321857 0
506432187 0
325178064 2
325187064 2
325718064 2
325781064 2
325817064 2
325871064 2
158064327 0
185064327 0
327518064 2
327581064 2
815064327 0
327851064 2
064328157 0
506432817 0
328517064 2
328571064 2
150643287 0
328751064 2
127806435 2
128706435 2
172806435 2
178206435 2
182706435 2
187206435 2
435217806 0
435218706 0
435271806 0
435278106 0
435281706 0
435287106 0
712806435 2
718206435 2
435721806 0
435728106 0
781206435 2
435782106 0
812706435 2
817206435 2
435821706 0
435827106 0
871206435 2
435872106 0
437125806 2
437128506 2
643715280 0
643715820 0
437182506 2
643718520 0
215806437 0
218506437 0
372518064 2
372581064 2
281506437 0
372851064 2
512806437 2
518206437 2
437521806 0
437528106 0
581206437 2
437582106 0
437812506 2
643781520 0
821506437 0
378251064 2
851206437 2
437852106 0
438125706 2
438127506 2
643815270 0
643815720 0
438172506 2
643817520 0
064382157 0
506438217 0
382517064 2
382571064 2
150643827 0
382751064 2
512706438 2
517206438 2
438521706 0
438527106 0
571206438 2
438572106 0
438712506 2
643871520 0
215064387 0
387251064 2
751206438 2
438752106 0
237806451 0
238706451 0
273806451 0
278306451 0
283706451 0
287306451 0
806451327 0
064513287 0
280645137 0
820645137 0
064513827 0
206451387 0
723806451 0
728306451 0
328064517 0
382064517 0
782306451 0
832064517 0
823706451 0
827306451 0
064518327 0
206451837 0
872306451 0
320645187 0
378064521 2
387064521 2
738064521 2
783064521 2
837064521 2
873064521 2
452317806 0
452318706 0
452371806 0
452378106 0
452381706 0
452387106 0
138064527 2
183064527 2
452731806 0
452738106 0
813064527 2
452783106 0
137064528 2
173064528 2
452831706 0
452837106 0
713064528 2
452873106 0
312780645 0
312870645 0
317280645 0
317820645 0
318270645 0
318720645 0
532178064 0
532187064 0
532718064 0
532781064 0
532817064 0
532871064 0
371280645 0
371820645 0
537218064 0
537281064 0
378120645 0
537821064 0
381270645 0
381720645 0
538217064 0
538271064 0
387120645 0
538721064 0
238064571 0
283064571 0
132806457 0
138206457 0
823064571 0
183206457 0
380645721 2
830645721 2
457231806 0
457238106 0
130645728 2
457283106 0
731280645 0
731820645 0
573218064 0
573281064 0
738120645 0
573821064 0
230645781 0
813206457 0
306457821 2
457823106 0
783120645 0
578321064 0
237064581 0
273064581 0
064581327 0
206458137 0
723064581 0
320645817 0
370645821 2
730645821 2
458231706 0
458237106 0
130645827 2
458273106 0
831270645 0
831720645 0
583217064 0
583271064 0
837120645 0
583721064 0
230645871 0
132064587 0
306458721 2
458723106 0
873120645 0
587321064 0
471235806 0
471238506 0
712538064 0
712583064 0
471283506 0
712853064 0
647132580 0
647132850 0
471352806 0
471358206 0
647138250 0
471385206 0
523806471 0
528306471 0
715328064 0
715382064 0
582306471 0
715832064 0
471823506 0
718253064 0
647183250 0
471835206 0
852306471 0
718532064 0
806472135 2
506472138 2
380647215 0
830647215 0
064721835 2
306472185 0
580647231 0
850647231 0
806472351 0
064723581 0
506472381 0
064723851 0
138064725 0
183064725 0
647253180 0
647253810 0
813064725 0
647258310 0
064728135 2
306472815 0
506472831 0
064728351 0
130647285 0
647285310 0
473125806 2
473128506 2
647315280 0
647315820 0
473182506 2
647318520 0
321580647 0
321850647 0
732518064 2
732581064 2
328150647 0
732851064 2
128064735 2
182064735 2
473521806 0
473528106 0
812064735 2
473582106 0
473812506 2
647381520 0
382150647 0
738251064 2
512064738 2
473852106 0
238064751 0
283064751 0
513280647 0
513820647 0
823064751 0
518320647 0
380647521 2
830647521 2
475231806 0
475238106 0
130647528 2
475283106 0
312806475 0
318206475 0
753218064 0
753281064 0
381206475 0
753821064 0
230647581 0
581320647 0
306475821 2
475823106 0
831206475 0
758321064 0
478123506 0
781253064 0
647813250 0
478135206 0
523064781 0
781532064 0
064782135 2
306478215 0
506478231 0
064782351 0
130647825 0
647825310 0
478312506 2
647831520 0
832150647 0
783251064 2
120647835 2
478352106 0
230647851 0
851320647 0
306478521 2
478523106 0
312064785 0
785321064 0
481235706 0
481237506 0
812537064 0
812573064 0
481273506 0
812753064 0
648132570 0
648132750 0
481352706 0
481357206 0
648137250 0
481375206 0
523706481 0
527306481 0
815327064 0
815372064 0
572306481 0
815732064 0
481723506 0
817253064 0
648173250 0
481735206 0
752306481 0
817532064 0
706482135 2
506482137 2
370648215 0
730648215 0
064821735 2
306482175 0
570648231 0
750648231 0
706482351 0
064823571 0
506482371 0
064823751 0
137064825 0
173064825 0
648253170 0
648253710 0
713064825 0
648257310 0
064827135 2
306482715 0
506482731 0
064827351 0
130648275 0
648275310 0
483125706 2
483127506 2
648315270 0
648315720 0
483172506 2
648317520 0
064832157 0
506483217 0
832517064 2
832571064 2
150648327 0
832751064 2
127064835 2
172064835 2
483521706 0
483527106 0
712064835 2
483572106 0
483712506 2
648371520 0
215064837 0
837251064 2
512064837 2
483752106 0
237064851 0
273064851 0
064851327 0
206485137 0
723064851 0
320648517 0
370648521 2
730648521 2
485231706 0
485237106 0
130648527 2
485273106 0
312706485 0
317206485 0
853217064 0
853271064 0
371206485 0
853721064 0
230648571 0
132064857 0
306485721 2
485723106 0
731206485 0
857321064 0
487123506 0
871253064 0
648713250 0
487135206 0
523064871 0
871532064 0
064872135 2
306487215 0
506487231 0
064872351 0
130648725 0
648725310 0
487312506 2
648731520 0
321506487 0
873251064 2
120648735 2
487352106 0
230648751 0
513206487 0
306487521 2
487523106 0
312064875 0
875321064 0
780651234 0
870651234 0
806512374 0
065123784 0
706512384 0
065123874 0
378065124 0
387065124 0
738065124 0
783065124 0
837065124 0
873065124 0
806512734 0
065127384 0
380651274 0
830651274 0
065127834 0
306512784 0
706512834 0
065128374 0
370651284 0
730651284 0
065128734 0
306512874 0
806513247 2
706513248 2
065132748 2
651327840 2
065132847 2
651328740 2
780651342 0
870651342 0
806513472 0
065134782 0
706513482 0
065134872 0
065137248 2
651372840 2
806513742 0
065137482 0
651378240 2
065137842 0
065138247 2
651382740 2
706513842 0
065138472 0
651387240 2
065138742 0
237806514 0
238706514 0
273806514 0
278306514 0
283706514 0
287306514 0
651432780 0
651432870 0
651437280 0
651437820 0
651438270 0
651438720 0
723806514 0
728306514 0
651473280 0
651473820 0
782306514 0
651478320 0
823706514 0
827306514 0
651483270 0
651483720 0
872306514 0
651487320 0
806517234 0
065172384 0
380651724 0
830651724 0
065172834 0
306517284 0
065173248 2
651732840 2
806517342 0
065173482 0
651738240 2
065173842 0
238065174 0
283065174 0
651743280 0
651743820 0
823065174 0
651748320 0
065178234 0
306517824 0
651783240 2
065178342 0
230651784 0
651784320 0
706518234 0
065182374 0
370651824 0
730651824 0
065182734 0
306518274 0
065183247 2
651832740 2
706518342 0
065183472 0
651837240 2
065183742 0
237065184 0
273065184 0
651843270 0
651843720 0
723065184 0
651847320 0
065187234 0
306518724 0
651873240 2
065187342 0
230651874 0
651874320 0
134780652 2
134870652 2
137480652 2
137840652 2
138470652 2
138740652 2
214378065 0
214387065 0
214738065 0
214783065 0
214837065 0
214873065 0
173480652 2
173840652 2
217438065 0
217483065 0
178340652 2
217843065 0
183470652 2
183740652 2
218437065 0
218473065 0
187340652 2
218743065 0
652314780 0
652314870 0
652317480 0
652317840 0
652318470 0
652318740 0
523417806 0
523418706 0
523471806 0
523478106 0
523481706 0
523487106 0
652371480 0
652371840 0
523741806 0
523748106 0
652378140 0
523784106 0
652381470 0
652381740 0
523841706 0
523847106 0
652387140 0
523874106 0
413780652 0
413870652 0
417380652 0
417830652 0
418370652 0
418730652 0
243178065 0
243187065 0
243718065 0
243781065 0
243817065 0
243871065 0
471380652 0
471830652 0
247318065 0
247381065 0
478130652 0
247831065 0
481370652 0
481730652 0
248317065 0
248371065 0
487130652 0
248731065 0
713480652 2
713840652 2
271438065 0
271483065 0
718340652 2
271843065 0
652731480 0
652731840 0
527341806 0
527348106 0
652738140 0
527384106 0
741380652 0
741830652 0
274318065 0
274381065 0
748130652 0
274831065 0
781340652 2
278143065 0
652783140 0
527834106 0
784130652 0
278431065 0
813470652 2
813740652 2
281437065 0
281473065 0
817340652 2
281743065 0
652831470 0
652831740 0
528341706 0
528347106 0
652837140 0
528374106 0
841370652 0
841730652 0
284317065 0
284371065 0
847130652 0
284731065 0
871340652 2
287143065 0
652873140 0
528734106 0
874130652 0
287431065 0
806531247 0
065312487 0
480653127 0
840653127 0
065312847 0
406531287 0
314278065 2
314287065 2
314728065 2
314782065 2
314827065 2
314872065 2
248065317 0
284065317 0
317428065 2
317482065 2
824065317 0
317842065 2
065318247 0
406531827 0
318427065 2
318472065 2
240653187 0
318742065 2
532147806 2
532148706 2
532174806 2
532178406 2
532184706 2
532187406 2
653241780 0
653241870 0
653247180 0
653247810 0
653248170 0
653248710 0
532714806 2
532718406 2
653274180 0
653274810 0
532781406 2
653278410 0
532814706 2
532817406 2
653284170 0
653284710 0
532871406 2
653287410 0
534127806 0
534128706 0
534172806 0
534178206 0
534182706 0
534187206 0
217806534 2
218706534 2
271806534 2
278106534 2
281706534 2
287106534 2
534712806 0
534718206 0
721806534 2
728106534 2
534781206 0
782106534 2
534812706 0
534817206 0
821706534 2
827106534 2
534871206 0
872106534 2
124806537 0
128406537 0
371428065 2
371482065 2
182406537 0
371842065 2
537214806 2
537218406 2
653724180 0
653724810 0
537281406 2
653728410 0
537412806 0
537418206 0
421806537 2
428106537 2
537481206 0
482106537 2
812406537 0
378142065 2
537821406 2
653782410 0
537841206 0
842106537 2
065381247 0
406538127 0
381427065 2
381472065 2
240653817 0
381742065 2
538214706 2
538217406 2
653824170 0
653824710 0
538271406 2
653827410 0
538412706 0
538417206 0
421706538 2
427106538 2
538471206 0
472106538 2
124065387 0
387142065 2
538721406 2
653872410 0
538741206 0
742106538 2
378065412 2
387065412 2
738065412 2
783065412 2
837065412 2
873065412 2
541327806 0
541328706 0
541372806 0
541378206 0
541382706 0
541387206 0
238065417 2
283065417 2
541732806 0
541738206 0
823065417 2
541783206 0
237065418 2
273065418 2
541832706 0
541837206 0
723065418 2
541873206 0
137806542 0
138706542 0
173806542 0
178306542 0
183706542 0
187306542 0
806542317 0
065423187 0
180654237 0
810654237 0
065423817 0
106542387 0
713806542 0
718306542 0
318065427 0
381065427 0
781306542 0
831065427 0
813706542 0
817306542 0
065428317 0
106542837 0
871306542 0
310654287 0
431278065 0
431287065 0
431728065 0
431782065 0
431827065 0
431872065 0
321780654 0
321870654 0
327180654 0
327810654 0
328170654 0
328710654 0
437128065 0
437182065 0
372180654 0
372810654 0
437812065 0
378210654 0
438127065 0
438172065 0
382170654 0
382710654 0
438712065 0
387210654 0
380654712 2
830654712 2
547132806 0
547138206 0
230654718 2
547183206 0
138065472 0
183065472 0
231806547 0
238106547 0
813065472 0
283106547 0
473128065 0
473182065 0
732180654 0
732810654 0
473812065 0
738210654 0
306547812 2
547813206 0
130654782 0
823106547 0
478312065 0
783210654 0
370654812 2
730654812 2
548132706 0
548137206 0
230654817 2
548173206 0
137065482 0
173065482 0
065482317 0
106548237 0
713065482 0
310654827 0
483127065 0
483172065 0
832170654 0
832710654 0
483712065 0
837210654 0
306548712 2
548713206 0
130654872 0
231065487 0
487312065 0
873210654 0
806571234 0
065712384 0
380657124 0
830657124 0
065712834 0
306571284 0
065713248 2
657132840 2
806571342 0
065713482 0
657138240 2
065713842 0
238065714 0
283065714 0
657143280 0
657143820 0
823065714 0
657148320 0
065718234 0
306571824 0
657183240 2
065718342 0
230657184 0
657184320 0
213480657 2
213840657 2
721438065 0
721483065 0
218340657 2
721843065 0
657231480 0
657231840 0
572341806 0
572348106 0
657238140 0
572384106 0
413806572 0
418306572 0
724318065 0
724381065 0
481306572 0
724831065 0
281340657 2
728143065 0
657283140 0
572834106 0
841306572 0
728431065 0
312480657 0
312840657 0
731428065 2
731482065 2
318240657 0
731842065 2
573214806 2
573218406 2
657324180 0
657324810 0
573281406 2
657328410 0
573412806 0
573418206 0
218065734 2
281065734 2
573481206 0
821065734 2
381240657 0
738142065 2
573821406 2
657382410 0
573841206 0
421065738 2
380657412 2
830657412 2
574132806 0
574138206 0
230657418 2
574183206 0
138065742 0
183065742 0
423180657 0
423810657 0
813065742 0
428310657 0
743128065 0
743182065 0
321806574 0
328106574 0
743812065 0
382106574 0
306574812 2
574813206 0
130657482 0
482310657 0
748312065 0
832106574 0
065781234 0
306578124 0
657813240 2
065781342 0
230657814 0
657814320 0
821340657 2
782143065 0
657823140 0
578234106 0
413065782 0
782431065 0
831240657 0
783142065 2
578321406 2
657832410 0
578341206 0
210657834 2
306578412 2
578413206 0
130657842 0
842310657 0
784312065 0
321065784 0
706581234 0
065812374 0
370658124 0
730658124 0
065812734 0
306581274 0
065813247 2
658132740 2
706581342 0
065813472 0
658137240 2
065813742 0
237065814 0
273065814 0
658143270 0
658143720 0
723065814 0
658147320 0
065817234 0
306581724 0
658173240 2
065817342 0
230658174 0
658174320 0
213470658 2
213740658 2
821437065 0
821473065 0
217340658 2
821743065 0
658231470 0
658231740 0
582341706 0
582347106 0
658237140 0
582374106 0
413706582 0
417306582 0
824317065 0
824371065 0
471306582 0
824731065 0
271340658 2
827143065 0
658273140 0
582734106 0
741306582 0
827431065 0
065831247 0
406583127 0
831427065 2
831472065 2
240658317 0
831742065 2
583214706 2
583217406 2
658324170 0
658324710 0
583271406 2
658327410 0
583412706 0
583417206 0
217065834 2
271065834 2
583471206 0
721065834 2
124065837 0
837142065 2
583721406 2
658372410 0
583741206 0
421065837 2
370658412 2
730658412 2
584132706 0
584137206 0
230658417 2
584173206 0
137065842 0
173065842 0
065842317 0
106584237 0
713065842 0
310658427 0
843127065 0
843172065 0
321706584 0
327106584 0
843712065 0
372106584 0
306584712 2
584713206 0
130658472 0
231065847 0
847312065 0
732106584 0
065871234 0
306587124 0
658713240 2
065871342 0
230658714 0
658714320 0
721340658 2
872143065 0
658723140 0
587234106 0
413065872 0
872431065 0
312406587 0
873142065 2
587321406 2
658732410 0
587341206 0
210658734 2
306587412 2
587413206 0
130658742 0
423106587 0
874312065 0
321065874 0
345806712 0
348506712 0
235480671 0
235840671 0
384506712 0
238540671 0
124358067 0
124385067 0
538067124 2
583067124 2
124835067 0
853067124 2
712534806 0
712538406 0
543806712 0
548306712 0
712583406 0
584306712 0
834506712 0
283540671 0
128435067 0
453067128 2
712853406 0
854306712 0
458067132 2
485067132 2
713254806 0
713258406 0
845067132 2
713285406 0
067134258 2
671342850 2
806713452 0
067134582 0
671348250 2
067134852 0
135248067 2
135284067 2
135428067 0
135482067 0
135824067 2
135842067 0
245067138 2
713825406 0
671384250 2
067138452 0
138524067 2
138542067 0
142358067 2
142385067 2
253806714 0
258306714 0
142835067 2
285306714 0
714325806 0
714328506 0
671435280 0
671435820 0
714382506 0
671438520 0
452380671 0
452830671 0
532806714 2
538206714 2
458230671 0
583206714 2
148235067 2
825306714 0
714832506 0
671483520 0
485230671 0
853206714 2
671523480 0
671523840 0
438067152 0
483067152 0
671528340 0
843067152 0
806715324 0
067153284 0
067153428 2
671534820 2
067153824 0
671538420 2
380671542 0
830671542 0
806715432 0
067154382 0
306715482 0
067154832 0
671582340 0
430671582 0
067158324 0
671583420 2
306715842 0
067158432 0
345067182 0
823540671 0
182435067 0
530671824 2
718253406 0
543067182 0
450671832 2
718325406 0
671834250 2
067183452 0
183524067 2
183542067 0
184235067 2
253067184 0
718432506 0
671843520 0
845230671 0
453206718 2
671852340 0
430671852 0
067185324 0
671853420 2
306718542 0
067185432 0
134580672 0
134850672 0
354806721 0
358406721 0
138450672 0
385406721 0
721435806 0
721438506 0
453806721 0
458306721 0
721483506 0
485306721 0
215348067 0
215384067 0
438067215 2
483067215 2
215834067 0
843067215 2
183450672 0
835406721 0
721843506 0
845306721 0
218534067 0
543067218 2
723145806 0
723148506 0
548067231 2
584067231 2
723184506 0
854067231 2
672341580 0
672341850 0
234518067 0
234581067 0
672348150 0
234851067 0
672351480 0
672351840 0
723541806 2
723548106 2
672358140 0
723584106 2
723814506 0
154067238 2
672384150 0
238451067 0
672385140 0
723854106 2
672413580 0
672413850 0
538067241 0
583067241 0
672418350 0
853067241 0
806724315 0
067243185 0
067243518 2
672435810 2
067243815 0
672438510 2
380672451 0
830672451 0
806724531 0
067245381 0
306724581 0
067245831 0
672481350 0
530672481 0
067248315 0
672483510 2
306724851 0
067248531 0
513480672 0
513840672 0
143806725 0
148306725 0
518340672 0
184306725 0
725314806 0
725318406 0
672534180 0
672534810 0
725381406 0
672538410 0
541380672 0
541830672 0
431806725 2
438106725 2
548130672 0
483106725 2
581340672 0
814306725 0
725831406 0
672583410 0
584130672 0
843106725 2
813450672 0
354067281 0
728143506 0
453067281 0
281534067 0
430672815 2
728314506 0
540672831 2
672834150 0
283451067 0
672835140 0
728354106 2
672841350 0
530672841 0
067284315 0
672843510 2
306728451 0
067284531 0
851340672 0
143067285 0
728531406 0
672853410 0
854130672 0
543106728 2
245806731 0
248506731 0
548067312 0
584067312 0
284506731 0
854067312 0
806731425 0
067314285 0
280673145 0
820673145 0
067314825 0
206731485 0
480673152 0
840673152 0
806731542 2
206731548 2
406731582 0
067315842 2
824506731 0
540673182 0
067318425 0
206731845 0
406731852 0
067318542 2
458067321 0
485067321 0
154806732 0
158406732 0
845067321 0
185406732 0
580673241 0
850673241 0
806732451 2
106732458 2
506732481 0
067324851 2
806732514 0
067325184 0
180673254 0
810673254 0
067325814 0
106732584 0
450673281 0
815406732 0
506732841 0
067328451 2
067328514 0
106732854 0
580673412 0
850673412 0
806734152 0
067341582 0
506734182 0
067341852 0
806734215 2
506734218 2
180673425 0
810673425 0
067342815 2
106734285 0
512806734 0
518206734 0
218067345 0
281067345 0
581206734 0
821067345 0
506734812 0
067348152 0
067348215 2
106734825 0
851206734 0
210673485 0
806735124 2
406735128 2
280673514 0
820673514 0
067351824 2
206735184 0
480673521 0
840673521 0
806735241 0
067352481 0
406735281 0
067352841 0
128067354 0
182067354 0
421806735 0
428106735 0
812067354 0
482106735 0
067358124 2
206735814 0
406735821 0
067358241 0
120673584 0
842106735 0
245067381 0
540673812 0
067381425 0
206738145 0
406738152 0
067381542 2
450673821 0
154067382 0
506738241 0
067382451 2
067382514 0
106738254 0
506738412 0
067384152 0
067384215 2
106738425 0
512067384 0
210673845 0
067385124 2
206738514 0
406738521 0
067385241 0
120673854 0
421067385 0
741235806 0
741238506 0
125380674 0
125830674 0
741283506 0
128530674 0
674132580 0
674132850 0
741352806 0
741358206 0
674138250 0
741385206 0
523806741 0
528306741 0
153280674 0
153820674 0
582306741 0
158320674 0
741823506 0
182530674 0
674183250 0
741835206 0
852306741 0
185320674 0
806742135 2
506742138 2
380674215 0
830674215 0
067421835 2
306742185 0
580674231 0
850674231 0
806742351 0
067423581 0
506742381 0
067423851 0
138067425 0
183067425 0
674253180 0
674253810 0
813067425 0
674258310 0
067428135 2
306742815 0
506742831 0
067428351 0
130674285 0
674285310 0
743125806 2
743128506 2
674315280 0
674315820 0
743182506 2
674318520 0
432158067 0
432185067 0
432518067 2
432581067 2
432815067 0
432851067 2
128067435 2
182067435 2
743521806 0
743528106 0
812067435 2
743582106 0
743812506 2
674381520 0
438215067 0
438251067 2
512067438 2
743852106 0
238067451 0
283067451 0
451328067 0
451382067 0
823067451 0
451832067 0
380674521 2
830674521 2
745231806 0
745238106 0
130674528 2
745283106 0
312806745 0
318206745 0
532180674 0
532810674 0
381206745 0
538210674 0
230674581 0
458132067 0
306745821 2
745823106 0
831206745 0
583210674 0
748123506 0
812530674 0
674813250 0
748135206 0
523067481 0
815320674 0
067482135 2
306748215 0
506748231 0
067482351 0
130674825 0
674825310 0
748312506 2
674831520 0
483215067 0
483251067 2
120674835 2
748352106 0
230674851 0
485132067 0
306748521 2
748523106 0
312067485 0
853210674 0
806751234 0
067512384 0
380675124 0
830675124 0
067512834 0
306751284 0
067513248 2
675132840 2
806751342 0
067513482 0
675138240 2
067513842 0
238067514 0
283067514 0
675143280 0
675143820 0
823067514 0
675148320 0
067518234 0
306751824 0
675183240 2
067518342 0
230675184 0
675184320 0
134806752 2
138406752 2
214380675 0
214830675 0
183406752 2
218430675 0
675231480 0
675231840 0
752341806 0
752348106 0
675238140 0
752384106 0
413806752 0
418306752 0
243180675 0
243810675 0
481306752 0
248310675 0
813406752 2
281430675 0
675283140 0
752834106 0
841306752 0
284310675 0
531248067 0
531284067 0
531428067 2
531482067 2
531824067 0
531842067 2
753214806 2
753218406 2
675324180 0
675324810 0
753281406 2
675328410 0
753412806 0
753418206 0
218067534 2
281067534 2
753481206 0
821067534 2
538124067 0
538142067 2
753821406 2
675382410 0
753841206 0
421067538 2
380675412 2
830675412 2
754132806 0
754138206 0
230675418 2
754183206 0
138067542 0
183067542 0
542318067 0
542381067 0
813067542 0
542831067 0
431280675 0
431820675 0
321806754 0
328106754 0
438120675 0
382106754 0
306754812 2
754813206 0
130675482 0
548231067 0
483120675 0
832106754 0
067581234 0
306758124 0
675813240 2
067581342 0
230675814 0
675814320 0
213406758 2
821430675 0
675823140 0
758234106 0
413067582 0
824310675 0
583124067 0
583142067 2
758321406 2
675832410 0
758341206 0
210675834 2
306758412 2
758413206 0
130675842 0
584231067 0
843120675 0
321067584 0
345067812 0
235406781 0
812435067 0
530678124 2
781253406 0
543067812 0
450678132 2
781325406 0
678134250 2
067813452 0
813524067 2
813542067 0
814235067 2
253067814 0
781432506 0
678143520 0
452306781 0
532067814 2
678152340 0
430678152 0
067815324 0
678153420 2
306781542 0
067815432 0
134506782 0
354067821 0
782143506 0
453067821 0
821534067 0
430678215 2
782314506 0
540678231 2
678234150 0
823451067 0
678235140 0
782354106 2
678241350 0
530678241 0
067824315 0
678243510 2
306782451 0
067824531 0
513406782 0
143067825 0
782531406 0
678253410 0
541306782 0
431067825 2
245067831 0
540678312 0
067831425 0
206783145 0
406783152 0
067831542 2
450678321 0
154067832 0
506783241 0
067832451 2
067832514 0
106783254 0
506783412 0
067834152 0
067834215 2
106783425 0
512067834 0
210678345 0
067835124 2
206783514 0
406783521 0
067835241 0
120678354 0
421067835 0
784123506 0
125306784 0
678413250 0
784135206 0
523067841 0
153206784 0
067842135 2
306784215 0
506784231 0
067842351 0
130678425 0
678425310 0
784312506 2
678431520 0
843215067 0
843251067 2
120678435 2
784352106 0
230678451 0
845132067 0
306784521 2
784523106 0
312067845 0
532106784 0
067851234 0
306785124 0
678513240 2
067851342 0
230678514 0
678514320 0
134067852 2
214306785 0
678523140 0
785234106 0
413067852 0
243106785 0
853124067 0
853142067 2
785321406 2
678532410 0
785341206 0
210678534 2
306785412 2
785413206 0
130678542 0
854231067 0
431206785 0
321067854 0
345706812 0
347506812 0
235470681 0
235740681 0
374506812 0
237540681 0
068124357 0
506812437 0
537068124 2
573068124 2
350681247 0
753068124 2
812534706 0
812537406 0
543706812 0
547306812 0
812573406 0
574306812 0
734506812 0
273540681 0
435068127 0
453068127 2
812753406 0
754306812 0
457068132 2
475068132 2
813254706 0
813257406 0
745068132 2
813275406 0
068134257 2
681342750 2
706813452 0
068134572 0
681347250 2
068134752 0
135247068 2
135274068 2
068135427 0
206813547 0
135724068 2
420681357 0
245068137 2
813725406 0
681374250 2
068137452 0
137524068 2
542068137 0
142357068 2
142375068 2
253706814 0
257306814 0
142735068 2
275306814 0
814325706 0
814327506 0
681435270 0
681435720 0
814372506 0
681437520 0
452370681 0
452730681 0
532706814 2
537206814 2
457230681 0
573206814 2
147235068 2
725306814 0
814732506 0
681473520 0
475230681 0
753206814 2
681523470 0
681523740 0
437068152 0
473068152 0
681527340 0
743068152 0
706815324 0
068153274 0
068153427 2
681534720 2
068153724 0
681537420 2
370681542 0
730681542 0
706815432 0
068154372 0
306815472 0
068154732 0
681572340 0
430681572 0
068157324 0
681573420 2
306815742 0
068157432 0
345068172 0
723540681 0
243506817 0
530681724 2
817253406 0
543068172 0
450681732 2
817325406 0
681734250 2
068173452 0
173524068 2
354206817 0
174235068 2
253068174 0
817432506 0
681743520 0
745230681 0
453206817 2
681752340 0
430681752 0
068175324 0
681753420 2
306817542 0
068175432 0
134570682 0
134750682 0
354706821 0
357406821 0
137450682 0
375406821 0
821435706 0
821437506 0
453706821 0
457306821 0
821473506 0
475306821 0
068215347 0
406821537 0
437068215 2
473068215 2
340682157 0
743068215 2
173450682 0
735406821 0
821743506 0
745306821 0
534068217 0
543068217 2
823145706 0
823147506 0
547068231 2
574068231 2
823174506 0
754068231 2
682341570 0
682341750 0
068234517 0
106823457 0
682347150 0
510682347 0
682351470 0
682351740 0
823541706 2
823547106 2
682357140 0
823574106 2
823714506 0
154068237 2
682374150 0
451068237 0
682375140 0
823754106 2
682413570 0
682413750 0
537068241 0
573068241 0
682417350 0
753068241 0
706824315 0
068243175 0
068243517 2
682435710 2
068243715 0
682437510 2
370682451 0
730682451 0
706824531 0
068245371 0
306824571 0
068245731 0
682471350 0
530682471 0
068247315 0
682473510 2
306824751 0
068247531 0
513470682 0
513740682 0
143706825 0
147306825 0
517340682 0
174306825 0
825314706 0
825317406 0
682534170 0
682534710 0
825371406 0
682537410 0
541370682 0
541730682 0
431706825 2
437106825 2
547130682 0
473106825 2
571340682 0
714306825 0
825731406 0
682573410 0
574130682 0
743106825 2
713450682 0
354068271 0
827143506 0
453068271 0
153406827 0
430682715 2
827314506 0
540682731 2
682734150 0
345106827 0
682735140 0
827354106 2
682741350 0
530682741 0
068274315 0
682743510 2
306827451 0
068274531 0
751340682 0
143068275 0
827531406 0
682753410 0
754130682 0
543106827 2
245706831 0
247506831 0
547068312 0
574068312 0
274506831 0
754068312 0
706831425 0
068314275 0
270683145 0
720683145 0
068314725 0
206831475 0
470683152 0
740683152 0
706831542 2
206831547 2
406831572 0
068315742 2
724506831 0
540683172 0
068317425 0
206831745 0
406831752 0
068317542 2
457068321 0
475068321 0
154706832 0
157406832 0
745068321 0
175406832 0
570683241 0
750683241 0
706832451 2
106832457 2
506832471 0
068324751 2
706832514 0
068325174 0
170683254 0
710683254 0
068325714 0
106832574 0
450683271 0
715406832 0
506832741 0
068327451 2
068327514 0
106832754 0
570683412 0
750683412 0
706834152 0
068341572 0
506834172 0
068341752 0
706834215 2
506834217 2
170683425 0
710683425 0
068342715 2
106834275 0
512706834 0
517206834 0
217068345 0
271068345 0
571206834 0
721068345 0
506834712 0
068347152 0
068347215 2
106834725 0
751206834 0
210683475 0
706835124 2
406835127 2
270683514 0
720683514 0
068351724 2
206835174 0
470683521 0
740683521 0
706835241 0
068352471 0
406835271 0
068352741 0
127068354 0
172068354 0
421706835 0
427106835 0
712068354 0
472106835 0
068357124 2
206835714 0
406835721 0
068357241 0
120683574 0
742106835 0
245068371 0
540683712 0
068371425 0
206837145 0
406837152 0
068371542 2
450683721 0
154068372 0
506837241 0
068372451 2
068372514 0
106837254 0
506837412 0
068374152 0
068374215 2
106837425 0
512068374 0
210683745 0
068375124 2
206837514 0
406837521 0
068375241 0
120683754 0
421068375 0
841235706 0
841237506 0
125370684 0
125730684 0
841273506 0
127530684 0
684132570 0
684132750 0
841352706 0
841357206 0
684137250 0
841375206 0
523706841 0
527306841 0
153270684 0
153720684 0
572306841 0
157320684 0
841723506 0
172530684 0
684173250 0
841735206 0
752306841 0
175320684 0
706842135 2
506842137 2
370684215 0
730684215 0
068421735 2
306842175 0
570684231 0
750684231 0
706842351 0
068423571 0
506842371 0
068423751 0
137068425 0
173068425 0
684253170 0
684253710 0
713068425 0
684257310 0
068427135 2
306842715 0
506842731 0
068427351 0
130684275 0
684275310 0
843125706 2
843127506 2
684315270 0
684315720 0
843172506 2
684317520 0
068432157 0
506843217 0
432517068 2
432571068 2
150684327 0
432751068 2
127068435 2
172068435 2
843521706 0
843527106 0
712068435 2
843572106 0
843712506 2
684371520 0
215068437 0
437251068 2
512068437 2
843752106 0
237068451 0
273068451 0
068451327 0
206845137 0
723068451 0
320684517 0
370684521 2
730684521 2
845231706 0
845237106 0
130684527 2
845273106 0
312706845 0
317206845 0
532170684 0
532710684 0
371206845 0
537210684 0
230684571 0
132068457 0
306845721 2
845723106 0
731206845 0
573210684 0
847123506 0
712530684 0
684713250 0
847135206 0
523068471 0
715320684 0
068472135 2
306847215 0
506847231 0
068472351 0
130684725 0
684725310 0
847312506 2
684731520 0
321506847 0
473251068 2
120684735 2
847352106 0
230684751 0
513206847 0
306847521 2
847523106 0
312068475 0
753210684 0
706851234 0
068512374 0
370685124 0
730685124 0
068512734 0
306851274 0
068513247 2
685132740 2
706851342 0
068513472 0
685137240 2
068513742 0
237068514 0
273068514 0
685143270 0
685143720 0
723068514 0
685147320 0
068517234 0
306851724 0
685173240 2
068517342 0
230685174 0
685174320 0
134706852 2
137406852 2
214370685 0
214730685 0
173406852 2
217430685 0
685231470 0
685231740 0
852341706 0
852347106 0
685237140 0
852374106 0
413706852 0
417306852 0
243170685 0
243710685 0
471306852 0
247310685 0
713406852 2
271430685 0
685273140 0
852734106 0
741306852 0
274310685 0
068531247 0
406853127 0
531427068 2
531472068 2
240685317 0
531742068 2
853214706 2
853217406 2
685324170 0
685324710 0
853271406 2
685327410 0
853412706 0
853417206 0
217068534 2
271068534 2
853471206 0
721068534 2
124068537 0
537142068 2
853721406 2
685372410 0
853741206 0
421068537 2
370685412 2
730685412 2
854132706 0
854137206 0
230685417 2
854173206 0
137068542 0
173068542 0
068542317 0
106854237 0
713068542 0
310685427 0
431270685 0
431720685 0
321706854 0
327106854 0
437120685 0
372106854 0
306854712 2
854713206 0
130685472 0
231068547 0
473120685 0
732106854 0
068571234 0
306857124 0
685713240 2
068571342 0
230685714 0
685714320 0
213406857 2
721430685 0
685723140 0
857234106 0
413068572 0
724310685 0
312406857 0
573142068 2
857321406 2
685732410 0
857341206 0
210685734 2
306857412 2
857413206 0
130685742 0
423106857 0
743120685 0
321068574 0
345068712 0
235406871 0
124350687 0
530687124 2
871253406 0
543068712 0
450687132 2
871325406 0
687134250 2
068713452 0
713524068 2
135420687 0
714235068 2
253068714 0
871432506 0
687143520 0
452306871 0
532068714 2
687152340 0
430687152 0
068715324 0
687153420 2
306871542 0
068715432 0
134506872 0
354068721 0
872143506 0
453068721 0
215340687 0
430687215 2
872314506 0
540687231 2
687234150 0
234510687 0
687235140 0
872354106 2
687241350 0
530687241 0
068724315 0
687243510 2
306872451 0
068724531 0
513406872 0
143068725 0
872531406 0
687253410 0
541306872 0
431068725 2
245068731 0
540687312 0
068731425 0
206873145 0
406873152 0
068731542 2
450687321 0
154068732 0
506873241 0
068732451 2
068732514 0
106873254 0
506873412 0
068734152 0
068734215 2
106873425 0
512068734 0
210687345 0
068735124 2
206873514 0
406873521 0
068735241 0
120687354 0
421068735 0
874123506 0
125306874 0
687413250 0
874135206 0
523068741 0
153206874 0
068742135 2
306874215 0
506874231 0
068742351 0
130687425 0
687425310 0
874312506 2
687431520 0
432150687 0
743251068 2
120687435 2
874352106 0
230687451 0
451320687 0
306874521 2
874523106 0
312068745 0
532106874 0
068751234 0
306875124 0
687513240 2
068751342 0
230687514 0
687514320 0
134068752 2
214306875 0
687523140 0
875234106 0
413068752 0
243106875 0
531240687 0
753142068 2
875321406 2
687532410 0
875341206 0
210687534 2
306875412 2
875413206 0
130687542 0
542310687 0
431206875 0
321068754 0
807123456 2
607123458 2
580712346 0
850712346 0
071234856 2
507123486 0
680712354 0
860712354 0
807123564 0
071235684 0
607123584 0
071235864 0
458071236 0
485071236 0
654807123 0
658407123 0
845071236 0
685407123 0
071238456 2
507123846 0
607123854 0
071238564 0
450712386 0
865407123 0
680712435 0
860712435 0
807124365 2
507124368 2
607124385 0
071243865 2
368071245 0
386071245 0
563807124 0
568307124 0
836071245 0
586307124 0
580712463 0
850712463 0
807124653 0
071246583 0
507124683 0
071246853 0
607124835 0
071248365 2
360712485 0
856307124 0
507124863 0
071248653 0
807125346 0
071253486 0
480712536 0
840712536 0
071253846 0
407125386 0
436807125 0
438607125 0
638071254 0
683071254 0
483607125 0
863071254 0
807125634 2
407125638 2
380712564 0
830712564 0
071256834 2
307125684 0
071258346 0
407125836 0
843607125 0
630712584 0
071258634 2
307125864 0
345807126 0
348507126 0
548071263 0
584071263 0
384507126 0
854071263 0
807126435 0
071264385 0
380712645 0
830712645 0
071264835 0
307126485 0
480712653 0
840712653 0
807126543 2
307126548 2
407126583 0
071265843 2
834507126 0
540712683 0
071268435 0
307126845 0
407126853 0
071268543 2
071283456 2
507128346 0
607128354 0
071283564 0
450712836 0
654071283 0
607128435 0
071284365 2
360712845 0
563071284 0
507128463 0
071284653 0
071285346 0
407128536 0
436071285 0
630712854 0
071285634 2
307128564 0
345071286 0
540712863 0
071286435 0
307128645 0
407128653 0
071286543 2
132456807 0
132458607 0
246580713 2
246850713 2
132485607 0
248650713 2
132546807 2
132548607 2
713256480 0
713256840 0
132584607 2
713258640 0
326458071 0
326485071 0
548071326 2
584071326 2
326845071 0
854071326 2
132845607 0
284650713 2
132854607 2
713285640 0
328645071 0
654071328 2
680713425 0
860713425 0
807134265 0
071342685 0
607134285 0
071342865 0
807134526 2
607134528 2
280713456 0
820713456 0
071345826 2
207134586 0
713462580 0
713462850 0
528071346 0
582071346 0
713468250 0
852071346 0
607134825 0
071348265 0
071348526 2
207134856 0
713486250 0
520713486 0
713524680 0
713524860 0
352648071 0
352684071 0
713528460 0
352864071 0
354268071 0
354286071 0
546280713 0
546820713 0
354826071 0
548620713 0
562480713 0
562840713 0
642807135 0
648207135 0
568240713 0
684207135 0
713582460 0
358264071 0
358426071 0
584620713 0
586240713 0
864207135 0
624580713 0
624850713 0
254807136 0
258407136 0
628450713 0
285407136 0
364258071 0
364285071 0
280713645 2
820713645 2
364825071 0
520713648 2
136524807 0
136528407 0
428071365 0
482071365 0
136582407 0
842071365 0
682450713 0
825407136 0
368425071 0
207136845 2
136852407 0
420713685 0
138245607 0
824650713 2
138254607 2
713825640 0
382645071 0
540713826 2
607138425 0
071384265 0
071384526 2
207138456 0
713846250 0
520713846 0
713852460 0
385264071 0
385426071 0
854620713 0
856240713 0
642071385 0
862450713 0
254071386 0
386425071 0
207138645 2
138652407 0
420713865 0
714235680 0
714235860 0
142365807 0
142368507 0
714238560 0
142386507 0
425368071 0
425386071 0
638071425 2
683071425 2
425836071 0
863071425 2
142635807 2
142638507 2
714265380 0
714265830 0
142683507 2
714268530 0
714283560 0
142836507 0
428536071 0
563071428 2
142863507 2
714286530 0
807143256 0
071432586 0
071432658 2
714326850 2
071432856 0
714328650 2
714352680 0
714352860 0
628071435 0
682071435 0
714358260 0
862071435 0
807143625 0
071436285 0
280714365 0
820714365 0
071436825 0
207143685 0
071438256 0
714382650 2
714385260 0
620714385 0
071438625 0
207143865 0
523680714 0
523860714 0
263807145 0
268307145 0
528360714 0
286307145 0
453268071 0
453286071 0
280714536 2
820714536 2
453826071 0
620714538 2
145623807 0
145628307 0
328071456 0
382071456 0
145682307 0
832071456 0
582360714 0
826307145 0
458326071 0
207145836 2
145862307 0
320714586 0
714623580 0
714623850 0
462538071 0
462583071 0
714628350 0
462853071 0
325807146 2
328507146 2
635280714 0
635820714 0
382507146 2
638520714 0
652380714 0
652830714 0
532807146 0
538207146 0
658230714 0
583207146 0
714682350 0
468253071 0
832507146 2
683520714 0
685230714 0
853207146 0
714823560 0
148236507 0
482536071 0
630714825 2
148263507 2
714826530 0
071483256 0
714832650 2
714835260 0
620714835 0
071483625 0
207148365 0
852360714 0
263071485 0
485326071 0
207148536 2
148562307 0
320714856 0
714862350 0
486253071 0
632507148 2
863520714 0
865230714 0
532071486 0
071523468 2
715234860 2
807152364 0
071523684 0
715238460 2
071523864 0
368071524 2
386071524 2
524638071 0
524683071 0
836071524 2
524863071 0
152634807 0
152638407 0
264380715 2
264830715 2
152683407 0
268430715 2
715283460 2
071528364 0
436071528 2
528463071 0
152863407 0
286430715 2
532468071 0
532486071 0
715326480 0
715326840 0
532846071 0
715328640 0
342680715 2
342860715 2
462807153 0
468207153 0
348260715 2
486207153 0
624807153 2
628407153 2
364280715 0
364820715 0
682407153 2
368420715 0
538246071 0
715382640 0
384260715 2
846207153 0
862407153 2
386420715 0
236807154 0
238607154 0
426380715 0
426830715 0
283607154 0
428630715 0
154326807 0
154328607 0
628071543 0
682071543 0
154382607 0
862071543 0
546238071 0
546283071 0
280715463 2
820715463 2
546823071 0
320715468 2
823607154 0
482630715 0
154832607 0
620715483 0
548623071 0
207154863 2
480715623 0
840715623 0
807156243 0
071562483 0
407156283 0
071562843 0
807156324 2
407156328 2
280715634 0
820715634 0
071563824 2
207156384 0
715642380 0
715642830 0
328071564 0
382071564 0
715648230 0
832071564 0
407156823 0
071568243 0
071568324 2
207156834 0
715684230 0
320715684 0
715823460 2
071582364 0
360715824 2
582463071 0
158263407 0
826430715 2
583246071 0
715832640 0
834260715 2
462071583 0
362407158 2
836420715 0
236071584 0
842630715 0
158432607 0
620715843 0
584623071 0
207158463 2
407158623 0
071586243 0
071586324 2
207158634 0
715864230 0
320715864 0
458071623 2
485071623 2
623548071 0
623584071 0
845071623 2
623854071 0
716243580 0
716243850 0
162453807 2
162458307 2
716248350 0
162485307 2
253480716 2
253840716 2
162543807 0
162548307 0
258340716 2
162584307 0
345071628 2
628354071 0
716284350 0
162845307 2
285340716 2
162854307 0
245807163 0
248507163 0
325480716 0
325840716 0
284507163 0
328540716 0
163425807 0
163428507 0
528071634 0
582071634 0
163482507 0
852071634 0
635248071 0
635284071 0
280716354 2
820716354 2
635824071 0
420716358 2
824507163 0
382540716 0
163842507 0
520716384 0
638524071 0
207163854 2
642358071 0
642385071 0
716425380 0
716425830 0
642835071 0
716428530 0
432580716 0
432850716 0
352807164 0
358207164 0
438250716 0
385207164 0
523807164 2
528307164 2
453280716 0
453820716 0
582307164 2
458320716 0
648235071 0
716482530 0
483250716 0
835207164 0
852307164 2
485320716 0
807165234 0
071652384 0
071652438 2
716524830 2
071652834 0
716528430 2
716532480 0
716532840 0
428071653 0
482071653 0
716538240 0
842071653 0
807165423 0
071654283 0
280716543 0
820716543 0
071654823 0
207165483 0
071658234 0
716582430 2
716583240 0
420716583 0
071658423 0
207165843 0
450716823 2
682354071 0
716824350 0
168245307 2
825340716 2
168254307 0
245071683 0
832540716 0
168342507 0
520716834 0
683524071 0
207168354 2
684235071 0
716842530 0
843250716 0
352071684 0
452307168 2
845320716 0
071685234 0
716852430 2
716853240 0
420716853 0
071685423 0
207168543 0
071823456 2
507182346 0
607182354 0
071823564 0
450718236 0
654071823 0
607182435 0
071824365 2
360718245 0
563071824 0
507182463 0
071824653 0
071825346 0
407182536 0
436071825 0
630718254 0
071825634 2
307182564 0
345071826 0
540718263 0
071826435 0
307182645 0
407182653 0
071826543 2
183245607 0
324650718 2
183254607 2
718325640 0
832645071 0
540718326 2
607183425 0
071834265 0
071834526 2
207183456 0
718346250 0
520718346 0
718352460 0
835264071 0
835426071 0
546207183 0
562407183 0
642071835 0
624507183 0
254071836 0
836425071 0
207183645 2
183652407 0
420718365 0
718423560 0
184236507 0
842536071 0
630718425 2
184263507 2
718426530 0
071843256 0
718432650 2
718435260 0
620718435 0
071843625 0
207184365 0
523607184 0
263071845 0
845326071 0
207184536 2
184562307 0
320718456 0
718462350 0
846253071 0
325071846 2
635207184 0
652307184 0
532071846 0
718523460 2
071852364 0
360718524 2
852463071 0
185263407 0
526430718 2
853246071 0
718532640 0
534260718 2
462071853 0
624071853 2
364207185 0
236071854 0
426307185 0
185432607 0
620718543 0
854623071 0
207185463 2
407185623 0
071856243 0
071856324 2
207185634 0
718564230 0
320718564 0
450718623 2
862354071 0
718624350 0
186245307 2
625340718 2
186254307 0
245071863 0
325407186 0
186342507 0
520718634 0
863524071 0
207186354 2
864235071 0
718642530 0
432507186 0
352071864 0
523071864 2
453207186 0
071865234 0
718652430 2
718653240 0
420718653 0
071865423 0
207186543 0
680721345 0
860721345 0
807213465 0
072134685 0
607213485 0
072134865 0
468072135 0
486072135 0
480721356 2
840721356 2
846072135 0
640721358 2
645807213 0
648507213 0
548072136 0
584072136 0
684507213 0
854072136 0
607213845 0
072138465 0
460721385 0
407213856 2
864507213 0
540721386 0
807214356 0
072143586 0
580721436 0
850721436 0
072143856 0
507214386 0
536807214 0
538607214 0
638072145 0
683072145 0
583607214 0
863072145 0
807214635 2
507214638 2
380721465 0
830721465 0
072146835 2
307214685 0
072148356 0
507214836 0
853607214 0
630721485 0
072148635 2
307214865 0
680721534 2
860721534 2
648072153 0
684072153 0
460721538 2
864072153 0
368072154 0
386072154 0
463807215 0
468307215 0
836072154 0
486307215 0
480721563 0
840721563 0
807215643 0
072156483 0
407215683 0
072156843 0
607215834 2
640721583 0
360721584 0
846307215 0
407215863 0
072158643 0
458072163 0
485072163 0
354807216 0
358407216 0
845072163 0
385407216 0
580721643 0
850721643 0
807216453 2
307216458 2
507216483 0
072164853 2
807216534 0
072165384 0
380721654 0
830721654 0
072165834 0
307216584 0
450721683 0
835407216 0
507216843 0
072168453 2
072168534 0
307216854 0
607218345 0
072183465 0
460721835 0
407218356 2
645072183 0
540721836 0
072184356 0
507218436 0
536072184 0
630721845 0
072184635 2
307218465 0
607218534 2
640721853 0
360721854 0
463072185 0
407218563 0
072185643 0
450721863 0
354072186 0
507218643 0
072186453 2
072186534 0
307218654 0
231456807 2
231458607 2
723146580 0
723146850 0
231485607 2
723148650 0
231546807 0
231548607 0
723156480 0
723156840 0
231584607 0
723158640 0
164580723 0
164850723 0
316548072 0
316584072 0
168450723 0
316854072 0
231845607 2
723184650 0
231854607 0
723185640 0
186450723 0
318654072 0
723415680 0
723415860 0
341658072 0
341685072 0
723418560 0
341865072 0
516807234 2
518607234 2
456180723 0
456810723 0
581607234 2
458610723 0
461580723 2
461850723 2
651807234 0
658107234 0
468150723 2
685107234 0
723481560 0
348165072 0
851607234 2
485610723 0
486150723 2
865107234 0
072351468 2
723514860 2
807235164 0
072351684 0
723518460 2
072351864 0
807235416 0
072354186 0
180723546 0
810723546 0
072354816 0
107235486 0
723561480 0
723561840 0
418072356 0
481072356 0
723568140 0
841072356 0
723581460 2
072358164 0
072358416 0
107235846 0
723586140 0
410723586 0
145807236 2
148507236 2
615480723 0
615840723 0
184507236 2
618540723 0
236415807 0
236418507 0
518072364 2
581072364 2
236481507 0
851072364 2
365148072 0
365184072 0
541807236 0
548107236 0
365814072 0
584107236 0
814507236 2
681540723 0
236841507 0
451072368 2
368514072 0
854107236 0
238145607 2
723814650 0
238154607 0
723815640 0
816450723 0
381654072 0
723841560 0
384165072 0
451607238 2
845610723 0
846150723 2
651072384 0
723851460 2
072385164 0
072385416 0
107238546 0
723856140 0
410723856 0
614507238 2
861540723 0
238641507 0
510723864 2
386514072 0
541072386 0
072413568 2
724135860 2
807241365 0
072413685 0
724138560 2
072413865 0
368072415 2
386072415 2
415638072 0
415683072 0
836072415 2
415863072 0
241635807 0
241638507 0
165380724 2
165830724 2
241683507 0
168530724 2
724183560 2
072418365 0
536072418 2
418563072 0
241863507 0
186530724 2
431568072 0
431586072 0
724316580 0
724316850 0
431856072 0
724318650 0
351680724 0
351860724 0
561807243 0
568107243 0
358160724 0
586107243 0
436158072 0
436185072 0
365180724 0
365810724 0
436815072 0
368510724 0
438156072 0
724381650 0
385160724 0
856107243 0
438615072 0
386510724 0
136807245 0
138607245 0
516380724 0
516830724 0
183607245 0
518630724 0
245316807 0
245318607 0
618072453 2
681072453 2
245381607 0
861072453 2
245613807 2
245618307 2
631807245 0
638107245 0
245681307 2
683107245 0
813607245 0
581630724 0
245831607 0
361072458 2
245861307 2
863107245 0
072461358 2
724613850 2
807246153 0
072461583 0
724618350 2
072461853 0
807246315 0
072463185 0
180724635 0
810724635 0
072463815 0
107246385 0
724651380 0
724651830 0
318072465 0
381072465 0
724658130 0
831072465 0
724681350 2
072468153 0
072468315 0
107246835 0
724685130 0
310724685 0
724813560 2
072481365 0
360724815 2
481563072 0
248163507 0
816530724 2
483156072 0
724831650 0
835160724 0
561072483 0
483615072 0
836510724 0
136072485 0
851630724 0
248531607 0
610724853 2
248561307 2
631072485 0
724861350 2
072486153 0
072486315 0
107248635 0
724865130 0
310724865 0
134680725 2
134860725 2
251364807 0
251368407 0
138460725 2
251386407 0
514368072 0
514386072 0
638072514 2
683072514 2
514836072 0
863072514 2
251634807 2
251638407 2
725164380 0
725164830 0
251683407 2
725168430 0
183460725 2
251836407 0
518436072 0
463072518 2
251863407 2
725186430 0
807253146 0
072531486 0
072531648 2
725316840 2
072531846 0
725318640 2
725341680 0
725341860 0
618072534 0
681072534 0
725348160 0
861072534 0
807253614 0
072536184 0
180725364 0
810725364 0
072536814 0
107253684 0
072538146 0
725381640 2
725384160 0
610725384 0
072538614 0
107253864 0
413680725 0
413860725 0
163807254 0
168307254 0
418360725 0
186307254 0
543168072 0
543186072 0
361807254 0
368107254 0
543816072 0
386107254 0
254613807 0
254618307 0
318072546 2
381072546 2
254681307 0
831072546 2
481360725 0
816307254 0
548316072 0
836107254 0
254861307 0
631072548 2
725613480 0
725613840 0
561438072 0
561483072 0
725618340 0
561843072 0
314807256 2
318407256 2
634180725 0
634810725 0
381407256 2
638410725 0
641380725 0
641830725 0
431807256 0
438107256 0
648130725 0
483107256 0
725681340 0
568143072 0
831407256 2
683410725 0
684130725 0
843107256 0
813460725 2
258136407 0
581436072 0
630725814 2
258163407 2
725816430 0
072583146 0
725831640 2
725834160 0
610725834 0
072583614 0
107258364 0
841360725 0
163072584 0
584316072 0
361072584 0
258461307 0
310725846 2
725861340 0
586143072 0
631407258 2
863410725 0
864130725 0
431072586 0
613458072 0
613485072 0
548072613 2
584072613 2
613845072 0
854072613 2
143580726 2
143850726 2
261453807 0
261458307 0
148350726 2
261485307 0
726153480 0
726153840 0
261543807 2
261548307 2
726158340 0
261584307 2
618345072 0
354072618 2
184350726 2
261845307 0
726185340 0
261854307 2
314580726 0
314850726 0
154807263 0
158407263 0
318450726 0
185407263 0
263415807 2
263418507 2
451807263 0
458107263 0
263481507 2
485107263 0
263514807 0
263518407 0
418072635 2
481072635 2
263581407 0
841072635 2
381450726 0
815407263 0
263841507 2
845107263 0
263851407 0
541072638 2
807264135 0
072641385 0
380726415 0
830726415 0
072641835 0
307264185 0
726431580 0
726431850 0
518072643 0
581072643 0
726438150 0
851072643 0
807264513 2
307264518 2
180726453 0
810726453 0
072645813 2
107264583 0
072648135 0
307264815 0
726483150 0
510726483 0
072648513 2
107264853 0
651348072 0
651384072 0
726514380 0
726514830 0
651834072 0
726518430 0
531480726 0
531840726 0
341807265 0
348107265 0
538140726 0
384107265 0
413807265 2
418307265 2
543180726 0
543810726 0
481307265 2
548310726 0
658134072 0
726581430 0
583140726 0
834107265 0
841307265 2
584310726 0
681345072 0
540726813 2
814350726 2
268145307 0
726815340 0
268154307 2
831450726 0
154072683 0
268341507 2
451072683 0
268351407 0
410726835 2
072684135 0
307268415 0
726843150 0
510726843 0
072684513 2
107268453 0
685134072 0
726851430 0
853140726 0
341072685 0
541307268 2
854310726 0
607281345 0
072813465 0
460728135 0
407281356 2
645072813 0
540728136 0
072814356 0
507281436 0
536072814 0
630728145 0
072814635 2
307281465 0
607281534 2
640728153 0
360728154 0
463072815 0
407281563 0
072815643 0
450728163 0
354072816 0
507281643 0
072816453 2
072816534 0
307281654 0
283145607 2
728314650 0
283154607 0
728315640 0
164507283 0
831654072 0
728341560 0
834165072 0
516072834 2
456107283 0
346150728 2
651072834 0
728351460 2
072835164 0
072835416 0
107283546 0
728356140 0
410728356 0
145072836 2
615407283 0
283641507 0
510728364 2
836514072 0
541072836 0
728413560 2
072841365 0
360728415 2
841563072 0
284163507 0
416530728 2
843156072 0
728431650 0
351607284 0
561072843 0
843615072 0
365107284 0
136072845 0
516307284 0
284531607 0
610728453 2
284561307 2
631072845 0
728461350 2
072846153 0
072846315 0
107284635 0
728465130 0
310728465 0
513460728 2
285136407 0
851436072 0
630728514 2
285163407 2
728516430 0
072853146 0
728531640 2
728534160 0
610728534 0
072853614 0
107285364 0
413607285 0
163072854 0
854316072 0
361072854 0
285461307 0
310728546 2
728561340 0
856143072 0
314072856 2
634107285 0
641307285 0
431072856 0
861345072 0
540728613 2
614350728 2
286145307 0
728615340 0
286154307 2
314507286 0
154072863 0
286341507 2
451072863 0
286351407 0
410728635 2
072864135 0
307286415 0
728643150 0
510728643 0
072864513 2
107286453 0
865134072 0
728651430 0
531407286 0
341072865 0
413072865 2
543107286 0
680731245 2
860731245 2
124658073 0
124685073 0
560731248 2
124865073 0
468073125 0
486073125 0
312564807 0
312568407 0
846073125 0
312586407 0
264580731 0
264850731 0
654807312 0
658407312 0
268450731 0
685407312 0
607312845 2
128465073 0
460731285 0
312856407 0
286450731 0
865407312 0
568073142 0
586073142 0
731426580 0
731426850 0
856073142 0
731428650 0
680731452 0
860731452 0
807314562 0
073145682 0
607314582 0
073145862 0
807314625 0
073146285 0
073146528 2
731465820 2
073146825 0
731468520 2
560731482 0
731482650 0
607314852 0
073148562 0
073148625 0
731486520 2
246807315 0
248607315 0
526480731 0
526840731 0
284607315 0
528640731 0
542680731 0
542860731 0
462807315 2
468207315 2
548260731 0
486207315 2
156248073 0
156284073 0
731564280 0
731564820 0
156824073 0
731568420 0
824607315 0
582640731 0
584260731 0
846207315 2
158624073 0
731586420 0
162458073 0
162485073 0
548073162 2
584073162 2
162845073 0
854073162 2
642580731 2
642850731 2
316452807 0
316458207 0
648250731 2
316485207 0
731652480 0
731652840 0
316542807 2
316548207 2
731658240 0
316584207 2
168245073 0
254073168 2
684250731 2
316845207 0
731685240 0
316854207 2
607318245 2
182465073 0
460731825 0
318256407 0
826450731 0
654073182 0
560731842 0
731842650 0
607318452 0
073184562 0
073184625 0
731846520 2
246073185 0
852640731 0
854260731 0
546207318 2
185624073 0
731856420 0
186245073 0
540731862 2
864250731 2
318645207 0
731865240 0
318654207 2
568073214 0
586073214 0
321465807 0
321468507 0
856073214 0
321486507 0
680732154 2
860732154 2
321564807 2
321568407 2
460732158 2
321586407 2
645807321 2
648507321 2
165480732 0
165840732 0
684507321 2
168540732 0
560732184 0
321846507 0
607321854 2
321856407 2
864507321 2
186540732 0
156807324 0
158607324 0
416580732 0
416850732 0
185607324 0
418650732 0
451680732 0
451860732 0
245618073 0
245681073 0
458160732 0
245861073 0
246158073 0
246185073 0
732465180 0
732465810 0
246815073 0
732468510 0
815607324 0
481650732 0
485160732 0
248561073 0
248615073 0
732486510 0
468073251 0
486073251 0
732516480 0
732516840 0
846073251 0
732518640 0
680732541 0
860732541 0
807325461 0
073254681 0
607325481 0
073254861 0
807325614 0
073256184 0
073256418 2
732564810 2
073256814 0
732568410 2
460732581 0
732581640 0
607325841 0
073258461 0
073258614 0
732586410 2
614580732 0
614850732 0
261548073 0
261584073 0
618450732 0
261854073 0
073264158 2
732641850 2
807326451 0
073264581 0
732648150 2
073264851 0
651480732 2
651840732 2
326541807 0
326548107 0
658140732 2
326584107 0
681450732 0
268154073 0
732684150 2
073268451 0
685140732 2
326854107 0
560732814 0
328146507 0
607328154 2
328156407 2
164507328 2
816540732 0
156073284 0
841650732 0
845160732 0
284561073 0
284615073 0
732846510 0
460732851 0
732851640 0
607328541 0
073285461 0
073285614 0
732856410 2
861450732 0
286154073 0
732864150 2
073286451 0
865140732 2
328654107 0
680734125 0
860734125 0
807341265 0
073412685 0
607341285 0
073412865 0
268073415 0
286073415 0
734156280 0
734156820 0
826073415 0
734158620 0
073416258 2
734162850 2
807341652 0
073416582 0
734168250 2
073416852 0
607341825 0
073418265 0
260734185 0
734185620 0
734186250 2
073418652 0
215680734 0
215860734 0
165807342 2
168507342 2
218560734 0
186507342 2
516807342 0
518607342 0
256180734 2
256810734 2
581607342 0
258610734 2
734261580 0
734261850 0
426518073 0
426581073 0
734268150 0
426851073 0
281560734 0
816507342 2
851607342 0
285610734 2
734286150 0
428651073 0
126807345 0
128607345 0
451628073 0
451682073 0
182607345 0
451862073 0
168073452 2
186073452 2
345261807 0
345268107 0
816073452 2
345286107 0
561280734 0
561820734 0
621807345 2
628107345 2
568120734 0
682107345 2
812607345 0
458162073 0
216073458 2
345826107 0
586120734 0
862107345 2
346125807 0
346128507 0
734615280 0
734615820 0
346182507 0
734618520 0
346215807 2
346218507 2
734625180 0
734625810 0
346281507 2
734628510 0
465128073 0
465182073 0
652180734 0
652810734 0
465812073 0
658210734 0
346812507 0
734681520 0
346821507 2
734682510 0
468512073 0
685210734 0
607348125 0
073481265 0
260734815 0
734815620 0
734816250 2
073481652 0
821560734 0
216507348 2
516073482 0
825610734 2
734826150 0
482651073 0
126073485 0
485162073 0
160734852 2
348526107 0
856120734 0
562107348 2
348612507 0
734861520 0
348621507 2
734862510 0
486512073 0
865210734 0
124680735 0
124860735 0
264807351 2
268407351 2
128460735 0
286407351 2
426807351 0
428607351 0
146280735 0
146820735 0
482607351 0
148620735 0
735162480 0
735162840 0
516428073 0
516482073 0
735168240 0
516842073 0
182460735 0
826407351 2
842607351 0
184620735 0
735186240 0
518642073 0
680735214 0
860735214 0
807352164 2
407352168 2
607352184 0
073521864 2
168073524 0
186073524 0
735246180 0
735246810 0
816073524 0
735248610 0
480735261 0
840735261 0
807352641 0
073526481 0
407352681 0
073526841 0
607352814 0
073528164 2
160735284 0
735284610 0
407352861 0
073528641 0
268073541 2
286073541 2
354162807 0
354168207 0
826073541 2
354186207 0
216807354 0
218607354 0
354261807 2
354268107 2
281607354 0
354286107 2
612807354 0
618207354 0
462180735 0
462810735 0
681207354 0
468210735 0
126073548 2
354816207 0
821607354 0
354826107 2
861207354 0
486210735 0
356124807 2
356128407 2
735614280 0
735614820 0
356182407 2
735618420 0
356214807 0
356218407 0
624180735 2
624810735 2
356281407 0
628410735 2
128073564 2
182073564 2
564218073 0
564281073 0
812073564 2
564821073 0
356812407 2
735681420 0
356821407 0
682410735 2
412073568 2
568421073 0
812460735 0
126407358 2
426073581 0
814620735 0
735816240 0
581642073 0
607358214 0
073582164 2
160735824 0
735824610 0
407358261 0
073582641 0
260735841 2
358416207 0
216073584 0
358426107 2
612073584 0
846210735 0
358612407 2
735861420 0
358621407 0
862410735 2
120735864 2
586421073 0
458073612 0
485073612 0
254807361 0
258407361 0
845073612 0
285407361 0
580736142 2
850736142 2
528073614 0
582073614 0
250736148 2
852073614 0
807361524 0
073615284 0
280736154 0
820736154 0
073615824 0
207361584 0
450736182 0
825407361 0
507361842 2
520736184 0
073618524 0
207361854 0
145807362 0
148507362 0
548073621 0
584073621 0
184507362 0
854073621 0
807362415 0
073624185 0
180736245 0
810736245 0
073624815 0
107362485 0
480736251 2
840736251 2
418073625 0
481073625 0
140736258 2
841073625 0
814507362 0
540736281 0
073628415 0
107362845 0
407362851 2
410736285 0
258073641 0
285073641 0
280736415 2
820736415 2
825073641 0
520736418 2
580736421 0
850736421 0
807364251 0
073642581 0
507364281 0
073642851 0
128073645 0
182073645 0
521807364 0
528107364 0
812073645 0
582107364 0
250736481 0
207364815 2
507364821 0
073648251 0
120736485 0
852107364 0
480736512 0
840736512 0
807365142 0
073651482 0
407365182 0
073651842 0
148073652 0
184073652 0
180736524 2
810736524 2
814073652 0
410736528 2
412807365 0
418207365 0
218073654 0
281073654 0
481207365 0
821073654 0
407365812 0
073658142 0
140736582 0
107365824 2
841207365 0
210736584 0
450736812 0
254073681 0
507368142 2
520736814 0
073681524 0
207368154 0
145073682 0
540736821 0
073682415 0
107368245 0
407368251 2
410736825 0
250736841 0
207368415 2
507368421 0
073684251 0
120736845 0
521073684 0
407368512 0
073685142 0
140736852 0
107368524 2
412073685 0
210736854 0
607381245 2
812465073 0
460738125 0
381256407 0
264507381 0
654073812 0
560738142 0
738142650 0
607381452 0
073814562 0
073814625 0
738146520 2
246073815 0
526407381 0
542607381 0
462073815 2
815624073 0
738156420 0
816245073 0
540738162 2
164250738 2
381645207 0
738165240 0
381654207 2
560738214 0
382146507 0
607382154 2
382156407 2
645073821 2
165407382 0
156073824 0
416507382 0
451607382 0
824561073 0
824615073 0
738246510 0
460738251 0
738251640 0
607382541 0
073825461 0
073825614 0
738256410 2
614507382 0
826154073 0
738264150 2
073826451 0
265140738 2
382654107 0
607384125 0
073841265 0
260738415 0
738415620 0
738416250 2
073841652 0
215607384 0
165073842 2
516073842 0
425610738 2
738426150 0
842651073 0
126073845 0
845162073 0
160738452 2
384526107 0
561207384 0
621073845 2
384612507 0
738461520 0
384621507 2
738462510 0
846512073 0
652107384 0
124607385 0
264073851 2
426073851 0
146207385 0
738516240 0
851642073 0
607385214 0
073852164 2
160738524 0
738524610 0
407385261 0
073852641 0
260738541 2
385416207 0
216073854 0
385426107 2
612073854 0
462107385 0
385612407 2
738561420 0
385621407 0
562410738 2
120738564 2
856421073 0
450738612 0
254073861 0
507386142 2
520738614 0
073861524 0
207386154 0
145073862 0
540738621 0
073862415 0
107386245 0
407386251 2
410738625 0
250738641 0
207386415 2
507386421 0
073864251 0
120738645 0
521073864 0
407386512 0
073865142 0
140738652 0
107386524 2
412073865 0
210738654 0
412356807 2
412358607 2
365807412 0
368507412 0
412385607 2
386507412 0
253680741 0
253860741 0
563807412 0
568307412 0
258360741 0
586307412 0
358074126 2
385074126 2
412653807 0
412658307 0
835074126 2
412685307 0
412835607 2
836507412 0
285360741 0
856307412 0
635074128 2
412865307 0
741325680 0
741325860 0
658074132 0
685074132 0
741328560 0
865074132 0
807413526 0
074135286 0
280741356 0
820741356 0
074135826 0
207413586 0
580741362 0
850741362 0
807413652 2
207413658 2
507413682 0
074136852 2
741382560 0
650741382 0
074138526 0
207413856 0
507413862 0
074138652 2
152368074 0
152386074 0
638074152 2
683074152 2
152836074 0
863074152 2
532680741 2
532860741 2
415362807 0
415368207 0
538260741 2
415386207 0
074156238 2
741562830 2
807415632 0
074156382 0
741568230 2
074156832 0
158236074 0
263074158 2
583260741 2
415836207 0
741586230 2
074158632 0
235807416 0
238507416 0
625380741 0
625830741 0
283507416 0
628530741 0
632580741 0
632850741 0
352807416 2
358207416 2
638250741 0
385207416 2
165238074 0
165283074 0
741653280 0
741653820 0
165823074 0
741658320 0
823507416 0
682530741 0
683250741 0
835207416 2
168523074 0
741685320 0
418235607 2
365074182 0
825360741 0
563074182 0
350741826 2
418265307 0
741832560 0
650741832 0
074183526 0
207418356 0
507418362 0
074183652 2
185236074 0
630741852 2
853260741 2
418536207 0
741856230 2
074185632 0
235074186 0
862530741 0
863250741 0
635207418 2
186523074 0
741865320 0
421356807 0
421358607 0
658074213 2
685074213 2
421385607 0
865074213 2
536807421 0
538607421 0
156380742 0
156830742 0
583607421 0
158630742 0
635807421 0
638507421 0
216538074 0
216583074 0
683507421 0
216853074 0
421835607 0
365074218 2
853607421 0
185630742 0
863507421 0
218653074 0
315680742 2
315860742 2
165807423 0
168507423 0
318560742 2
186507423 0
235168074 0
235186074 0
742356180 0
742356810 0
235816074 0
742358610 0
361580742 0
361850742 0
651807423 2
658107423 2
368150742 0
685107423 2
381560742 2
816507423 0
238516074 0
742385610 0
386150742 0
865107423 2
368074251 2
386074251 2
251638074 0
251683074 0
836074251 2
251863074 0
742531680 0
742531860 0
425361807 2
425368107 2
742538160 0
425386107 2
742561380 0
742561830 0
425631807 0
425638107 0
742568130 0
425683107 0
136074258 2
258163074 0
742583160 0
425836107 2
742586130 0
425863107 0
358074261 0
385074261 0
742615380 0
742615830 0
835074261 0
742618530 0
580742631 0
850742631 0
807426351 0
074263581 0
507426381 0
074263851 0
807426513 0
074265183 0
074265318 2
742653810 2
074265813 0
742658310 2
350742681 0
742681530 0
507426831 0
074268351 0
074268513 0
742685310 2
428135607 0
650742813 2
536074281 0
815630742 0
635074281 0
281653074 0
831560742 2
165074283 0
283516074 0
742835610 0
836150742 0
365107428 2
360742851 2
285163074 0
742853160 0
428536107 2
742856130 0
428563107 0
350742861 0
742861530 0
507428631 0
074286351 0
074286513 0
742865310 2
807431256 0
074312586 0
580743126 0
850743126 0
074312856 0
507431286 0
074315268 2
743152860 2
807431562 0
074315682 0
743158260 2
074315862 0
258074316 0
285074316 0
743165280 0
743165820 0
825074316 0
743168520 0
074318256 0
507431826 0
743185260 2
074318562 0
250743186 0
743186520 0
321568074 0
321586074 0
216580743 0
216850743 0
321856074 0
218650743 0
743251680 0
743251860 0
325618074 0
325681074 0
743258160 0
325861074 0
615807432 0
618507432 0
265180743 0
265810743 0
681507432 0
268510743 0
328156074 0
281650743 0
743285160 0
328561074 0
861507432 0
286510743 0
435126807 0
435128607 0
516280743 2
516820743 2
435182607 0
518620743 2
807435216 0
074352186 0
074352618 2
743526810 2
074352816 0
743528610 2
356128074 0
356182074 0
562180743 0
562810743 0
356812074 0
568210743 0
435812607 0
581620743 2
074358216 0
743582610 2
358612074 0
586210743 0
580743612 2
850743612 2
436152807 2
436158207 2
250743618 2
436185207 2
158074362 0
185074362 0
436251807 0
436258107 0
815074362 0
436285107 0
651280743 0
651820743 0
521807436 2
528107436 2
658120743 0
582107436 2
507436812 2
436815207 2
150743682 0
436825107 0
685120743 0
852107436 2
074381256 0
507438126 0
743815260 2
074381562 0
250743816 0
743816520 0
382156074 0
821650743 0
743825160 0
382561074 0
615074382 0
826510743 0
438512607 0
851620743 2
074385216 0
743852610 2
385612074 0
856210743 0
507438612 2
438615207 2
150743862 0
438625107 0
865120743 0
652107438 2
368074512 0
386074512 0
263807451 0
268307451 0
836074512 0
286307451 0
680745132 0
860745132 0
807451362 2
207451368 2
607451382 0
074513862 2
807451623 0
074516283 0
280745163 0
820745163 0
074516823 0
207451683 0
360745182 0
826307451 0
607451832 0
074518362 2
074518623 0
207451863 0
136807452 0
138607452 0
638074521 0
683074521 0
183607452 0
863074521 0
807452316 0
074523186 0
180745236 0
810745236 0
074523816 0
107452386 0
380745261 2
830745261 2
318074526 0
381074526 0
130745268 2
831074526 0
813607452 0
630745281 0
074528316 0
107452836 0
307452861 2
310745286 0
807453126 2
607453128 2
280745316 0
820745316 0
074531826 2
207453186 0
680745321 0
860745321 0
807453261 0
074532681 0
607453281 0
074532861 0
128074536 0
182074536 0
621807453 0
628107453 0
812074536 0
682107453 0
074538126 2
207453816 0
607453821 0
074538261 0
120745386 0
862107453 0
380745612 0
830745612 0
807456132 0
074561382 0
307456182 0
074561832 0
138074562 0
183074562 0
180745623 2
810745623 2
813074562 0
310745628 2
312807456 0
318207456 0
218074563 0
281074563 0
381207456 0
821074563 0
307456812 0
074568132 0
130745682 0
107456823 2
831207456 0
210745683 0
360745812 0
263074581 0
607458132 0
074581362 2
074581623 0
207458163 0
136074582 0
630745821 0
074582316 0
107458236 0
307458261 2
310745826 0
074583126 2
207458316 0
607458321 0
074583261 0
120745836 0
621074583 0
307458612 0
074586132 0
130745862 0
107458623 2
312074586 0
210745863 0
123580746 0
123850746 0
253807461 2
258307461 2
128350746 0
285307461 2
325807461 0
328507461 0
135280746 0
135820746 0
382507461 0
138520746 0
746152380 0
746152830 0
615328074 0
615382074 0
746158230 0
615832074 0
182350746 0
825307461 2
832507461 0
183520746 0
746185230 0
618532074 0
580746213 0
850746213 0
807462153 0
074621583 0
507462183 0
074621853 0
158074623 0
185074623 0
746235180 0
746235810 0
815074623 0
746238510 0
074625138 2
746251830 2
807462531 0
074625381 0
746258130 2
074625831 0
507462813 0
074628153 0
150746283 0
746283510 0
746285130 2
074628531 0
258074631 0
285074631 0
463152807 0
463158207 0
825074631 0
463185207 0
580746321 2
850746321 2
632518074 0
632581074 0
150746328 2
632851074 0
512807463 0
518207463 0
352180746 0
352810746 0
581207463 0
358210746 0
250746381 0
463815207 0
507463821 2
638251074 0
851207463 0
385210746 0
465123807 2
465128307 2
746513280 0
746513820 0
465182307 2
746518320 0
465213807 0
465218307 0
523180746 2
523810746 2
465281307 0
528310746 2
128074653 2
182074653 2
653218074 0
653281074 0
812074653 2
653821074 0
465812307 2
746581320 0
465821307 0
582310746 2
312074658 2
658321074 0
812350746 0
125307468 2
325074681 0
813520746 0
746815230 0
681532074 0
507468213 0
074682153 0
150746823 0
746823510 0
746825130 2
074682531 0
250746831 0
468315207 0
507468321 2
683251074 0
512074683 0
835210746 0
468512307 2
746851320 0
468521307 0
852310746 2
120746853 2
685321074 0
481235607 2
365074812 0
253607481 0
563074812 0
350748126 2
481265307 0
748132560 0
650748132 0
074813526 0
207481356 0
507481362 0
074813652 2
815236074 0
630748152 2
153260748 2
481536207 0
748156230 2
074815632 0
235074816 0
625307481 0
632507481 0
352074816 2
816523074 0
748165320 0
482135607 0
650748213 2
536074821 0
156307482 0
635074821 0
821653074 0
231560748 2
165074823 0
823516074 0
748235610 0
361507482 0
651074823 2
360748251 2
825163074 0
748253160 0
482536107 2
748256130 0
482563107 0
350748261 0
748261530 0
507482631 0
074826351 0
074826513 0
748265310 2
074831256 0
507483126 0
748315260 2
074831562 0
250748316 0
748316520 0
832156074 0
216507483 0
748325160 0
832561074 0
615074832 0
265107483 0
483512607 0
351620748 2
074835216 0
748352610 2
835612074 0
562107483 0
507483612 2
483615207 2
150748362 0
483625107 0
651207483 0
521074836 2
360748512 0
263074851 0
607485132 0
074851362 2
074851623 0
207485163 0
136074852 0
630748521 0
074852316 0
107485236 0
307485261 2
310748526 0
074853126 2
207485316 0
607485321 0
074853261 0
120748536 0
621074853 0
307485612 0
074856132 0
130748562 0
107485623 2
312074856 0
210748563 0
123507486 0
253074861 2
325074861 0
135207486 0
748615230 0
861532074 0
507486213 0
074862153 0
150748623 0
748623510 0
748625130 2
074862531 0
250748631 0
486315207 0
507486321 2
863251074 0
512074863 0
352107486 0
486512307 2
748651320 0
486521307 0
652310748 2
120748653 2
865321074 0
512346807 0
512348607 0
648075123 0
684075123 0
512384607 0
864075123 0
436807512 0
438607512 0
246380751 0
246830751 0
483607512 0
248630751 0
480751263 2
840751263 2
126438075 0
126483075 0
340751268 2
126843075 0
512834607 0
640751283 0
843607512 0
284630751 0
407512863 2
128643075 0
324680751 0
324860751 0
264807513 0
268407513 0
328460751 0
286407513 0
134268075 0
134286075 0
751346280 0
751346820 0
134826075 0
751348620 0
362480751 0
362840751 0
642807513 2
648207513 2
368240751 0
684207513 2
382460751 0
826407513 0
138426075 0
751384620 0
386240751 0
864207513 2
368075142 2
386075142 2
142638075 0
142683075 0
836075142 2
142863075 0
751432680 0
751432860 0
514362807 2
514368207 2
751438260 0
514386207 2
462380751 2
462830751 2
514632807 0
514638207 0
468230751 2
514683207 0
236075148 2
148263075 0
751483260 0
514836207 2
486230751 2
514863207 0
348075162 0
384075162 0
751624380 0
751624830 0
834075162 0
751628430 0
480751632 0
840751632 0
807516342 0
075163482 0
407516382 0
075163842 0
807516423 0
075164283 0
075164328 2
751643820 2
075164823 0
751648320 2
340751682 0
751682430 0
407516832 0
075168342 0
075168423 0
751684320 2
518234607 0
640751823 0
436075182 0
824630751 0
407518263 2
182643075 0
832460751 0
264075183 0
183426075 0
751834620 0
836240751 0
364207518 2
360751842 2
184263075 0
751843260 0
518436207 2
846230751 2
518463207 0
340751862 0
751862430 0
407518632 0
075186342 0
075186423 0
751864320 2
213468075 0
213486075 0
480752136 2
840752136 2
213846075 0
640752138 2
143680752 0
143860752 0
463807521 0
468307521 0
148360752 0
486307521 0
348075216 0
384075216 0
521643807 0
521648307 0
834075216 0
521684307 0
218346075 0
407521836 2
184360752 0
846307521 0
340752186 0
521864307 0
752314680 0
752314860 0
648075231 0
684075231 0
752318460 0
864075231 0
807523416 0
075234186 0
180752346 0
810752346 0
075234816 0
107523486 0
480752361 0
840752361 0
807523641 2
107523648 2
407523681 0
075236841 2
752381460 0
640752381 0
075238416 0
107523846 0
407523861 0
075238641 2
241368075 0
241386075 0
638075241 2
683075241 2
241836075 0
863075241 2
431680752 2
431860752 2
524361807 0
524368107 0
438160752 2
524386107 0
752461380 0
752461830 0
524631807 2
524638107 2
752468130 0
524683107 2
248136075 0
163075248 2
483160752 2
524836107 0
752486130 0
524863107 2
134807526 0
138407526 0
614380752 0
614830752 0
183407526 0
618430752 0
631480752 0
631840752 0
263418075 0
263481075 0
638140752 0
263841075 0
264138075 0
264183075 0
752643180 0
752643810 0
264813075 0
752648310 0
813407526 0
681430752 0
683140752 0
268341075 0
268413075 0
752684310 0
281346075 0
407528136 2
814360752 0
463075281 0
340752816 0
528164307 0
752831460 0
640752831 0
075283416 0
107528346 0
407528361 0
075283641 2
284136075 0
630752841 2
843160752 2
528436107 0
752846130 0
528463107 2
134075286 0
861430752 0
863140752 0
286341075 0
286413075 0
752864310 0
246807531 2
248607531 2
126480753 0
126840753 0
284607531 2
128640753 0
753142680 0
753142860 0
314628075 0
314682075 0
753148260 0
314862075 0
624807531 0
628407531 0
164280753 0
164820753 0
682407531 0
168420753 0
824607531 2
182640753 0
753184260 0
318462075 0
862407531 0
186420753 0
807532146 0
075321486 0
480753216 0
840753216 0
075321846 0
407532186 0
075324168 2
753241860 2
807532461 0
075324681 0
753248160 2
075324861 0
148075326 0
184075326 0
753264180 0
753264810 0
814075326 0
753268410 0
075328146 0
407532816 0
753284160 2
075328461 0
140753286 0
753286410 0
534126807 2
534128607 2
753416280 0
753416820 0
534182607 2
753418620 0
534216807 0
534218607 0
753426180 0
753426810 0
534281607 0
753428610 0
128075346 2
182075346 2
346218075 0
346281075 0
812075346 2
346821075 0
534812607 2
753481620 0
534821607 0
753482610 0
612075348 2
348621075 0
248075361 0
284075361 0
536142807 0
536148207 0
824075361 0
536184207 0
480753621 2
840753621 2
362418075 0
362481075 0
140753628 2
362841075 0
412807536 0
418207536 0
642180753 0
642810753 0
481207536 0
648210753 0
240753681 0
536814207 0
407536821 2
368241075 0
841207536 0
684210753 0
124607538 2
812640753 0
753814260 0
381462075 0
624075381 0
816420753 0
075382146 0
407538216 0
753824160 2
075382461 0
140753826 0
753826410 0
538412607 2
753841620 0
538421607 0
753842610 0
120753846 2
384621075 0
240753861 0
538614207 0
407538621 2
386241075 0
412075386 0
864210753 0
236807541 0
238607541 0
638075412 0
683075412 0
283607541 0
863075412 0
807541326 0
075413286 0
280754136 0
820754136 0
075413826 0
207541386 0
380754162 0
830754162 0
807541632 2
207541638 2
307541682 0
075416832 2
823607541 0
630754182 0
075418326 0
207541836 0
307541862 0
075418632 2
368075421 0
386075421 0
163807542 0
168307542 0
836075421 0
186307542 0
680754231 0
860754231 0
807542361 2
107542368 2
607542381 0
075423861 2
807542613 0
075426183 0
180754263 0
810754263 0
075426813 0
107542683 0
360754281 0
816307542 0
607542831 0
075428361 2
075428613 0
107542863 0
680754312 0
860754312 0
807543162 0
075431682 0
607543182 0
075431862 0
807543216 2
607543218 2
180754326 0
810754326 0
075432816 2
107543286 0
612807543 0
618207543 0
218075436 0
281075436 0
681207543 0
821075436 0
607543812 0
075438162 0
075438216 2
107543826 0
861207543 0
210754386 0
807546123 2
307546128 2
280754613 0
820754613 0
075461823 2
207546183 0
380754621 0
830754621 0
807546231 0
075462381 0
307546281 0
075462831 0
128075463 0
182075463 0
321807546 0
328107546 0
812075463 0
382107546 0
075468123 2
207546813 0
307546821 0
075468231 0
120754683 0
832107546 0
236075481 0
630754812 0
075481326 0
207548136 0
307548162 0
075481632 2
360754821 0
163075482 0
607548231 0
075482361 2
075482613 0
107548263 0
607548312 0
075483162 0
075483216 2
107548326 0
612075483 0
210754836 0
075486123 2
207548613 0
307548621 0
075486231 0
120754863 0
321075486 0
480756123 0
840756123 0
807561243 0
075612483 0
407561283 0
075612843 0
248075613 0
284075613 0
756134280 0
756134820 0
824075613 0
756138420 0
075614238 2
756142830 2
807561432 0
075614382 0
756148230 2
075614832 0
407561823 0
075618243 0
240756183 0
756183420 0
756184230 2
075618432 0
213480756 0
213840756 0
143807562 2
148307562 2
218340756 0
184307562 2
314807562 0
318407562 0
234180756 2
234810756 2
381407562 0
238410756 2
756241380 0
756241830 0
624318075 0
624381075 0
756248130 0
624831075 0
281340756 0
814307562 2
831407562 0
283410756 2
756284130 0
628431075 0
480756312 2
840756312 2
631428075 0
631482075 0
240756318 2
631842075 0
148075632 0
184075632 0
563241807 0
563248107 0
814075632 0
563284107 0
341280756 0
341820756 0
421807563 0
428107563 0
348120756 0
482107563 0
407563812 2
638142075 0
140756382 0
563824107 0
384120756 0
842107563 0
564123807 0
564128307 0
413280756 2
413820756 2
564182307 0
418320756 2
807564213 0
075642183 0
075642318 2
756423810 2
075642813 0
756428310 2
643128075 0
643182075 0
218075643 2
281075643 2
643812075 0
821075643 2
564812307 0
481320756 2
075648213 0
756482310 2
648312075 0
321075648 2
407568123 0
075681243 0
240756813 0
756813420 0
756814230 2
075681432 0
821340756 0
214307568 2
314075682 0
823410756 2
756824130 0
682431075 0
407568312 2
683142075 0
140756832 0
568324107 0
834120756 0
421075683 0
568412307 0
841320756 2
075684213 0
756842310 2
684312075 0
210756843 2
581234607 0
640758123 0
436075812 0
246307581 0
407581263 2
812643075 0
324607581 0
264075813 0
813426075 0
758134620 0
362407581 0
642075813 2
360758142 2
814263075 0
758143260 0
581436207 2
146230758 2
581463207 0
340758162 0
758162430 0
407581632 0
075816342 0
075816423 0
758164320 2
821346075 0
407582136 2
143607582 0
463075821 0
340758216 0
582164307 0
758231460 0
640758231 0
075823416 0
107582346 0
407582361 0
075823641 2
824136075 0
630758241 2
243160758 2
582436107 0
758246130 0
582463107 2
134075826 0
614307582 0
631407582 0
826341075 0
826413075 0
758264310 0
246075831 2
126407583 0
758314260 0
831462075 0
624075831 0
164207583 0
075832146 0
407583216 0
758324160 2
075832461 0
140758326 0
758326410 0
583412607 2
758341620 0
583421607 0
758342610 0
120758346 2
834621075 0
240758361 0
583614207 0
407583621 2
836241075 0
412075836 0
642107583 0
236075841 0
630758412 0
075841326 0
207584136 0
307584162 0
075841632 2
360758421 0
163075842 0
607584231 0
075842361 2
075842613 0
107584263 0
607584312 0
075843162 0
075843216 2
107584326 0
612075843 0
210758436 0
075846123 2
207584613 0
307584621 0
075846231 0
120758463 0
321075846 0
407586123 0
075861243 0
240758613 0
758613420 0
758614230 2
075861432 0
213407586 0
143075862 2
314075862 0
623410758 2
758624130 0
862431075 0
407586312 2
863142075 0
140758632 0
586324107 0
341207586 0
421075863 0
586412307 0
641320758 2
075864213 0
758642310 2
864312075 0
210758643 2
345807612 0
348507612 0
235480761 0
235840761 0
384507612 0
238540761 0
612435807 0
612438507 0
538076124 2
583076124 2
612483507 0
853076124 2
125348076 0
125384076 0
543807612 0
548307612 0
125834076 0
584307612 0
834507612 0
283540761 0
612843507 0
453076128 2
128534076 0
854307612 0
458076132 2
485076132 2
132548076 0
132584076 0
845076132 2
132854076 0
076134258 2
761342850 2
807613452 0
076134582 0
761348250 2
076134852 0
352480761 2
352840761 2
613542807 0
613548207 0
358240761 2
613584207 0
245076138 2
138254076 0
761384250 2
076138452 0
385240761 2
613854207 0
423580761 2
423850761 2
253807614 0
258307614 0
428350761 2
285307614 0
143258076 0
143285076 0
761435280 0
761435820 0
143825076 0
761438520 0
452380761 0
452830761 0
532807614 2
538207614 2
458230761 0
583207614 2
482350761 2
825307614 0
148325076 0
761483520 0
485230761 0
853207614 2
761523480 0
761523840 0
438076152 0
483076152 0
761528340 0
843076152 0
807615324 0
076153284 0
076153428 2
761534820 2
076153824 0
761538420 2
380761542 0
830761542 0
807615432 0
076154382 0
307615482 0
076154832 0
761582340 0
430761582 0
076158324 0
761583420 2
307615842 0
076158432 0
345076182 0
823540761 0
618243507 0
530761824 2
182534076 0
543076182 0
450761832 2
183254076 0
761834250 2
076183452 0
835240761 2
618354207 0
842350761 2
253076184 0
184325076 0
761843520 0
845230761 0
453207618 2
761852340 0
430761852 0
076185324 0
761853420 2
307618542 0
076185432 0
134580762 0
134850762 0
354807621 0
358407621 0
138450762 0
385407621 0
214358076 0
214385076 0
453807621 0
458307621 0
214835076 0
485307621 0
621534807 0
621538407 0
438076215 2
483076215 2
621583407 0
843076215 2
183450762 0
835407621 0
218435076 0
845307621 0
621853407 0
543076218 2
231458076 0
231485076 0
548076231 2
584076231 2
231845076 0
854076231 2
762341580 0
762341850 0
623451807 0
623458107 0
762348150 0
623485107 0
762351480 0
762351840 0
623541807 2
623548107 2
762358140 0
623584107 2
238145076 0
154076238 2
762384150 0
623845107 0
762385140 0
623854107 2
762413580 0
762413850 0
538076241 0
583076241 0
762418350 0
853076241 0
807624315 0
076243185 0
076243518 2
762435810 2
076243815 0
762438510 2
380762451 0
830762451 0
807624531 0
076245381 0
307624581 0
076245831 0
762481350 0
530762481 0
076248315 0
762483510 2
307624851 0
076248531 0
513480762 0
513840762 0
143807625 0
148307625 0
518340762 0
184307625 0
253148076 0
253184076 0
762534180 0
762534810 0
253814076 0
762538410 0
541380762 0
541830762 0
431807625 2
438107625 2
548130762 0
483107625 2
581340762 0
814307625 0
258314076 0
762583410 0
584130762 0
843107625 2
813450762 0
354076281 0
281435076 0
453076281 0
628153407 0
430762815 2
283145076 0
540762831 2
762834150 0
628345107 0
762835140 0
628354107 2
762841350 0
530762841 0
076284315 0
762843510 2
307628451 0
076284531 0
851340762 0
143076285 0
285314076 0
762853410 0
854130762 0
543107628 2
245807631 0
248507631 0
548076312 0
584076312 0
284507631 0
854076312 0
807631425 0
076314285 0
280763145 0
820763145 0
076314825 0
207631485 0
480763152 0
840763152 0
807631542 2
207631548 2
407631582 0
076315842 2
824507631 0
540763182 0
076318425 0
207631845 0
407631852 0
076318542 2
458076321 0
485076321 0
154807632 0
158407632 0
845076321 0
185407632 0
580763241 0
850763241 0
807632451 2
107632458 2
507632481 0
076324851 2
807632514 0
076325184 0
180763254 0
810763254 0
076325814 0
107632584 0
450763281 0
815407632 0
507632841 0
076328451 2
076328514 0
107632854 0
580763412 0
850763412 0
807634152 0
076341582 0
507634182 0
076341852 0
807634215 2
507634218 2
180763425 0
810763425 0
076342815 2
107634285 0
512807634 0
518207634 0
218076345 0
281076345 0
581207634 0
821076345 0
507634812 0
076348152 0
076348215 2
107634825 0
851207634 0
210763485 0
807635124 2
407635128 2
280763514 0
820763514 0
076351824 2
207635184 0
480763521 0
840763521 0
807635241 0
076352481 0
407635281 0
076352841 0
128076354 0
182076354 0
421807635 0
428107635 0
812076354 0
482107635 0
076358124 2
207635814 0
407635821 0
076358241 0
120763584 0
842107635 0
245076381 0
540763812 0
076381425 0
207638145 0
407638152 0
076381542 2
450763821 0
154076382 0
507638241 0
076382451 2
076382514 0
107638254 0
507638412 0
076384152 0
076384215 2
107638425 0
512076384 0
210763845 0
076385124 2
207638514 0
407638521 0
076385241 0
120763854 0
421076385 0
412358076 0
412385076 0
125380764 0
125830764 0
412835076 0
128530764 0
764132580 0
764132850 0
413528076 0
413582076 0
764138250 0
413852076 0
523807641 0
528307641 0
153280764 0
153820764 0
582307641 0
158320764 0
418235076 0
182530764 0
764183250 0
418352076 0
852307641 0
185320764 0
807642135 2
507642138 2
380764215 0
830764215 0
076421835 2
307642185 0
580764231 0
850764231 0
807642351 0
076423581 0
507642381 0
076423851 0
138076425 0
183076425 0
764253180 0
764253810 0
813076425 0
764258310 0
076428135 2
307642815 0
507642831 0
076428351 0
130764285 0
764285310 0
643125807 2
643128507 2
764315280 0
764315820 0
643182507 2
764318520 0
643215807 0
643218507 0
325180764 2
325810764 2
643281507 0
328510764 2
128076435 2
182076435 2
435218076 0
435281076 0
812076435 2
435821076 0
643812507 2
764381520 0
643821507 0
382510764 2
512076438 2
438521076 0
238076451 0
283076451 0
645132807 0
645138207 0
823076451 0
645183207 0
380764521 2
830764521 2
452318076 0
452381076 0
130764528 2
452831076 0
312807645 0
318207645 0
532180764 0
532810764 0
381207645 0
538210764 0
230764581 0
645813207 0
307645821 2
458231076 0
831207645 0
583210764 0
481235076 0
812530764 0
764813250 0
481352076 0
523076481 0
815320764 0
076482135 2
307648215 0
507648231 0
076482351 0
130764825 0
764825310 0
648312507 2
764831520 0
648321507 0
832510764 2
120764835 2
483521076 0
230764851 0
648513207 0
307648521 2
485231076 0
312076485 0
853210764 0
807651234 0
076512384 0
380765124 0
830765124 0
076512834 0
307651284 0
076513248 2
765132840 2
807651342 0
076513482 0
765138240 2
076513842 0
238076514 0
283076514 0
765143280 0
765143820 0
823076514 0
765148320 0
076518234 0
307651824 0
765183240 2
076518342 0
230765184 0
765184320 0
134807652 2
138407652 2
214380765 0
214830765 0
183407652 2
218430765 0
765231480 0
765231840 0
523418076 0
523481076 0
765238140 0
523841076 0
413807652 0
418307652 0
243180765 0
243810765 0
481307652 0
248310765 0
813407652 2
281430765 0
765283140 0
528341076 0
841307652 0
284310765 0
653124807 0
653128407 0
314280765 2
314820765 2
653182407 0
318420765 2
653214807 2
653218407 2
765324180 0
765324810 0
653281407 2
765328410 0
534128076 0
534182076 0
218076534 2
281076534 2
534812076 0
821076534 2
653812407 0
381420765 2
653821407 2
765382410 0
538412076 0
421076538 2
380765412 2
830765412 2
541328076 0
541382076 0
230765418 2
541832076 0
138076542 0
183076542 0
654231807 0
654238107 0
813076542 0
654283107 0
431280765 0
431820765 0
321807654 0
328107654 0
438120765 0
382107654 0
307654812 2
548132076 0
130765482 0
654823107 0
483120765 0
832107654 0
076581234 0
307658124 0
765813240 2
076581342 0
230765814 0
765814320 0
213407658 2
821430765 0
765823140 0
582341076 0
413076582 0
824310765 0
658312407 0
831420765 2
658321407 2
765832410 0
583412076 0
210765834 2
307658412 2
584132076 0
130765842 0
658423107 0
843120765 0
321076584 0
345076812 0
235407681 0
681243507 0
530768124 2
812534076 0
543076812 0
450768132 2
813254076 0
768134250 2
076813452 0
135240768 2
681354207 0
142350768 2
253076814 0
814325076 0
768143520 0
452307681 0
532076814 2
768152340 0
430768152 0
076815324 0
768153420 2
307681542 0
076815432 0
134507682 0
354076821 0
821435076 0
453076821 0
682153407 0
430768215 2
823145076 0
540768231 2
768234150 0
682345107 0
768235140 0
682354107 2
768241350 0
530768241 0
076824315 0
768243510 2
307682451 0
076824531 0
513407682 0
143076825 0
825314076 0
768253410 0
541307682 0
431076825 2
245076831 0
540768312 0
076831425 0
207683145 0
407683152 0
076831542 2
450768321 0
154076832 0
507683241 0
076832451 2
076832514 0
107683254 0
507683412 0
076834152 0
076834215 2
107683425 0
512076834 0
210768345 0
076835124 2
207683514 0
407683521 0
076835241 0
120768354 0
421076835 0
841235076 0
125307684 0
768413250 0
841352076 0
523076841 0
153207684 0
076842135 2
307684215 0
507684231 0
076842351 0
130768425 0
768425310 0
684312507 2
768431520 0
684321507 0
432510768 2
120768435 2
843521076 0
230768451 0
684513207 0
307684521 2
845231076 0
312076845 0
532107684 0
076851234 0
307685124 0
768513240 2
076851342 0
230768514 0
768514320 0
134076852 2
214307685 0
768523140 0
852341076 0
413076852 0
243107685 0
685312407 0
531420768 2
685321407 2
768532410 0
853412076 0
210768534 2
307685412 2
854132076 0
130768542 0
685423107 0
431207685 0
321076854 0
078123456 2
507812346 0
607812354 0
078123564 0
450781236 0
654078123 0
607812435 0
078124365 2
360781245 0
563078124 0
507812463 0
078124653 0
078125346 0
407812536 0
436078125 0
630781254 0
078125634 2
307812564 0
345078126 0
540781263 0
078126435 0
307812645 0
407812653 0
078126543 2
813245607 0
246507813 2
813254607 2
781325640 0
326450781 0
540781326 2
607813425 0
078134265 0
078134526 2
207813456 0
781346250 0
520781346 0
781352460 0
352640781 0
354260781 0
546207813 0
562407813 0
642078135 0
624507813 0
254078136 0
364250781 0
207813645 2
813652407 0
420781365 0
781423560 0
814236507 0
425360781 0
630781425 2
814263507 2
781426530 0
078143256 0
781432650 2
781435260 0
620781435 0
078143625 0
207814365 0
523607814 0
263078145 0
453260781 0
207814536 2
814562307 0
320781456 0
781462350 0
462530781 0
325078146 2
635207814 0
652307814 0
532078146 0
781523460 2
078152364 0
360781524 2
524630781 0
815263407 0
264307815 2
532460781 0
781532640 0
342607815 2
462078153 0
624078153 2
364207815 0
236078154 0
426307815 0
815432607 0
620781543 0
546230781 0
207815463 2
407815623 0
078156243 0
078156324 2
207815634 0
781564230 0
320781564 0
450781623 2
623540781 0
781624350 0
816245307 2
253407816 2
816254307 0
245078163 0
325407816 0
816342507 0
520781634 0
635240781 0
207816354 2
642350781 0
781642530 0
432507816 0
352078164 0
523078164 2
453207816 0
078165234 0
781652430 2
781653240 0
420781653 0
078165423 0
207816543 0
607821345 0
078213465 0
460782135 0
407821356 2
645078213 0
540782136 0
078214356 0
507821436 0
536078214 0
630782145 0
078214635 2
307821465 0
607821534 2
640782153 0
360782154 0
463078215 0
407821563 0
078215643 0
450782163 0
354078216 0
507821643 0
078216453 2
078216534 0
307821654 0
823145607 2
782314650 0
823154607 0
782315640 0
164507823 0
316540782 0
782341560 0
341650782 0
516078234 2
456107823 0
461507823 2
651078234 0
782351460 2
078235164 0
078235416 0
107823546 0
782356140 0
410782356 0
145078236 2
615407823 0
823641507 0
510782364 2
365140782 0
541078236 0
782413560 2
078241365 0
360782415 2
415630782 0
824163507 0
165307824 2
431560782 0
782431650 0
351607824 0
561078243 0
436150782 0
365107824 0
136078245 0
516307824 0
824531607 0
610782453 2
824561307 2
631078245 0
782461350 2
078246153 0
078246315 0
107824635 0
782465130 0
310782465 0
134607825 2
825136407 0
514360782 0
630782514 2
825163407 2
782516430 0
078253146 0
782531640 2
782534160 0
610782534 0
078253614 0
107825364 0
413607825 0
163078254 0
543160782 0
361078254 0
825461307 0
310782546 2
782561340 0
561430782 0
314078256 2
634107825 0
641307825 0
431078256 0
613450782 0
540782613 2
143507826 2
826145307 0
782615340 0
826154307 2
314507826 0
154078263 0
826341507 2
451078263 0
826351407 0
410782635 2
078264135 0
307826415 0
782643150 0
510782643 0
078264513 2
107826453 0
651340782 0
782651430 0
531407826 0
341078265 0
413078265 2
543107826 0
607831245 2
124650783 0
460783125 0
831256407 0
264507831 0
654078312 0
560783142 0
783142650 0
607831452 0
078314562 0
078314625 0
783146520 2
246078315 0
526407831 0
542607831 0
462078315 2
156240783 0
783156420 0
162450783 0
540783162 2
642507831 2
831645207 0
783165240 0
831654207 2
560783214 0
832146507 0
607832154 2
832156407 2
645078321 2
165407832 0
156078324 0
416507832 0
451607832 0
245610783 0
246150783 0
783246510 0
460783251 0
783251640 0
607832541 0
078325461 0
078325614 0
783256410 2
614507832 0
261540783 0
783264150 2
078326451 0
651407832 2
832654107 0
607834125 0
078341265 0
260783415 0
783415620 0
783416250 2
078341652 0
215607834 0
165078342 2
516078342 0
256107834 2
783426150 0
426510783 0
126078345 0
451620783 0
160783452 2
834526107 0
561207834 0
621078345 2
834612507 0
783461520 0
834621507 2
783462510 0
465120783 0
652107834 0
124607835 0
264078351 2
426078351 0
146207835 0
783516240 0
516420783 0
607835214 0
078352164 2
160783524 0
783524610 0
407835261 0
078352641 0
260783541 2
835416207 0
216078354 0
835426107 2
612078354 0
462107835 0
835612407 2
783561420 0
835621407 0
624107835 2
120783564 2
564210783 0
450783612 0
254078361 0
507836142 2
520783614 0
078361524 0
207836154 0
145078362 0
540783621 0
078362415 0
107836245 0
407836251 2
410783625 0
250783641 0
207836415 2
507836421 0
078364251 0
120783645 0
521078364 0
407836512 0
078365142 0
140783652 0
107836524 2
412078365 0
210783654 0
841235607 2
365078412 0
253607841 0
563078412 0
350784126 2
841265307 0
784132560 0
650784132 0
078413526 0
207841356 0
507841362 0
078413652 2
152360784 0
630784152 2
532607841 2
841536207 0
784156230 2
078415632 0
235078416 0
625307841 0
632507841 0
352078416 2
165230784 0
784165320 0
842135607 0
650784213 2
536078421 0
156307842 0
635078421 0
216530784 0
315607842 2
165078423 0
235160784 0
784235610 0
361507842 0
651078423 2
360784251 2
251630784 0
784253160 0
842536107 2
784256130 0
842563107 0
350784261 0
784261530 0
507842631 0
078426351 0
078426513 0
784265310 2
078431256 0
507843126 0
784315260 2
078431562 0
250784316 0
784316520 0
321560784 0
216507843 0
784325160 0
325610784 0
615078432 0
265107843 0
843512607 0
516207843 2
078435216 0
784352610 2
356120784 0
562107843 0
507843612 2
843615207 2
150784362 0
843625107 0
651207843 0
521078436 2
360784512 0
263078451 0
607845132 0
078451362 2
078451623 0
207845163 0
136078452 0
630784521 0
078452316 0
107845236 0
307845261 2
310784526 0
078453126 2
207845316 0
607845321 0
078453261 0
120784536 0
621078453 0
307845612 0
078456132 0
130784562 0
107845623 2
312078456 0
210784563 0
123507846 0
253078461 2
325078461 0
135207846 0
784615230 0
615320784 0
507846213 0
078462153 0
150784623 0
784623510 0
784625130 2
078462531 0
250784631 0
846315207 0
507846321 2
632510784 0
512078463 0
352107846 0
846512307 2
784651320 0
846521307 0
523107846 2
120784653 2
653210784 0
851234607 0
640785123 0
436078512 0
246307851 0
407851263 2
126430785 0
324607851 0
264078513 0
134260785 0
785134620 0
362407851 0
642078513 2
360785142 2
142630785 0
785143260 0
851436207 2
462307851 2
851463207 0
340785162 0
785162430 0
407851632 0
078516342 0
078516423 0
785164320 2
213460785 0
407852136 2
143607852 0
463078521 0
340785216 0
852164307 0
785231460 0
640785231 0
078523416 0
107852346 0
407852361 0
078523641 2
241360785 0
630785241 2
431607852 2
852436107 0
785246130 0
852463107 2
134078526 0
614307852 0
631407852 0
263410785 0
264130785 0
785264310 0
246078531 2
126407853 0
785314260 0
314620785 0
624078531 0
164207853 0
078532146 0
407853216 0
785324160 2
078532461 0
140785326 0
785326410 0
853412607 2
785341620 0
853421607 0
785342610 0
120785346 2
346210785 0
240785361 0
853614207 0
407853621 2
362410785 0
412078536 0
642107853 0
236078541 0
630785412 0
078541326 0
207854136 0
307854162 0
078541632 2
360785421 0
163078542 0
607854231 0
078542361 2
078542613 0
107854263 0
607854312 0
078543162 0
078543216 2
107854326 0
612078543 0
210785436 0
078546123 2
207854613 0
307854621 0
078546231 0
120785463 0
321078546 0
407856123 0
078561243 0
240785613 0
785613420 0
785614230 2
078561432 0
213407856 0
143078562 2
314078562 0
234107856 2
785624130 0
624310785 0
407856312 2
631420785 0
140785632 0
856324107 0
341207856 0
421078563 0
856412307 0
413207856 2
078564213 0
785642310 2
643120785 0
210785643 2
345078612 0
235407861 0
861243507 0
530786124 2
125340786 0
543078612 0
450786132 2
132540786 0
786134250 2
078613452 0
352407861 2
861354207 0
423507861 2
253078614 0
143250786 0
786143520 0
452307861 0
532078614 2
786152340 0
430786152 0
078615324 0
786153420 2
307861542 0
078615432 0
134507862 0
354078621 0
214350786 0
453078621 0
862153407 0
430786215 2
231450786 0
540786231 2
786234150 0
862345107 0
786235140 0
862354107 2
786241350 0
530786241 0
078624315 0
786243510 2
307862451 0
078624531 0
513407862 0
143078625 0
253140786 0
786253410 0
541307862 0
431078625 2
245078631 0
540786312 0
078631425 0
207863145 0
407863152 0
078631542 2
450786321 0
154078632 0
507863241 0
078632451 2
078632514 0
107863254 0
507863412 0
078634152 0
078634215 2
107863425 0
512078634 0
210786345 0
078635124 2
207863514 0
407863521 0
078635241 0
120786354 0
421078635 0
412350786 0
125307864 0
786413250 0
413520786 0
523078641 0
153207864 0
078642135 2
307864215 0
507864231 0
078642351 0
130786425 0
786425310 0
864312507 2
786431520 0
864321507 0
325107864 2
120786435 2
435210786 0
230786451 0
864513207 0
307864521 2
452310786 0
312078645 0
532107864 0
078651234 0
307865124 0
786513240 2
078651342 0
230786514 0
786514320 0
134078652 2
214307865 0
786523140 0
523410786 0
413078652 0
243107865 0
865312407 0
314207865 2
865321407 2
786532410 0
534120786 0
210786534 2
307865412 2
541320786 0
130786542 0
865423107 0
431207865 0
321078654 0
708123456 2
608123457 2
570812346 0
750812346 0
081234756 2
508123476 0
670812354 0
760812354 0
708123564 0
081235674 0
608123574 0
081235764 0
457081236 0
475081236 0
654708123 0
657408123 0
745081236 0
675408123 0
081237456 2
508123746 0
608123754 0
081237564 0
450812376 0
765408123 0
670812435 0
760812435 0
708124365 2
508124367 2
608124375 0
081243765 2
367081245 0
376081245 0
563708124 0
567308124 0
736081245 0
576308124 0
570812463 0
750812463 0
708124653 0
081246573 0
508124673 0
081246753 0
608124735 0
081247365 2
360812475 0
756308124 0
508124763 0
081247653 0
708125346 0
081253476 0
470812536 0
740812536 0
081253746 0
408125376 0
436708125 0
437608125 0
637081254 0
673081254 0
473608125 0
763081254 0
708125634 2
408125637 2
370812564 0
730812564 0
081256734 2
308125674 0
081257346 0
408125736 0
743608125 0
630812574 0
081257634 2
308125764 0
345708126 0
347508126 0
547081263 0
574081263 0
374508126 0
754081263 0
708126435 0
081264375 0
370812645 0
730812645 0
081264735 0
308126475 0
470812653 0
740812653 0
708126543 2
308126547 2
408126573 0
081265743 2
734508126 0
540812673 0
081267435 0
308126745 0
408126753 0
081267543 2
081273456 2
508127346 0
608127354 0
081273564 0
450812736 0
654081273 0
608127435 0
081274365 2
360812745 0
563081274 0
508127463 0
081274653 0
081275346 0
408127536 0
436081275 0
630812754 0
081275634 2
308127564 0
345081276 0
540812763 0
081276435 0
308127645 0
408127653 0
081276543 2
081324567 0
608132457 0
246570813 2
246750813 2
560813247 0
247650813 2
132546708 2
132547608 2
813256470 0
813256740 0
132574608 2
813257640 0
326457081 0
326475081 0
547081326 2
574081326 2
326745081 0
754081326 2
456081327 0
274650813 2
132754608 2
813275640 0
327645081 0
654081327 2
670813425 0
760813425 0
708134265 0
081342675 0
608134275 0
081342765 0
708134526 2
608134527 2
270813456 0
720813456 0
081345726 2
208134576 0
813462570 0
813462750 0
527081346 0
572081346 0
813467250 0
752081346 0
608134725 0
081347265 0
081347526 2
208134756 0
813476250 0
520813476 0
813524670 0
813524760 0
352647081 0
352674081 0
813527460 0
352764081 0
354267081 0
354276081 0
546270813 0
546720813 0
354726081 0
547620813 0
562470813 0
562740813 0
642708135 0
647208135 0
567240813 0
674208135 0
813572460 0
357264081 0
357426081 0
574620813 0
576240813 0
764208135 0
624570813 0
624750813 0
254708136 0
257408136 0
627450813 0
275408136 0
364257081 0
364275081 0
270813645 2
720813645 2
364725081 0
520813647 2
081365247 0
408136527 0
427081365 0
472081365 0
240813657 0
742081365 0
672450813 0
725408136 0
367425081 0
208136745 2
524081367 0
420813675 0
245608137 0
724650813 2
137254608 2
813725640 0
372645081 0
540813726 2
608137425 0
081374265 0
081374526 2
208137456 0
813746250 0
520813746 0
813752460 0
375264081 0
375426081 0
754620813 0
756240813 0
642081375 0
762450813 0
254081376 0
376425081 0
208137645 2
652408137 0
420813765 0
814235670 0
814235760 0
081423657 0
508142367 0
814237560 0
650814237 0
425367081 0
425376081 0
637081425 2
673081425 2
425736081 0
763081425 2
142635708 2
142637508 2
814265370 0
814265730 0
142673508 2
814267530 0
814273560 0
365081427 0
427536081 0
563081427 2
142763508 2
814276530 0
708143256 0
081432576 0
081432657 2
814326750 2
081432756 0
814327650 2
814352670 0
814352760 0
627081435 0
672081435 0
814357260 0
762081435 0
708143625 0
081436275 0
270814365 0
720814365 0
081436725 0
208143675 0
081437256 0
814372650 2
814375260 0
620814375 0
081437625 0
208143765 0
523670814 0
523760814 0
263708145 0
267308145 0
527360814 0
276308145 0
453267081 0
453276081 0
270814536 2
720814536 2
453726081 0
620814537 2
081456237 0
308145627 0
327081456 0
372081456 0
230814567 0
732081456 0
572360814 0
726308145 0
457326081 0
208145736 2
623081457 0
320814576 0
814623570 0
814623750 0
462537081 0
462573081 0
814627350 0
462753081 0
325708146 2
327508146 2
635270814 0
635720814 0
372508146 2
637520814 0
652370814 0
652730814 0
532708146 0
537208146 0
657230814 0
573208146 0
814672350 0
467253081 0
732508146 2
673520814 0
675230814 0
753208146 0
814723560 0
236508147 0
472536081 0
630814725 2
147263508 2
814726530 0
081473256 0
814732650 2
814735260 0
620814735 0
081473625 0
208147365 0
752360814 0
263081475 0
475326081 0
208147536 2
562308147 0
320814756 0
814762350 0
476253081 0
632508147 2
763520814 0
765230814 0
532081476 0
081523467 2
815234760 2
708152364 0
081523674 0
815237460 2
081523764 0
367081524 2
376081524 2
524637081 0
524673081 0
736081524 2
524763081 0
081526347 0
408152637 0
264370815 2
264730815 2
340815267 0
267430815 2
815273460 2
081527364 0
436081527 2
527463081 0
634081527 0
276430815 2
532467081 0
532476081 0
815326470 0
815326740 0
532746081 0
815327640 0
342670815 2
342760815 2
462708153 0
467208153 0
347260815 2
476208153 0
624708153 2
627408153 2
364270815 0
364720815 0
672408153 2
367420815 0
537246081 0
815372640 0
374260815 2
746208153 0
762408153 2
376420815 0
236708154 0
237608154 0
426370815 0
426730815 0
273608154 0
427630815 0
081543267 0
608154327 0
627081543 0
672081543 0
260815437 0
762081543 0
546237081 0
546273081 0
270815463 2
720815463 2
546723081 0
320815467 2
723608154 0
472630815 0
326081547 0
620815473 0
547623081 0
208154763 2
470815623 0
740815623 0
708156243 0
081562473 0
408156273 0
081562743 0
708156324 2
408156327 2
270815634 0
720815634 0
081563724 2
208156374 0
815642370 0
815642730 0
327081564 0
372081564 0
815647230 0
732081564 0
408156723 0
081567243 0
081567324 2
208156734 0
815674230 0
320815674 0
815723460 2
081572364 0
360815724 2
572463081 0
263408157 0
726430815 2
573246081 0
815732640 0
734260815 2
462081573 0
362408157 2
736420815 0
236081574 0
742630815 0
432608157 0
620815743 0
574623081 0
208157463 2
408157623 0
081576243 0
081576324 2
208157634 0
815764230 0
320815764 0
457081623 2
475081623 2
623547081 0
623574081 0
745081623 2
623754081 0
816243570 0
816243750 0
162453708 2
162457308 2
816247350 0
162475308 2
253470816 2
253740816 2
081625437 0
308162547 0
257340816 2
430816257 0
345081627 2
627354081 0
816274350 0
162745308 2
275340816 2
543081627 0
245708163 0
247508163 0
325470816 0
325740816 0
274508163 0
327540816 0
081634257 0
508163427 0
527081634 0
572081634 0
250816347 0
752081634 0
635247081 0
635274081 0
270816354 2
720816354 2
635724081 0
420816357 2
724508163 0
372540816 0
425081637 0
520816374 0
637524081 0
208163754 2
642357081 0
642375081 0
816425370 0
816425730 0
642735081 0
816427530 0
432570816 0
432750816 0
352708164 0
357208164 0
437250816 0
375208164 0
523708164 2
527308164 2
453270816 0
453720816 0
572308164 2
457320816 0
647235081 0
816472530 0
473250816 0
735208164 0
752308164 2
475320816 0
708165234 0
081652374 0
081652437 2
816524730 2
081652734 0
816527430 2
816532470 0
816532740 0
427081653 0
472081653 0
816537240 0
742081653 0
708165423 0
081654273 0
270816543 0
720816543 0
081654723 0
208165473 0
081657234 0
816572430 2
816573240 0
420816573 0
081657423 0
208165743 0
450816723 2
672354081 0
816724350 0
167245308 2
725340816 2
254308167 0
245081673 0
732540816 0
342508167 0
520816734 0
673524081 0
208167354 2
674235081 0
816742530 0
743250816 0
352081674 0
452308167 2
745320816 0
081675234 0
816752430 2
816753240 0
420816753 0
081675423 0
208167543 0
081723456 2
508172346 0
608172354 0
081723564 0
450817236 0
654081723 0
608172435 0
081724365 2
360817245 0
563081724 0
508172463 0
081724653 0
081725346 0
408172536 0
436081725 0
630817254 0
081725634 2
308172564 0
345081726 0
540817263 0
081726435 0
308172645 0
408172653 0
081726543 2
324560817 0
324650817 2
173254608 2
817325640 0
732645081 0
540817326 2
608173425 0
081734265 0
081734526 2
208173456 0
817346250 0
520817346 0
817352460 0
735264081 0
735426081 0
546208173 0
562408173 0
642081735 0
624508173 0
254081736 0
736425081 0
208173645 2
365240817 0
420817365 0
817423560 0
423650817 0
742536081 0
630817425 2
174263508 2
817426530 0
081743256 0
817432650 2
817435260 0
620817435 0
081743625 0
208174365 0
523608174 0
263081745 0
745326081 0
208174536 2
456230817 0
320817456 0
817462350 0
746253081 0
325081746 2
635208174 0
652308174 0
532081746 0
817523460 2
081752364 0
360817524 2
752463081 0
526340817 0
526430817 2
753246081 0
817532640 0
534260817 2
462081753 0
624081753 2
364208175 0
236081754 0
426308175 0
543260817 0
620817543 0
754623081 0
208175463 2
408175623 0
081756243 0
081756324 2
208175634 0
817564230 0
320817564 0
450817623 2
762354081 0
817624350 0
176245308 2
625340817 2
625430817 0
245081763 0
325408176 0
634250817 0
520817634 0
763524081 0
208176354 2
764235081 0
817642530 0
432508176 0
352081764 0
523081764 2
453208176 0
081765234 0
817652430 2
817653240 0
420817653 0
081765423 0
208176543 0
670821345 0
760821345 0
708213465 0
082134675 0
608213475 0
082134765 0
467082135 0
476082135 0
470821356 2
740821356 2
746082135 0
640821357 2
645708213 0
647508213 0
547082136 0
574082136 0
674508213 0
754082136 0
608213745 0
082137465 0
460821375 0
408213756 2
764508213 0
540821376 0
708214356 0
082143576 0
570821436 0
750821436 0
082143756 0
508214376 0
536708214 0
537608214 0
637082145 0
673082145 0
573608214 0
763082145 0
708214635 2
508214637 2
370821465 0
730821465 0
082146735 2
308214675 0
082147356 0
508214736 0
753608214 0
630821475 0
082147635 2
308214765 0
670821534 2
760821534 2
647082153 0
674082153 0
460821537 2
764082153 0
367082154 0
376082154 0
463708215 0
467308215 0
736082154 0
476308215 0
470821563 0
740821563 0
708215643 0
082156473 0
408215673 0
082156743 0
608215734 2
640821573 0
360821574 0
746308215 0
408215763 0
082157643 0
457082163 0
475082163 0
354708216 0
357408216 0
745082163 0
375408216 0
570821643 0
750821643 0
708216453 2
308216457 2
508216473 0
082164753 2
708216534 0
082165374 0
370821654 0
730821654 0
082165734 0
308216574 0
450821673 0
735408216 0
508216743 0
082167453 2
082167534 0
308216754 0
608217345 0
082173465 0
460821735 0
408217356 2
645082173 0
540821736 0
082174356 0
508217436 0
536082174 0
630821745 0
082174635 2
308217465 0
608217534 2
640821753 0
360821754 0
463082175 0
408217563 0
082175643 0
450821763 0
354082176 0
508217643 0
082176453 2
082176534 0
308217654 0
231456708 2
231457608 2
823146570 0
823146750 0
231475608 2
823147650 0
082315467 0
608231547 0
823156470 0
823156740 0
460823157 0
823157640 0
164570823 0
164750823 0
316547082 0
316574082 0
167450823 0
316754082 0
231745608 2
823174650 0
546082317 0
823175640 0
176450823 0
317654082 0
823415670 0
823415760 0
341657082 0
341675082 0
823417560 0
341765082 0
516708234 2
517608234 2
456170823 0
456710823 0
571608234 2
457610823 0
461570823 2
461750823 2
651708234 0
657108234 0
467150823 2
675108234 0
823471560 0
347165082 0
751608234 2
475610823 0
476150823 2
765108234 0
082351467 2
823514760 2
708235164 0
082351674 0
823517460 2
082351764 0
708235416 0
082354176 0
170823546 0
710823546 0
082354716 0
108235476 0
823561470 0
823561740 0
417082356 0
471082356 0
823567140 0
741082356 0
823571460 2
082357164 0
082357416 0
108235746 0
823576140 0
410823576 0
145708236 2
147508236 2
615470823 0
615740823 0
174508236 2
617540823 0
082364157 0
508236417 0
517082364 2
571082364 2
150823647 0
751082364 2
365147082 0
365174082 0
541708236 0
547108236 0
365714082 0
574108236 0
714508236 2
671540823 0
415082367 0
451082367 2
367514082 0
754108236 0
237145608 2
823714650 0
154608237 0
823715640 0
716450823 0
371654082 0
823741560 0
374165082 0
451608237 2
745610823 0
746150823 2
651082374 0
823751460 2
082375164 0
082375416 0
108237546 0
823756140 0
410823756 0
614508237 2
761540823 0
641508237 0
510823764 2
376514082 0
541082376 0
082413567 2
824135760 2
708241365 0
082413675 0
824137560 2
082413765 0
367082415 2
376082415 2
415637082 0
415673082 0
736082415 2
415763082 0
082416357 0
508241637 0
165370824 2
165730824 2
350824167 0
167530824 2
824173560 2
082417365 0
536082417 2
417563082 0
635082417 0
176530824 2
431567082 0
431576082 0
824316570 0
824316750 0
431756082 0
824317650 0
351670824 0
351760824 0
561708243 0
567108243 0
357160824 0
576108243 0
436157082 0
436175082 0
365170824 0
365710824 0
436715082 0
367510824 0
437156082 0
824371650 0
375160824 0
756108243 0
437615082 0
376510824 0
136708245 0
137608245 0
516370824 0
516730824 0
173608245 0
517630824 0
082453167 0
608245317 0
617082453 2
671082453 2
160824537 0
761082453 2
245613708 2
245617308 2
631708245 0
637108245 0
245671308 2
673108245 0
713608245 0
571630824 0
316082457 0
361082457 2
245761308 2
763108245 0
082461357 2
824613750 2
708246153 0
082461573 0
824617350 2
082461753 0
708246315 0
082463175 0
170824635 0
710824635 0
082463715 0
108246375 0
824651370 0
824651730 0
317082465 0
371082465 0
824657130 0
731082465 0
824671350 2
082467153 0
082467315 0
108246735 0
824675130 0
310824675 0
824713560 2
082471365 0
360824715 2
471563082 0
163508247 0
716530824 2
473156082 0
824731650 0
735160824 0
561082473 0
473615082 0
736510824 0
136082475 0
751630824 0
531608247 0
610824753 2
247561308 2
631082475 0
824761350 2
082476153 0
082476315 0
108247635 0
824765130 0
310824765 0
134670825 2
134760825 2
082513647 0
408251367 0
137460825 2
640825137 0
514367082 0
514376082 0
637082514 2
673082514 2
514736082 0
763082514 2
251634708 2
251637408 2
825164370 0
825164730 0
251673408 2
825167430 0
173460825 2
364082517 0
517436082 0
463082517 2
251763408 2
825176430 0
708253146 0
082531476 0
082531647 2
825316740 2
082531746 0
825317640 2
825341670 0
825341760 0
617082534 0
671082534 0
825347160 0
761082534 0
708253614 0
082536174 0
170825364 0
710825364 0
082536714 0
108253674 0
082537146 0
825371640 2
825374160 0
610825374 0
082537614 0
108253764 0
413670825 0
413760825 0
163708254 0
167308254 0
417360825 0
176308254 0
543167082 0
543176082 0
361708254 0
367108254 0
543716082 0
376108254 0
082546137 0
308254617 0
317082546 2
371082546 2
130825467 0
731082546 2
471360825 0
716308254 0
547316082 0
736108254 0
613082547 0
631082547 2
825613470 0
825613740 0
561437082 0
561473082 0
825617340 0
561743082 0
314708256 2
317408256 2
634170825 0
634710825 0
371408256 2
637410825 0
641370825 0
641730825 0
431708256 0
437108256 0
647130825 0
473108256 0
825671340 0
567143082 0
731408256 2
673410825 0
674130825 0
743108256 0
713460825 2
136408257 0
571436082 0
630825714 2
257163408 2
825716430 0
082573146 0
825731640 2
825734160 0
610825734 0
082573614 0
108257364 0
741360825 0
163082574 0
574316082 0
361082574 0
461308257 0
310825746 2
825761340 0
576143082 0
631408257 2
763410825 0
764130825 0
431082576 0
613457082 0
613475082 0
547082613 2
574082613 2
613745082 0
754082613 2
143570826 2
143750826 2
082614537 0
308261457 0
147350826 2
530826147 0
826153470 0
826153740 0
261543708 2
261547308 2
826157340 0
261574308 2
617345082 0
354082617 2
174350826 2
453082617 0
826175340 0
261754308 2
314570826 0
314750826 0
154708263 0
157408263 0
317450826 0
175408263 0
263415708 2
263417508 2
451708263 0
457108263 0
263471508 2
475108263 0
082635147 0
408263517 0
417082635 2
471082635 2
140826357 0
741082635 2
371450826 0
715408263 0
263741508 2
745108263 0
514082637 0
541082637 2
708264135 0
082641375 0
370826415 0
730826415 0
082641735 0
308264175 0
826431570 0
826431750 0
517082643 0
571082643 0
826437150 0
751082643 0
708264513 2
308264517 2
170826453 0
710826453 0
082645713 2
108264573 0
082647135 0
308264715 0
826473150 0
510826473 0
082647513 2
108264753 0
651347082 0
651374082 0
826514370 0
826514730 0
651734082 0
826517430 0
531470826 0
531740826 0
341708265 0
347108265 0
537140826 0
374108265 0
413708265 2
417308265 2
543170826 0
543710826 0
471308265 2
547310826 0
657134082 0
826571430 0
573140826 0
734108265 0
741308265 2
574310826 0
671345082 0
540826713 2
714350826 2
145308267 0
826715340 0
267154308 2
731450826 0
154082673 0
267341508 2
451082673 0
351408267 0
410826735 2
082674135 0
308267415 0
826743150 0
510826743 0
082674513 2
108267453 0
675134082 0
826751430 0
753140826 0
341082675 0
541308267 2
754310826 0
608271345 0
082713465 0
460827135 0
408271356 2
645082713 0
540827136 0
082714356 0
508271436 0
536082714 0
630827145 0
082714635 2
308271465 0
608271534 2
640827153 0
360827154 0
463082715 0
408271563 0
082715643 0
450827163 0
354082716 0
508271643 0
082716453 2
082716534 0
308271654 0
273145608 2
827314650 0
315460827 0
827315640 0
164508273 0
731654082 0
827341560 0
734165082 0
516082734 2
456108273 0
346150827 2
651082734 0
827351460 2
082735164 0
082735416 0
108273546 0
827356140 0
410827356 0
145082736 2
615408273 0
364150827 0
510827364 2
736514082 0
541082736 0
827413560 2
082741365 0
360827415 2
741563082 0
416350827 0
416530827 2
743156082 0
827431650 0
351608274 0
561082743 0
743615082 0
365108274 0
136082745 0
516308274 0
453160827 0
610827453 2
274561308 2
631082745 0
827461350 2
082746153 0
082746315 0
108274635 0
827465130 0
310827465 0
513460827 2
513640827 0
751436082 0
630827514 2
275163408 2
827516430 0
082753146 0
827531640 2
827534160 0
610827534 0
082753614 0
108275364 0
413608275 0
163082754 0
754316082 0
361082754 0
546130827 0
310827546 2
827561340 0
756143082 0
314082756 2
634108275 0
641308275 0
431082756 0
761345082 0
540827613 2
614350827 2
614530827 0
827615340 0
276154308 2
314508276 0
154082763 0
276341508 2
451082763 0
635140827 0
410827635 2
082764135 0
308276415 0
827643150 0
510827643 0
082764513 2
108276453 0
765134082 0
827651430 0
531408276 0
341082765 0
413082765 2
543108276 0
670831245 2
760831245 2
124657083 0
124675083 0
560831247 2
124765083 0
467083125 0
476083125 0
083125647 0
408312567 0
746083125 0
640831257 0
264570831 0
264750831 0
654708312 0
657408312 0
267450831 0
675408312 0
608312745 2
127465083 0
460831275 0
564083127 0
276450831 0
765408312 0
567083142 0
576083142 0
831426570 0
831426750 0
756083142 0
831427650 0
670831452 0
760831452 0
708314562 0
083145672 0
608314572 0
083145762 0
708314625 0
083146275 0
083146527 2
831465720 2
083146725 0
831467520 2
560831472 0
831472650 0
608314752 0
083147562 0
083147625 0
831476520 2
246708315 0
247608315 0
526470831 0
526740831 0
274608315 0
527640831 0
542670831 0
542760831 0
462708315 2
467208315 2
547260831 0
476208315 2
156247083 0
156274083 0
831564270 0
831564720 0
156724083 0
831567420 0
724608315 0
572640831 0
574260831 0
746208315 2
157624083 0
831576420 0
162457083 0
162475083 0
547083162 2
574083162 2
162745083 0
754083162 2
642570831 2
642750831 2
083164527 0
208316457 0
647250831 2
520831647 0
831652470 0
831652740 0
316542708 2
316547208 2
831657240 0
316574208 2
167245083 0
254083167 2
674250831 2
452083167 0
831675240 0
316754208 2
608317245 2
172465083 0
460831725 0
256408317 0
726450831 0
654083172 0
560831742 0
831742650 0
608317452 0
083174562 0
083174625 0
831746520 2
246083175 0
752640831 0
754260831 0
546208317 2
175624083 0
831756420 0
176245083 0
540831762 2
764250831 2
645208317 0
831765240 0
317654208 2
567083214 0
576083214 0
083214657 0
508321467 0
756083214 0
650832147 0
670832154 2
760832154 2
321564708 2
321567408 2
460832157 2
321576408 2
645708321 2
647508321 2
165470832 0
165740832 0
674508321 2
167540832 0
560832174 0
465083217 0
608321754 2
321756408 2
764508321 2
176540832 0
156708324 0
157608324 0
416570832 0
416750832 0
175608324 0
417650832 0
451670832 0
451760832 0
245617083 0
245671083 0
457160832 0
245761083 0
246157083 0
246175083 0
832465170 0
832465710 0
246715083 0
832467510 0
715608324 0
471650832 0
475160832 0
247561083 0
247615083 0
832476510 0
467083251 0
476083251 0
832516470 0
832516740 0
746083251 0
832517640 0
670832541 0
760832541 0
708325461 0
083254671 0
608325471 0
083254761 0
708325614 0
083256174 0
083256417 2
832564710 2
083256714 0
832567410 2
460832571 0
832571640 0
608325741 0
083257461 0
083257614 0
832576410 2
614570832 0
614750832 0
261547083 0
261574083 0
617450832 0
261754083 0
083264157 2
832641750 2
708326451 0
083264571 0
832647150 2
083264751 0
651470832 2
651740832 2
083265417 0
108326547 0
657140832 2
410832657 0
671450832 0
267154083 0
832674150 2
083267451 0
675140832 2
541083267 0
560832714 0
146508327 0
608327154 2
327156408 2
164508327 2
716540832 0
156083274 0
741650832 0
745160832 0
274561083 0
274615083 0
832746510 0
460832751 0
832751640 0
608327541 0
083275461 0
083275614 0
832756410 2
761450832 0
276154083 0
832764150 2
083276451 0
765140832 2
654108327 0
670834125 0
760834125 0
708341265 0
083412675 0
608341275 0
083412765 0
267083415 0
276083415 0
834156270 0
834156720 0
726083415 0
834157620 0
083416257 2
834162750 2
708341652 0
083416572 0
834167250 2
083416752 0
608341725 0
083417265 0
260834175 0
834175620 0
834176250 2
083417652 0
215670834 0
215760834 0
165708342 2
167508342 2
217560834 0
176508342 2
516708342 0
517608342 0
256170834 2
256710834 2
571608342 0
257610834 2
834261570 0
834261750 0
426517083 0
426571083 0
834267150 0
426751083 0
271560834 0
716508342 2
751608342 0
275610834 2
834276150 0
427651083 0
126708345 0
127608345 0
451627083 0
451672083 0
172608345 0
451762083 0
167083452 2
176083452 2
083452617 0
108345267 0
716083452 2
610834527 0
561270834 0
561720834 0
621708345 2
627108345 2
567120834 0
672108345 2
712608345 0
457162083 0
216083457 2
261083457 0
576120834 0
762108345 2
083461257 0
508346127 0
834615270 0
834615720 0
250834617 0
834617520 0
346215708 2
346217508 2
834625170 0
834625710 0
346271508 2
834627510 0
465127083 0
465172083 0
652170834 0
652710834 0
465712083 0
657210834 0
125083467 0
834671520 0
346721508 2
834672510 0
467512083 0
675210834 0
608347125 0
083471265 0
260834715 0
834715620 0
834716250 2
083471652 0
721560834 0
216508347 2
516083472 0
725610834 2
834726150 0
472651083 0
126083475 0
475162083 0
160834752 2
526108347 0
756120834 0
562108347 2
612508347 0
834761520 0
347621508 2
834762510 0
476512083 0
765210834 0
124670835 0
124760835 0
264708351 2
267408351 2
127460835 0
276408351 2
426708351 0
427608351 0
146270835 0
146720835 0
472608351 0
147620835 0
835162470 0
835162740 0
516427083 0
516472083 0
835167240 0
516742083 0
172460835 0
726408351 2
742608351 0
174620835 0
835176240 0
517642083 0
670835214 0
760835214 0
708352164 2
408352167 2
608352174 0
083521764 2
167083524 0
176083524 0
835246170 0
835246710 0
716083524 0
835247610 0
470835261 0
740835261 0
708352641 0
083526471 0
408352671 0
083526741 0
608352714 0
083527164 2
160835274 0
835274610 0
408352761 0
083527641 0
267083541 2
276083541 2
083541627 0
208354167 0
726083541 2
620835417 0
216708354 0
217608354 0
354261708 2
354267108 2
271608354 0
354276108 2
612708354 0
617208354 0
462170835 0
462710835 0
671208354 0
467210835 0
126083547 2
162083547 0
721608354 0
354726108 2
761208354 0
476210835 0
356124708 2
356127408 2
835614270 0
835614720 0
356172408 2
835617420 0
083562147 0
408356217 0
624170835 2
624710835 2
140835627 0
627410835 2
127083564 2
172083564 2
564217083 0
564271083 0
712083564 2
564721083 0
356712408 2
835671420 0
214083567 0
672410835 2
412083567 2
567421083 0
712460835 0
126408357 2
426083571 0
714620835 0
835716240 0
571642083 0
608357214 0
083572164 2
160835724 0
835724610 0
408357261 0
083572641 0
260835741 2
416208357 0
216083574 0
357426108 2
612083574 0
746210835 0
357612408 2
835761420 0
621408357 0
762410835 2
120835764 2
576421083 0
457083612 0
475083612 0
254708361 0
257408361 0
745083612 0
275408361 0
570836142 2
750836142 2
527083614 0
572083614 0
250836147 2
752083614 0
708361524 0
083615274 0
270836154 0
720836154 0
083615724 0
208361574 0
450836172 0
725408361 0
508361742 2
520836174 0
083617524 0
208361754 0
145708362 0
147508362 0
547083621 0
574083621 0
174508362 0
754083621 0
708362415 0
083624175 0
170836245 0
710836245 0
083624715 0
108362475 0
470836251 2
740836251 2
417083625 0
471083625 0
140836257 2
741083625 0
714508362 0
540836271 0
083627415 0
108362745 0
408362751 2
410836275 0
257083641 0
275083641 0
270836415 2
720836415 2
725083641 0
520836417 2
570836421 0
750836421 0
708364251 0
083642571 0
508364271 0
083642751 0
127083645 0
172083645 0
521708364 0
527108364 0
712083645 0
572108364 0
250836471 0
208364715 2
508364721 0
083647251 0
120836475 0
752108364 0
470836512 0
740836512 0
708365142 0
083651472 0
408365172 0
083651742 0
147083652 0
174083652 0
170836524 2
710836524 2
714083652 0
410836527 2
412708365 0
417208365 0
217083654 0
271083654 0
471208365 0
721083654 0
408365712 0
083657142 0
140836572 0
108365724 2
741208365 0
210836574 0
450836712 0
254083671 0
508367142 2
520836714 0
083671524 0
208367154 0
145083672 0
540836721 0
083672415 0
108367245 0
408367251 2
410836725 0
250836741 0
208367415 2
508367421 0
083674251 0
120836745 0
521083674 0
408367512 0
083675142 0
140836752 0
108367524 2
412083675 0
210836754 0
608371245 2
712465083 0
460837125 0
125640837 0
264508371 0
654083712 0
560837142 0
837142650 0
608371452 0
083714562 0
083714625 0
837146520 2
246083715 0
526408371 0
542608371 0
462083715 2
715624083 0
837156420 0
716245083 0
540837162 2
164250837 2
164520837 0
837165240 0
371654208 2
560837214 0
214650837 0
608372154 2
372156408 2
645083721 2
165408372 0
156083724 0
416508372 0
451608372 0
724561083 0
724615083 0
837246510 0
460837251 0
837251640 0
608372541 0
083725461 0
083725614 0
837256410 2
614508372 0
726154083 0
837264150 2
083726451 0
265140837 2
265410837 0
608374125 0
083741265 0
260837415 0
837415620 0
837416250 2
083741652 0
215608374 0
165083742 2
516083742 0
425610837 2
837426150 0
742651083 0
126083745 0
745162083 0
160837452 2
452610837 0
561208374 0
621083745 2
461250837 0
837461520 0
374621508 2
837462510 0
746512083 0
652108374 0
124608375 0
264083751 2
426083751 0
146208375 0
837516240 0
751642083 0
608375214 0
083752164 2
160837524 0
837524610 0
408375261 0
083752641 0
260837541 2
541620837 0
216083754 0
375426108 2
612083754 0
462108375 0
375612408 2
837561420 0
562140837 0
562410837 2
120837564 2
756421083 0
450837612 0
254083761 0
508376142 2
520837614 0
083761524 0
208376154 0
145083762 0
540837621 0
083762415 0
108376245 0
408376251 2
410837625 0
250837641 0
208376415 2
508376421 0
083764251 0
120837645 0
521083764 0
408376512 0
083765142 0
140837652 0
108376524 2
412083765 0
210837654 0
412356708 2
412357608 2
365708412 0
367508412 0
412375608 2
376508412 0
253670841 0
253760841 0
563708412 0
567308412 0
257360841 0
576308412 0
357084126 2
375084126 2
084126537 0
308412657 0
735084126 2
530841267 0
412735608 2
736508412 0
275360841 0
756308412 0
635084127 2
653084127 0
841325670 0
841325760 0
657084132 0
675084132 0
841327560 0
765084132 0
708413526 0
084135276 0
270841356 0
720841356 0
084135726 0
208413576 0
570841362 0
750841362 0
708413652 2
208413657 2
508413672 0
084136752 2
841372560 0
650841372 0
084137526 0
208413756 0
508413762 0
084137652 2
152367084 0
152376084 0
637084152 2
673084152 2
152736084 0
763084152 2
532670841 2
532760841 2
084153627 0
208415367 0
537260841 2
620841537 0
084156237 2
841562730 2
708415632 0
084156372 0
841567230 2
084156732 0
157236084 0
263084157 2
573260841 2
362084157 0
841576230 2
084157632 0
235708416 0
237508416 0
625370841 0
625730841 0
273508416 0
627530841 0
632570841 0
632750841 0
352708416 2
357208416 2
637250841 0
375208416 2
165237084 0
165273084 0
841653270 0
841653720 0
165723084 0
841657320 0
723508416 0
672530841 0
673250841 0
735208416 2
167523084 0
841675320 0
417235608 2
365084172 0
725360841 0
563084172 0
350841726 2
265308417 0
841732560 0
650841732 0
084173526 0
208417356 0
508417362 0
084173652 2
175236084 0
630841752 2
753260841 2
536208417 0
841756230 2
084175632 0
235084176 0
762530841 0
763250841 0
635208417 2
176523084 0
841765320 0
084213567 0
608421357 0
657084213 2
675084213 2
560842137 0
765084213 2
536708421 0
537608421 0
156370842 0
156730842 0
573608421 0
157630842 0
635708421 0
637508421 0
216537084 0
216573084 0
673508421 0
216753084 0
356084217 0
365084217 2
753608421 0
175630842 0
763508421 0
217653084 0
315670842 2
315760842 2
165708423 0
167508423 0
317560842 2
176508423 0
235167084 0
235176084 0
842356170 0
842356710 0
235716084 0
842357610 0
361570842 0
361750842 0
651708423 2
657108423 2
367150842 0
675108423 2
371560842 2
716508423 0
237516084 0
842375610 0
376150842 0
765108423 2
367084251 2
376084251 2
251637084 0
251673084 0
736084251 2
251763084 0
842531670 0
842531760 0
425361708 2
425367108 2
842537160 0
425376108 2
842561370 0
842561730 0
084256317 0
108425637 0
842567130 0
310842567 0
136084257 2
257163084 0
842573160 0
425736108 2
842576130 0
631084257 0
357084261 0
375084261 0
842615370 0
842615730 0
735084261 0
842617530 0
570842631 0
750842631 0
708426351 0
084263571 0
508426371 0
084263751 0
708426513 0
084265173 0
084265317 2
842653710 2
084265713 0
842657310 2
350842671 0
842671530 0
508426731 0
084267351 0
084267513 0
842675310 2
135608427 0
650842713 2
536084271 0
715630842 0
635084271 0
271653084 0
731560842 2
165084273 0
273516084 0
842735610 0
736150842 0
365108427 2
360842751 2
275163084 0
842753160 0
427536108 2
842756130 0
563108427 0
350842761 0
842761530 0
508427631 0
084276351 0
084276513 0
842765310 2
708431256 0
084312576 0
570843126 0
750843126 0
084312756 0
508431276 0
084315267 2
843152760 2
708431562 0
084315672 0
843157260 2
084315762 0
257084316 0
275084316 0
843165270 0
843165720 0
725084316 0
843167520 0
084317256 0
508431726 0
843175260 2
084317562 0
250843176 0
843176520 0
321567084 0
321576084 0
216570843 0
216750843 0
321756084 0
217650843 0
843251670 0
843251760 0
325617084 0
325671084 0
843257160 0
325761084 0
615708432 0
617508432 0
265170843 0
265710843 0
671508432 0
267510843 0
327156084 0
271650843 0
843275160 0
327561084 0
761508432 0
276510843 0
084351267 0
608435127 0
516270843 2
516720843 2
260843517 0
517620843 2
708435216 0
084352176 0
084352617 2
843526710 2
084352716 0
843527610 2
356127084 0
356172084 0
562170843 0
562710843 0
356712084 0
567210843 0
126084357 0
571620843 2
084357216 0
843572610 2
357612084 0
576210843 0
570843612 2
750843612 2
436152708 2
436157208 2
250843617 2
436175208 2
157084362 0
175084362 0
084362517 0
108436257 0
715084362 0
510843627 0
651270843 0
651720843 0
521708436 2
527108436 2
657120843 0
572108436 2
508436712 2
436715208 2
150843672 0
251084367 0
675120843 0
752108436 2
084371256 0
508437126 0
843715260 2
084371562 0
250843716 0
843716520 0
372156084 0
721650843 0
843725160 0
372561084 0
615084372 0
726510843 0
512608437 0
751620843 2
084375216 0
843752610 2
375612084 0
756210843 0
508437612 2
437615208 2
150843762 0
625108437 0
765120843 0
652108437 2
367084512 0
376084512 0
263708451 0
267308451 0
736084512 0
276308451 0
670845132 0
760845132 0
708451362 2
208451367 2
608451372 0
084513762 2
708451623 0
084516273 0
270845163 0
720845163 0
084516723 0
208451673 0
360845172 0
726308451 0
608451732 0
084517362 2
084517623 0
208451763 0
136708452 0
137608452 0
637084521 0
673084521 0
173608452 0
763084521 0
708452316 0
084523176 0
170845236 0
710845236 0
084523716 0
108452376 0
370845261 2
730845261 2
317084526 0
371084526 0
130845267 2
731084526 0
713608452 0
630845271 0
084527316 0
108452736 0
308452761 2
310845276 0
708453126 2
608453127 2
270845316 0
720845316 0
084531726 2
208453176 0
670845321 0
760845321 0
708453261 0
084532671 0
608453271 0
084532761 0
127084536 0
172084536 0
621708453 0
627108453 0
712084536 0
672108453 0
084537126 2
208453716 0
608453721 0
084537261 0
120845376 0
762108453 0
370845612 0
730845612 0
708456132 0
084561372 0
308456172 0
084561732 0
137084562 0
173084562 0
170845623 2
710845623 2
713084562 0
310845627 2
312708456 0
317208456 0
217084563 0
271084563 0
371208456 0
721084563 0
308456712 0
084567132 0
130845672 0
108456723 2
731208456 0
210845673 0
360845712 0
263084571 0
608457132 0
084571362 2
084571623 0
208457163 0
136084572 0
630845721 0
084572316 0
108457236 0
308457261 2
310845726 0
084573126 2
208457316 0
608457321 0
084573261 0
120845736 0
621084573 0
308457612 0
084576132 0
130845762 0
108457623 2
312084576 0
210845763 0
123570846 0
123750846 0
253708461 2
257308461 2
127350846 0
275308461 2
325708461 0
327508461 0
135270846 0
135720846 0
372508461 0
137520846 0
846152370 0
846152730 0
615327084 0
615372084 0
846157230 0
615732084 0
172350846 0
725308461 2
732508461 0
173520846 0
846175230 0
617532084 0
570846213 0
750846213 0
708462153 0
084621573 0
508462173 0
084621753 0
157084623 0
175084623 0
846235170 0
846235710 0
715084623 0
846237510 0
084625137 2
846251730 2
708462531 0
084625371 0
846257130 2
084625731 0
508462713 0
084627153 0
150846273 0
846273510 0
846275130 2
084627531 0
257084631 0
275084631 0
084631527 0
208463157 0
725084631 0
520846317 0
570846321 2
750846321 2
632517084 0
632571084 0
150846327 2
632751084 0
512708463 0
517208463 0
352170846 0
352710846 0
571208463 0
357210846 0
250846371 0
152084637 0
508463721 2
637251084 0
751208463 0
375210846 0
465123708 2
465127308 2
846513270 0
846513720 0
465172308 2
846517320 0
084652137 0
308465217 0
523170846 2
523710846 2
130846527 0
527310846 2
127084653 2
172084653 2
653217084 0
653271084 0
712084653 2
653721084 0
465712308 2
846571320 0
213084657 0
572310846 2
312084657 2
657321084 0
712350846 0
125308467 2
325084671 0
713520846 0
846715230 0
671532084 0
508467213 0
084672153 0
150846723 0
846723510 0
846725130 2
084672531 0
250846731 0
315208467 0
508467321 2
673251084 0
512084673 0
735210846 0
467512308 2
846751320 0
521308467 0
752310846 2
120846753 2
675321084 0
471235608 2
365084712 0
253608471 0
563084712 0
350847126 2
126530847 0
847132560 0
650847132 0
084713526 0
208471356 0
508471362 0
084713652 2
715236084 0
630847152 2
153260847 2
153620847 0
847156230 2
084715632 0
235084716 0
625308471 0
632508471 0
352084716 2
716523084 0
847165320 0
213560847 0
650847213 2
536084721 0
156308472 0
635084721 0
721653084 0
231560847 2
165084723 0
723516084 0
847235610 0
361508472 0
651084723 2
360847251 2
725163084 0
847253160 0
472536108 2
847256130 0
256310847 0
350847261 0
847261530 0
508472631 0
084726351 0
084726513 0
847265310 2
084731256 0
508473126 0
847315260 2
084731562 0
250847316 0
847316520 0
732156084 0
216508473 0
847325160 0
732561084 0
615084732 0
265108473 0
351260847 0
351620847 2
084735216 0
847352610 2
735612084 0
562108473 0
508473612 2
473615208 2
150847362 0
362510847 0
651208473 0
521084736 2
360847512 0
263084751 0
608475132 0
084751362 2
084751623 0
208475163 0
136084752 0
630847521 0
084752316 0
108475236 0
308475261 2
310847526 0
084753126 2
208475316 0
608475321 0
084753261 0
120847536 0
621084753 0
308475612 0
084756132 0
130847562 0
108475623 2
312084756 0
210847563 0
123508476 0
253084761 2
325084761 0
135208476 0
847615230 0
761532084 0
508476213 0
084762153 0
150847623 0
847623510 0
847625130 2
084762531 0
250847631 0
631520847 0
508476321 2
763251084 0
512084763 0
352108476 0
476512308 2
847651320 0
652130847 0
652310847 2
120847653 2
765321084 0
085123467 0
608512347 0
647085123 0
674085123 0
460851237 0
764085123 0
436708512 0
437608512 0
246370851 0
246730851 0
473608512 0
247630851 0
470851263 2
740851263 2
126437085 0
126473085 0
340851267 2
126743085 0
346085127 0
640851273 0
743608512 0
274630851 0
408512763 2
127643085 0
324670851 0
324760851 0
264708513 0
267408513 0
327460851 0
276408513 0
134267085 0
134276085 0
851346270 0
851346720 0
134726085 0
851347620 0
362470851 0
362740851 0
642708513 2
647208513 2
367240851 0
674208513 2
372460851 0
726408513 0
137426085 0
851374620 0
376240851 0
764208513 2
367085142 2
376085142 2
142637085 0
142673085 0
736085142 2
142763085 0
851432670 0
851432760 0
514362708 2
514367208 2
851437260 0
514376208 2
462370851 2
462730851 2
085146327 0
208514637 0
467230851 2
320851467 0
236085147 2
147263085 0
851473260 0
514736208 2
476230851 2
632085147 0
347085162 0
374085162 0
851624370 0
851624730 0
734085162 0
851627430 0
470851632 0
740851632 0
708516342 0
085163472 0
408516372 0
085163742 0
708516423 0
085164273 0
085164327 2
851643720 2
085164723 0
851647320 2
340851672 0
851672430 0
408516732 0
085167342 0
085167423 0
851674320 2
234608517 0
640851723 0
436085172 0
724630851 0
408517263 2
172643085 0
732460851 0
264085173 0
173426085 0
851734620 0
736240851 0
364208517 2
360851742 2
174263085 0
851743260 0
517436208 2
746230851 2
463208517 0
340851762 0
851762430 0
408517632 0
085176342 0
085176423 0
851764320 2
213467085 0
213476085 0
470852136 2
740852136 2
213746085 0
640852137 2
143670852 0
143760852 0
463708521 0
467308521 0
147360852 0
476308521 0
347085216 0
374085216 0
085216437 0
308521647 0
734085216 0
430852167 0
217346085 0
408521736 2
174360852 0
746308521 0
340852176 0
643085217 0
852314670 0
852314760 0
647085231 0
674085231 0
852317460 0
764085231 0
708523416 0
085234176 0
170852346 0
710852346 0
085234716 0
108523476 0
470852361 0
740852361 0
708523641 2
108523647 2
408523671 0
085236741 2
852371460 0
640852371 0
085237416 0
108523746 0
408523761 0
085237641 2
241367085 0
241376085 0
637085241 2
673085241 2
241736085 0
763085241 2
431670852 2
431760852 2
085243617 0
108524367 0
437160852 2
610852437 0
852461370 0
852461730 0
524631708 2
524637108 2
852467130 0
524673108 2
247136085 0
163085247 2
473160852 2
361085247 0
852476130 0
524763108 2
134708526 0
137408526 0
614370852 0
614730852 0
173408526 0
617430852 0
631470852 0
631740852 0
263417085 0
263471085 0
637140852 0
263741085 0
264137085 0
264173085 0
852643170 0
852643710 0
264713085 0
852647310 0
713408526 0
671430852 0
673140852 0
267341085 0
267413085 0
852674310 0
271346085 0
408527136 2
714360852 0
463085271 0
340852716 0
164308527 0
852731460 0
640852731 0
085273416 0
108527346 0
408527361 0
085273641 2
274136085 0
630852741 2
743160852 2
436108527 0
852746130 0
527463108 2
134085276 0
761430852 0
763140852 0
276341085 0
276413085 0
852764310 0
246708531 2
247608531 2
126470853 0
126740853 0
274608531 2
127640853 0
853142670 0
853142760 0
314627085 0
314672085 0
853147260 0
314762085 0
624708531 0
627408531 0
164270853 0
164720853 0
672408531 0
167420853 0
724608531 2
172640853 0
853174260 0
317462085 0
762408531 0
176420853 0
708532146 0
085321476 0
470853216 0
740853216 0
085321746 0
408532176 0
085324167 2
853241760 2
708532461 0
085324671 0
853247160 2
085324761 0
147085326 0
174085326 0
853264170 0
853264710 0
714085326 0
853267410 0
085327146 0
408532716 0
853274160 2
085327461 0
140853276 0
853276410 0
534126708 2
534127608 2
853416270 0
853416720 0
534172608 2
853417620 0
085342167 0
608534217 0
853426170 0
853426710 0
160853427 0
853427610 0
127085346 2
172085346 2
346217085 0
346271085 0
712085346 2
346721085 0
534712608 2
853471620 0
216085347 0
853472610 0
612085347 2
347621085 0
247085361 0
274085361 0
085361427 0
208536147 0
724085361 0
420853617 0
470853621 2
740853621 2
362417085 0
362471085 0
140853627 2
362741085 0
412708536 0
417208536 0
642170853 0
642710853 0
471208536 0
647210853 0
240853671 0
142085367 0
408536721 2
367241085 0
741208536 0
674210853 0
124608537 2
712640853 0
853714260 0
371462085 0
624085371 0
716420853 0
085372146 0
408537216 0
853724160 2
085372461 0
140853726 0
853726410 0
537412608 2
853741620 0
421608537 0
853742610 0
120853746 2
374621085 0
240853761 0
614208537 0
408537621 2
376241085 0
412085376 0
764210853 0
236708541 0
237608541 0
637085412 0
673085412 0
273608541 0
763085412 0
708541326 0
085413276 0
270854136 0
720854136 0
085413726 0
208541376 0
370854162 0
730854162 0
708541632 2
208541637 2
308541672 0
085416732 2
723608541 0
630854172 0
085417326 0
208541736 0
308541762 0
085417632 2
367085421 0
376085421 0
163708542 0
167308542 0
736085421 0
176308542 0
670854231 0
760854231 0
708542361 2
108542367 2
608542371 0
085423761 2
708542613 0
085426173 0
170854263 0
710854263 0
085426713 0
108542673 0
360854271 0
716308542 0
608542731 0
085427361 2
085427613 0
108542763 0
670854312 0
760854312 0
708543162 0
085431672 0
608543172 0
085431762 0
708543216 2
608543217 2
170854326 0
710854326 0
085432716 2
108543276 0
612708543 0
617208543 0
217085436 0
271085436 0
671208543 0
721085436 0
608543712 0
085437162 0
085437216 2
108543726 0
761208543 0
210854376 0
708546123 2
308546127 2
270854613 0
720854613 0
085461723 2
208546173 0
370854621 0
730854621 0
708546231 0
085462371 0
308546271 0
085462731 0
127085463 0
172085463 0
321708546 0
327108546 0
712085463 0
372108546 0
085467123 2
208546713 0
308546721 0
085467231 0
120854673 0
732108546 0
236085471 0
630854712 0
085471326 0
208547136 0
308547162 0
085471632 2
360854721 0
163085472 0
608547231 0
085472361 2
085472613 0
108547263 0
608547312 0
085473162 0
085473216 2
108547326 0
612085473 0
210854736 0
085476123 2
208547613 0
308547621 0
085476231 0
120854763 0
321085476 0
470856123 0
740856123 0
708561243 0
085612473 0
408561273 0
085612743 0
247085613 0
274085613 0
856134270 0
856134720 0
724085613 0
856137420 0
085614237 2
856142730 2
708561432 0
085614372 0
856147230 2
085614732 0
408561723 0
085617243 0
240856173 0
856173420 0
856174230 2
085617432 0
213470856 0
213740856 0
143708562 2
147308562 2
217340856 0
174308562 2
314708562 0
317408562 0
234170856 2
234710856 2
371408562 0
237410856 2
856241370 0
856241730 0
624317085 0
624371085 0
856247130 0
624731085 0
271340856 0
714308562 2
731408562 0
273410856 2
856274130 0
627431085 0
470856312 2
740856312 2
631427085 0
631472085 0
240856317 2
631742085 0
147085632 0
174085632 0
085632417 0
108563247 0
714085632 0
410856327 0
341270856 0
341720856 0
421708563 0
427108563 0
347120856 0
472108563 0
408563712 2
637142085 0
140856372 0
241085637 0
374120856 0
742108563 0
085641237 0
308564127 0
413270856 2
413720856 2
230856417 0
417320856 2
708564213 0
085642173 0
085642317 2
856423710 2
085642713 0
856427310 2
643127085 0
643172085 0
217085643 2
271085643 2
643712085 0
721085643 2
123085647 0
471320856 2
085647213 0
856472310 2
647312085 0
321085647 2
408567123 0
085671243 0
240856713 0
856713420 0
856714230 2
085671432 0
721340856 0
214308567 2
314085672 0
723410856 2
856724130 0
672431085 0
408567312 2
673142085 0
140856732 0
324108567 0
734120856 0
421085673 0
412308567 0
741320856 2
085674213 0
856742310 2
674312085 0
210856743 2
123460857 0
640857123 0
436085712 0
246308571 0
408571263 2
712643085 0
324608571 0
264085713 0
713426085 0
857134620 0
362408571 0
642085713 2
360857142 2
714263085 0
857143260 0
571436208 2
146230857 2
146320857 0
340857162 0
857162430 0
408571632 0
085716342 0
085716423 0
857164320 2
721346085 0
408572136 2
143608572 0
463085721 0
340857216 0
216430857 0
857231460 0
640857231 0
085723416 0
108572346 0
408572361 0
085723641 2
724136085 0
630857241 2
243160857 2
243610857 0
857246130 0
572463108 2
134085726 0
614308572 0
631408572 0
726341085 0
726413085 0
857264310 0
246085731 2
126408573 0
857314260 0
731462085 0
624085731 0
164208573 0
085732146 0
408573216 0
857324160 2
085732461 0
140857326 0
857326410 0
573412608 2
857341620 0
342160857 0
857342610 0
120857346 2
734621085 0
240857361 0
361420857 0
408573621 2
736241085 0
412085736 0
642108573 0
236085741 0
630857412 0
085741326 0
208574136 0
308574162 0
085741632 2
360857421 0
163085742 0
608574231 0
085742361 2
085742613 0
108574263 0
608574312 0
085743162 0
085743216 2
108574326 0
612085743 0
210857436 0
085746123 2
208574613 0
308574621 0
085746231 0
120857463 0
321085746 0
408576123 0
085761243 0
240857613 0
857613420 0
857614230 2
085761432 0
213408576 0
143085762 2
314085762 0
623410857 2
857624130 0
762431085 0
408576312 2
763142085 0
140857632 0
632410857 0
341208576 0
421085763 0
641230857 0
641320857 2
085764213 0
857642310 2
764312085 0
210857643 2
345708612 0
347508612 0
235470861 0
235740861 0
374508612 0
237540861 0
086124357 0
508612437 0
537086124 2
573086124 2
350861247 0
753086124 2
125347086 0
125374086 0
543708612 0
547308612 0
125734086 0
574308612 0
734508612 0
273540861 0
435086127 0
453086127 2
127534086 0
754308612 0
457086132 2
475086132 2
132547086 0
132574086 0
745086132 2
132754086 0
086134257 2
861342750 2
708613452 0
086134572 0
861347250 2
086134752 0
352470861 2
352740861 2
086135427 0
208613547 0
357240861 2
420861357 0
245086137 2
137254086 0
861374250 2
086137452 0
375240861 2
542086137 0
423570861 2
423750861 2
253708614 0
257308614 0
427350861 2
275308614 0
143257086 0
143275086 0
861435270 0
861435720 0
143725086 0
861437520 0
452370861 0
452730861 0
532708614 2
537208614 2
457230861 0
573208614 2
472350861 2
725308614 0
147325086 0
861473520 0
475230861 0
753208614 2
861523470 0
861523740 0
437086152 0
473086152 0
861527340 0
743086152 0
708615324 0
086153274 0
086153427 2
861534720 2
086153724 0
861537420 2
370861542 0
730861542 0
708615432 0
086154372 0
308615472 0
086154732 0
861572340 0
430861572 0
086157324 0
861573420 2
308615742 0
086157432 0
345086172 0
723540861 0
243508617 0
530861724 2
172534086 0
543086172 0
450861732 2
173254086 0
861734250 2
086173452 0
735240861 2
354208617 0
742350861 2
253086174 0
174325086 0
861743520 0
745230861 0
453208617 2
861752340 0
430861752 0
086175324 0
861753420 2
308617542 0
086175432 0
134570862 0
134750862 0
354708621 0
357408621 0
137450862 0
375408621 0
214357086 0
214375086 0
453708621 0
457308621 0
214735086 0
475308621 0
086215347 0
408621537 0
437086215 2
473086215 2
340862157 0
743086215 2
173450862 0
735408621 0
217435086 0
745308621 0
534086217 0
543086217 2
231457086 0
231475086 0
547086231 2
574086231 2
231745086 0
754086231 2
862341570 0
862341750 0
086234517 0
108623457 0
862347150 0
510862347 0
862351470 0
862351740 0
623541708 2
623547108 2
862357140 0
623574108 2
237145086 0
154086237 2
862374150 0
451086237 0
862375140 0
623754108 2
862413570 0
862413750 0
537086241 0
573086241 0
862417350 0
753086241 0
708624315 0
086243175 0
086243517 2
862435710 2
086243715 0
862437510 2
370862451 0
730862451 0
708624531 0
086245371 0
308624571 0
086245731 0
862471350 0
530862471 0
086247315 0
862473510 2
308624751 0
086247531 0
513470862 0
513740862 0
143708625 0
147308625 0
517340862 0
174308625 0
253147086 0
253174086 0
862534170 0
862534710 0
253714086 0
862537410 0
541370862 0
541730862 0
431708625 2
437108625 2
547130862 0
473108625 2
571340862 0
714308625 0
257314086 0
862573410 0
574130862 0
743108625 2
713450862 0
354086271 0
271435086 0
453086271 0
153408627 0
430862715 2
273145086 0
540862731 2
862734150 0
345108627 0
862735140 0
627354108 2
862741350 0
530862741 0
086274315 0
862743510 2
308627451 0
086274531 0
751340862 0
143086275 0
275314086 0
862753410 0
754130862 0
543108627 2
245708631 0
247508631 0
547086312 0
574086312 0
274508631 0
754086312 0
708631425 0
086314275 0
270863145 0
720863145 0
086314725 0
208631475 0
470863152 0
740863152 0
708631542 2
208631547 2
408631572 0
086315742 2
724508631 0
540863172 0
086317425 0
208631745 0
408631752 0
086317542 2
457086321 0
475086321 0
154708632 0
157408632 0
745086321 0
175408632 0
570863241 0
750863241 0
708632451 2
108632457 2
508632471 0
086324751 2
708632514 0
086325174 0
170863254 0
710863254 0
086325714 0
108632574 0
450863271 0
715408632 0
508632741 0
086327451 2
086327514 0
108632754 0
570863412 0
750863412 0
708634152 0
086341572 0
508634172 0
086341752 0
708634215 2
508634217 2
170863425 0
710863425 0
086342715 2
108634275 0
512708634 0
517208634 0
217086345 0
271086345 0
571208634 0
721086345 0
508634712 0
086347152 0
086347215 2
108634725 0
751208634 0
210863475 0
708635124 2
408635127 2
270863514 0
720863514 0
086351724 2
208635174 0
470863521 0
740863521 0
708635241 0
086352471 0
408635271 0
086352741 0
127086354 0
172086354 0
421708635 0
427108635 0
712086354 0
472108635 0
086357124 2
208635714 0
408635721 0
086357241 0
120863574 0
742108635 0
245086371 0
540863712 0
086371425 0
208637145 0
408637152 0
086371542 2
450863721 0
154086372 0
508637241 0
086372451 2
086372514 0
108637254 0
508637412 0
086374152 0
086374215 2
108637425 0
512086374 0
210863745 0
086375124 2
208637514 0
408637521 0
086375241 0
120863754 0
421086375 0
412357086 0
412375086 0
125370864 0
125730864 0
412735086 0
127530864 0
864132570 0
864132750 0
413527086 0
413572086 0
864137250 0
413752086 0
523708641 0
527308641 0
153270864 0
153720864 0
572308641 0
157320864 0
417235086 0
172530864 0
864173250 0
417352086 0
752308641 0
175320864 0
708642135 2
508642137 2
370864215 0
730864215 0
086421735 2
308642175 0
570864231 0
750864231 0
708642351 0
086423571 0
508642371 0
086423751 0
137086425 0
173086425 0
864253170 0
864253710 0
713086425 0
864257310 0
086427135 2
308642715 0
508642731 0
086427351 0
130864275 0
864275310 0
643125708 2
643127508 2
864315270 0
864315720 0
643172508 2
864317520 0
086432157 0
508643217 0
325170864 2
325710864 2
150864327 0
327510864 2
127086435 2
172086435 2
435217086 0
435271086 0
712086435 2
435721086 0
643712508 2
864371520 0
215086437 0
372510864 2
512086437 2
437521086 0
237086451 0
273086451 0
086451327 0
208645137 0
723086451 0
320864517 0
370864521 2
730864521 2
452317086 0
452371086 0
130864527 2
452731086 0
312708645 0
317208645 0
532170864 0
532710864 0
371208645 0
537210864 0
230864571 0
132086457 0
308645721 2
457231086 0
731208645 0
573210864 0
471235086 0
712530864 0
864713250 0
471352086 0
523086471 0
715320864 0
086472135 2
308647215 0
508647231 0
086472351 0
130864725 0
864725310 0
647312508 2
864731520 0
321508647 0
732510864 2
120864735 2
473521086 0
230864751 0
513208647 0
308647521 2
475231086 0
312086475 0
753210864 0
708651234 0
086512374 0
370865124 0
730865124 0
086512734 0
308651274 0
086513247 2
865132740 2
708651342 0
086513472 0
865137240 2
086513742 0
237086514 0
273086514 0
865143270 0
865143720 0
723086514 0
865147320 0
086517234 0
308651724 0
865173240 2
086517342 0
230865174 0
865174320 0
134708652 2
137408652 2
214370865 0
214730865 0
173408652 2
217430865 0
865231470 0
865231740 0
523417086 0
523471086 0
865237140 0
523741086 0
413708652 0
417308652 0
243170865 0
243710865 0
471308652 0
247310865 0
713408652 2
271430865 0
865273140 0
527341086 0
741308652 0
274310865 0
086531247 0
408653127 0
314270865 2
314720865 2
240865317 0
317420865 2
653214708 2
653217408 2
865324170 0
865324710 0
653271408 2
865327410 0
534127086 0
534172086 0
217086534 2
271086534 2
534712086 0
721086534 2
124086537 0
371420865 2
653721408 2
865372410 0
537412086 0
421086537 2
370865412 2
730865412 2
541327086 0
541372086 0
230865417 2
541732086 0
137086542 0
173086542 0
086542317 0
108654237 0
713086542 0
310865427 0
431270865 0
431720865 0
321708654 0
327108654 0
437120865 0
372108654 0
308654712 2
547132086 0
130865472 0
231086547 0
473120865 0
732108654 0
086571234 0
308657124 0
865713240 2
086571342 0
230865714 0
865714320 0
213408657 2
721430865 0
865723140 0
572341086 0
413086572 0
724310865 0
312408657 0
731420865 2
657321408 2
865732410 0
573412086 0
210865734 2
308657412 2
574132086 0
130865742 0
423108657 0
743120865 0
321086574 0
345086712 0
235408671 0
124350867 0
530867124 2
712534086 0
543086712 0
450867132 2
713254086 0
867134250 2
086713452 0
135240867 2
135420867 0
142350867 2
253086714 0
714325086 0
867143520 0
452308671 0
532086714 2
867152340 0
430867152 0
086715324 0
867153420 2
308671542 0
086715432 0
134508672 0
354086721 0
721435086 0
453086721 0
215340867 0
430867215 2
723145086 0
540867231 2
867234150 0
234510867 0
867235140 0
672354108 2
867241350 0
530867241 0
086724315 0
867243510 2
308672451 0
086724531 0
513408672 0
143086725 0
725314086 0
867253410 0
541308672 0
431086725 2
245086731 0
540867312 0
086731425 0
208673145 0
408673152 0
086731542 2
450867321 0
154086732 0
508673241 0
086732451 2
086732514 0
108673254 0
508673412 0
086734152 0
086734215 2
108673425 0
512086734 0
210867345 0
086735124 2
208673514 0
408673521 0
086735241 0
120867354 0
421086735 0
741235086 0
125308674 0
867413250 0
741352086 0
523086741 0
153208674 0
086742135 2
308674215 0
508674231 0
086742351 0
130867425 0
867425310 0
674312508 2
867431520 0
432150867 0
432510867 2
120867435 2
743521086 0
230867451 0
451320867 0
308674521 2
745231086 0
312086745 0
532108674 0
086751234 0
308675124 0
867513240 2
086751342 0
230867514 0
867514320 0
134086752 2
214308675 0
867523140 0
752341086 0
413086752 0
243108675 0
531240867 0
531420867 2
675321408 2
867532410 0
753412086 0
210867534 2
308675412 2
754132086 0
130867542 0
542310867 0
431208675 0
321086754 0
087123456 2
508712346 0
608712354 0
087123564 0
450871236 0
654087123 0
608712435 0
087124365 2
360871245 0
563087124 0
508712463 0
087124653 0
087125346 0
408712536 0
436087125 0
630871254 0
087125634 2
308712564 0
345087126 0
540871263 0
087126435 0
308712645 0
408712653 0
087126543 2
132456087 0
246508713 2
713254608 2
871325640 0
326450871 0
540871326 2
608713425 0
087134265 0
087134526 2
208713456 0
871346250 0
520871346 0
871352460 0
352640871 0
354260871 0
546208713 0
562408713 0
642087135 0
624508713 0
254087136 0
364250871 0
208713645 2
136524087 0
420871365 0
871423560 0
142365087 0
425360871 0
630871425 2
714263508 2
871426530 0
087143256 0
871432650 2
871435260 0
620871435 0
087143625 0
208714365 0
523608714 0
263087145 0
453260871 0
208714536 2
145623087 0
320871456 0
871462350 0
462530871 0
325087146 2
635208714 0
652308714 0
532087146 0
871523460 2
087152364 0
360871524 2
524630871 0
152634087 0
264308715 2
532460871 0
871532640 0
342608715 2
462087153 0
624087153 2
364208715 0
236087154 0
426308715 0
154326087 0
620871543 0
546230871 0
208715463 2
408715623 0
087156243 0
087156324 2
208715634 0
871564230 0
320871564 0
450871623 2
623540871 0
871624350 0
716245308 2
253408716 2
162543087 0
245087163 0
325408716 0
163425087 0
520871634 0
635240871 0
208716354 2
642350871 0
871642530 0
432508716 0
352087164 0
523087164 2
453208716 0
087165234 0
871652430 2
871653240 0
420871653 0
087165423 0
208716543 0
608721345 0
087213465 0
460872135 0
408721356 2
645087213 0
540872136 0
087214356 0
508721436 0
536087214 0
630872145 0
087214635 2
308721465 0
608721534 2
640872153 0
360872154 0
463087215 0
408721563 0
087215643 0
450872163 0
354087216 0
508721643 0
087216453 2
087216534 0
308721654 0
723145608 2
872314650 0
231546087 0
872315640 0
164508723 0
316540872 0
872341560 0
341650872 0
516087234 2
456108723 0
461508723 2
651087234 0
872351460 2
087235164 0
087235416 0
108723546 0
872356140 0
410872356 0
145087236 2
615408723 0
236415087 0
510872364 2
365140872 0
541087236 0
872413560 2
087241365 0
360872415 2
415630872 0
241635087 0
165308724 2
431560872 0
872431650 0
351608724 0
561087243 0
436150872 0
365108724 0
136087245 0
516308724 0
245316087 0
610872453 2
724561308 2
631087245 0
872461350 2
087246153 0
087246315 0
108724635 0
872465130 0
310872465 0
134608725 2
251364087 0
514360872 0
630872514 2
725163408 2
872516430 0
087253146 0
872531640 2
872534160 0
610872534 0
087253614 0
108725364 0
413608725 0
163087254 0
543160872 0
361087254 0
254613087 0
310872546 2
872561340 0
561430872 0
314087256 2
634108725 0
641308725 0
431087256 0
613450872 0
540872613 2
143508726 2
261453087 0
872615340 0
726154308 2
314508726 0
154087263 0
726341508 2
451087263 0
263514087 0
410872635 2
087264135 0
308726415 0
872643150 0
510872643 0
087264513 2
108726453 0
651340872 0
872651430 0
531408726 0
341087265 0
413087265 2
543108726 0
608731245 2
124650873 0
460873125 0
312564087 0
264508731 0
654087312 0
560873142 0
873142650 0
608731452 0
087314562 0
087314625 0
873146520 2
246087315 0
526408731 0
542608731 0
462087315 2
156240873 0
873156420 0
162450873 0
540873162 2
642508731 2
316452087 0
873165240 0
731654208 2
560873214 0
321465087 0
608732154 2
732156408 2
645087321 2
165408732 0
156087324 0
416508732 0
451608732 0
245610873 0
246150873 0
873246510 0
460873251 0
873251640 0
608732541 0
087325461 0
087325614 0
873256410 2
614508732 0
261540873 0
873264150 2
087326451 0
651408732 2
326541087 0
608734125 0
087341265 0
260873415 0
873415620 0
873416250 2
087341652 0
215608734 0
165087342 2
516087342 0
256108734 2
873426150 0
426510873 0
126087345 0
451620873 0
160873452 2
345261087 0
561208734 0
621087345 2
346125087 0
873461520 0
734621508 2
873462510 0
465120873 0
652108734 0
124608735 0
264087351 2
426087351 0
146208735 0
873516240 0
516420873 0
608735214 0
087352164 2
160873524 0
873524610 0
408735261 0
087352641 0
260873541 2
354162087 0
216087354 0
735426108 2
612087354 0
462108735 0
735612408 2
873561420 0
356214087 0
624108735 2
120873564 2
564210873 0
450873612 0
254087361 0
508736142 2
520873614 0
087361524 0
208736154 0
145087362 0
540873621 0
087362415 0
108736245 0
408736251 2
410873625 0
250873641 0
208736415 2
508736421 0
087364251 0
120873645 0
521087364 0
408736512 0
087365142 0
140873652 0
108736524 2
412087365 0
210873654 0
741235608 2
365087412 0
253608741 0
563087412 0
350874126 2
412653087 0
874132560 0
650874132 0
087413526 0
208741356 0
508741362 0
087413652 2
152360874 0
630874152 2
532608741 2
415362087 0
874156230 2
087415632 0
235087416 0
625308741 0
632508741 0
352087416 2
165230874 0
874165320 0
421356087 0
650874213 2
536087421 0
156308742 0
635087421 0
216530874 0
315608742 2
165087423 0
235160874 0
874235610 0
361508742 0
651087423 2
360874251 2
251630874 0
874253160 0
742536108 2
874256130 0
425631087 0
350874261 0
874261530 0
508742631 0
087426351 0
087426513 0
874265310 2
087431256 0
508743126 0
874315260 2
087431562 0
250874316 0
874316520 0
321560874 0
216508743 0
874325160 0
325610874 0
615087432 0
265108743 0
435126087 0
516208743 2
087435216 0
874352610 2
356120874 0
562108743 0
508743612 2
743615208 2
150874362 0
436251087 0
651208743 0
521087436 2
360874512 0
263087451 0
608745132 0
087451362 2
087451623 0
208745163 0
136087452 0
630874521 0
087452316 0
108745236 0
308745261 2
310874526 0
087453126 2
208745316 0
608745321 0
087453261 0
120874536 0
621087453 0
308745612 0
087456132 0
130874562 0
108745623 2
312087456 0
210874563 0
123508746 0
253087461 2
325087461 0
135208746 0
874615230 0
615320874 0
508746213 0
087462153 0
150874623 0
874623510 0
874625130 2
087462531 0
250874631 0
463152087 0
508746321 2
632510874 0
512087463 0
352108746 0
746512308 2
874651320 0
465213087 0
523108746 2
120874653 2
653210874 0
512346087 0
640875123 0
436087512 0
246308751 0
408751263 2
126430875 0
324608751 0
264087513 0
134260875 0
875134620 0
362408751 0
642087513 2
360875142 2
142630875 0
875143260 0
751436208 2
462308751 2
514632087 0
340875162 0
875162430 0
408751632 0
087516342 0
087516423 0
875164320 2
213460875 0
408752136 2
143608752 0
463087521 0
340875216 0
521643087 0
875231460 0
640875231 0
087523416 0
108752346 0
408752361 0
087523641 2
241360875 0
630875241 2
431608752 2
524361087 0
875246130 0
752463108 2
134087526 0
614308752 0
631408752 0
263410875 0
264130875 0
875264310 0
246087531 2
126408753 0
875314260 0
314620875 0
624087531 0
164208753 0
087532146 0
408753216 0
875324160 2
087532461 0
140875326 0
875326410 0
753412608 2
875341620 0
534216087 0
875342610 0
120875346 2
346210875 0
240875361 0
536142087 0
408753621 2
362410875 0
412087536 0
642108753 0
236087541 0
630875412 0
087541326 0
208754136 0
308754162 0
087541632 2
360875421 0
163087542 0
608754231 0
087542361 2
087542613 0
108754263 0
608754312 0
087543162 0
087543216 2
108754326 0
612087543 0
210875436 0
087546123 2
208754613 0
308754621 0
087546231 0
120875463 0
321087546 0
408756123 0
087561243 0
240875613 0
875613420 0
875614230 2
087561432 0
213408756 0
143087562 2
314087562 0
234108756 2
875624130 0
624310875 0
408756312 2
631420875 0
140875632 0
563241087 0
341208756 0
421087563 0
564123087 0
413208756 2
087564213 0
875642310 2
643120875 0
210875643 2
345087612 0
235408761 0
612435087 0
530876124 2
125340876 0
543087612 0
450876132 2
132540876 0
876134250 2
087613452 0
352408761 2
613542087 0
423508761 2
253087614 0
143250876 0
876143520 0
452308761 0
532087614 2
876152340 0
430876152 0
087615324 0
876153420 2
308761542 0
087615432 0
134508762 0
354087621 0
214350876 0
453087621 0
621534087 0
430876215 2
231450876 0
540876231 2
876234150 0
623451087 0
876235140 0
762354108 2
876241350 0
530876241 0
087624315 0
876243510 2
308762451 0
087624531 0
513408762 0
143087625 0
253140876 0
876253410 0
541308762 0
431087625 2
245087631 0
540876312 0
087631425 0
208763145 0
408763152 0
087631542 2
450876321 0
154087632 0
508763241 0
087632451 2
087632514 0
108763254 0
508763412 0
087634152 0
087634215 2
108763425 0
512087634 0
210876345 0
087635124 2
208763514 0
408763521 0
087635241 0
120876354 0
421087635 0
412350876 0
125308764 0
876413250 0
413520876 0
523087641 0
153208764 0
087642135 2
308764215 0
508764231 0
087642351 0
130876425 0
876425310 0
764312508 2
876431520 0
643215087 0
325108764 2
120876435 2
435210876 0
230876451 0
645132087 0
308764521 2
452310876 0
312087645 0
532108764 0
087651234 0
308765124 0
876513240 2
087651342 0
230876514 0
876514320 0
134087652 2
214308765 0
876523140 0
523410876 0
413087652 0
243108765 0
653124087 0
314208765 2
765321408 2
876532410 0
534120876 0
210876534 2
308765412 2
541320876 0
130876542 0
654231087 0
431208765 0
321087654 0
A0235418
A8023541
A8021346
A0821346
A0213846
A0175236
A0238541
A0175624
A0213486
A0213468
A0235481
A0715624
A0235841
A0157236
A0218346
A0283541
A0823541
A0281346
A0173845
A0713852
A0172386
01324568
08132456
01832456
01382456
01328456
01324856
01324586
01365248
08136524
01836524
01386524
01368524
01365824
01365284
01423658
08142365
01842365
01482365
01428365
01423865
01423685
0145623A
0A145623
01A45623
014A5623
0145A623
01456A23
014562A3
01526348
08152634
01852634
01582634
01528634
01526834
01526384
01543268
08154326
01854326
01584326
01548326
01543826
01543286
01625438
08162543
01862543
01682543
01628543
01625843
01625483
01634258
08163425
01863425
01683425
01638425
01634825
01634285
0231546A
0A231546
02A31546
023A1546
0231A546
02315A46
023154A6
0236415A
0A236415
02A36415
023A6415
0236A415
02364A15
023641A5
0241635A
0A241635
02A41635
024A1635
0241A635
02416A35
024163A5
0245316A
0A245316
02A45316
024A5316
0245A316
02453A16
024531A6
0251364A
0A251364
02A51364
025A1364
0251A364
02513A64
025136A4
02546138
08254613
02854613
02584613
02548613
02546813
02546183
0261453A
0A261453
02A61453
026A1453
0261A453
02614A53
026145A3
0263514A
0A263514
02A63514
026A3514
0263A514
02635A14
026351A4
0312564A
0A312564
03A12564
031A2564
0312A564
03125A64
031256A4
0316452A
0A316452
03A16452
031A6452
0316A452
03164A52
031645A2
0321465A
0A321465
03A21465
032A1465
0321A465
03214A65
032146A5
0326541A
0A326541
03A26541
032A6541
0326A541
03265A41
032654A1
0345261A
0A345261
03A45261
034A5261
0345A261
03452A61
034526A1
03461258
08346125
03846125
03486125
03468125
03461825
03461285
0354162A
0A354162
03A54162
035A4162
0354A162
03541A62
035416A2
03562148
08356214
03856214
03586214
03568214
03562814
03562184
0412653A
0A412653
04A12653
041A2653
0412A653
04126A53
041265A3
0415362A
0A415362
04A15362
041A5362
0415A362
04153A62
041536A2
04213568
08421356
04821356
04281356
04218356
04213856
04213586
04256318
08425631
04825631
04285631
04258631
04256831
04256381
04351268
08435126
04835126
04385126
04358126
04351826
04351286
04362518
08436251
04836251
04386251
04368251
04362851
04362581
0463152A
0A463152
04A63152
046A3152
0463A152
04631A52
046315A2
0465213A
0A465213
04A65213
046A5213
0465A213
04652A13
046521A3
0512346A
0A512346
05A12346
051A2346
0512A346
05123A46
051234A6
0514632A
0A514632
05A14632
051A4632
0514A632
05146A32
051463A2
05216438
08521643
05821643
05281643
05218643
05216843
05216483
0524361A
0A524361
05A24361
052A4361
0524A361
05243A61
052436A1
0534216A
0A534216
05A34216
053A4216
0534A216
05342A16
053421A6
05361428
08536142
05836142
05386142
05368142
05361842
05361482
0563241A
0A563241
05A63241
056A3241
0563A241
05632A41
056324A1
05641238
08564123
05864123
05684123
05648123
05641823
05641283
0612435A
0A612435
06A12435
061A2435
0612A435
06124A35
061243A5
0613542A
0A613542
06A13542
061A3542
0613A542
06135A42
061354A2
0621534A
0A621534
06A21534
062A1534
0621A534
06215A34
062153A4
06234518
08623451
06823451
06283451
06238451
06234851
06234581
0643215A
0A643215
06A43215
064A3215
0643A215
06432A15
064321A5
0645132A
0A645132
06A45132
064A5132
0645A132
06451A32
064513A2
0653124A
0A653124
06A53124
065A3124
0653A124
06531A24
065312A4
0654231A
0A654231
06A54231
065A4231
0654A231
06542A31
065423A1
